Todo,Difficulty,Type,Category,Rating,Political,Bit idea,Expanded Concept,Programmatic / Tech Steps,Notes / Risks,Outline Dialog/Steps,Assets Needed
1,Easy,Prep,Writing,G,No,"Write down roles, - father, dogowner, and things you love/hate, things you do in a week","Character-building homework, not a stage bit: lock in recurring roles (father, dog owner, commuter, gym guy...) plus love/hate lists and a week-in-the-life. Each role becomes a POV for bits, love/hate lists become rant material, and the weekly routine becomes relatable observations the screen-head can ""broadcast.""",No show tech needed. Keep a shared notes doc and tag each entry with a potential visual (dog owner -> dog-cam overlay on the face) so list items can be converted into app-button presets later.,Do it offstage - the payoff is material for every other row of this sheet. Review monthly and prune anything that never becomes a bit.,"OFFSTAGE. 1) Brainstorm roles (father, dog owner, commuter, gym guy...). 2) Love/hate lists. 3) Week-in-the-life timeline. 4) Tag each with a visual idea. SCREENS: none. LAUGH BREAKS: none - this is writing.",Shared notes doc; idea-tagging template (role -> visual preset name).
,Hard,Bit,Commercial,PG,No,"Drug commercial with Side effects, return with those on face, ""Thanks Certicort""","Full pharma-ad parody: HeadCase as the beaming spokesperson for Certicort. Cheerful pitch, then the fast-voiced disclaimer kicks in and each spoken side effect hits his TV face live - droopy-eye filter, pixel scramble, color inversion, slow spin - while he keeps smiling through it. Wraps on glassy sincerity: ""Thanks, Certicort.""","Pre-build 4-5 face-distortion filters, one app button each. Record the disclaimer VO with cue markers; rear screens run soft pharma b-roll (meadows, families, sunsets) that glitches in sync with each side effect. One macro fires the full sequence; keep manual buttons for live recovery.","VO-to-filter timing needs rehearsal. Cap at 4-5 distortions or it reads messy. Keep side effects absurd, not disturbing, to hold PG. Make sure the fake drug name doesn't collide with a real brand.","1) HeadCase beams as pitchman: happy-face + meadow b-roll (SCREEN: head happy filter, rear pharma b-roll). 2) Pitch 3 product benefits, each lands a small laugh. 3) FAST VO disclaimer starts (SCREEN: macro begins). 4) Each side effect = one face distortion: droopy eye -> pixel scramble -> color invert -> slow spin, hold each ~2s (LAUGH BREAK each). 5) Deeper voice side effect on the spin. 6) Snap back to beaming face: 'Thanks, Certicort.' (SCREEN: b-roll returns) - button ending, hold 3s.",4-5 face-distortion filters; disclaimer VO with cue markers; pharma b-roll (meadows/family/sunset); glitch SFX; macro wiring all cues; fake-drug logo card.
,Easy,Costume,Prop,G,No,"Headcase out of costume needs to wear a giant hat with an iad in it, or a regular hat with an phone above the bill","The screen-head ""turns off"" when he's off duty - so he wears substitute faces: a giant brim hat with an iPad strapped in looping a static face, or a ball cap with a phone clipped above the bill playing a bored-face video. Crowd realization: the TV never actually turns off.","iPad/phone mounted in or onto the hat, looping a pre-rendered face video (or a reactive face app). Lock brightness, disable auto-lock and notifications, hide a battery pack in the hat band. Optional Bluetooth trigger to tap-change faces.",Weight and heat - keep the rig under ~1.5 lb and ventilated. Mount above eye line so back rows can read it. Kill all notifications before showtime; nothing dies faster than a calendar ping on his forehead.,"OFFSTAGE build. 1) Mount device in hat, loop face video. 2) Walk-through test: weight, sight lines, heat. 3) IN SHOW: worn on entry/exit only; crowd realizes the 'off-duty head' is still a screen (LAUGH: the realization, no button needed).",Hat rig + mount; 1 looping face video (bored/deadpan); battery pack; notification lockdown checklist.
,Mid,Costume,Prop,PG,No,Headcase hats should have phones aoundthen like the sphere or a jumbotron called dumbotron,"Costume line: hats ringed with phones like Sphere Vegas or a stadium jumbotron - each phone shows one slice of a single giant face wrapping around the head. Official name: the Dumbotron. Debuts as an entrance gag, a crowd-wave bit, or a ""bigger HeadCase"" reveal.","Export one face video, slice it into N tiled clips matching each phone's position, and play them in sync (locked-start playlists on every phone, or one master trigger that starts them all). Optional: rear camera pass-through so the Dumbotron displays the crowd themselves.",Phone sync drifts over minutes - test a full show-length run before debuting. Borrowed devices mean battery + heat management. Start with 4-6 phones before committing to a full ring.,"1) Entrada: HatCase enters wearing the Dumbotron, master trigger starts all phones (SCREEN: one giant face sliced across tiles). 2) Face looks left/right - tiles follow (LAUGH BREAK). 3) Crowd-wave: face winks at sections of the room. 4) Optional: rear-cam pass-through - Dumbotron becomes the crowd (big LAUGH). 5) Exit line: 'Bigger venue, same brain.'",Face video sliced into N tile clips; sync-start playlists per phone; master trigger button; optional crowd-cam pass-through config; phone mounts + battery bank.
,Mid,Heckler,Callback,PG,No,"Mugshot background, now I recognize youki","Heckler fires, HeadCase snaps into booking mode: rear screens drop to a police height-chart, his face slams to ""NOW I RECOGNIZE YOU"" with a grayscale freeze-frame of the heckler from the audience cam, plus a lower-third: PERP - GUY IN ROW 3. One beat, big laugh, move on.",One button fires the preset: rear screen -> height-chart still; head -> audience-cam pass-through with grayscale grade + tap-to-freeze; text overlay hotkey for the PERP tag. Rehearse the crop/freeze on a stand-in so it's one clean motion live.,"Target selection is everything: friendly-looking repeat offenders only, never protected-class material. One beat maximum, then a cut-away button if the room turns. Confirm venue policy on filming the crowd.","1) Heckler fires (no screen change). 2) Beat - HeadCase slowly turns: 'Wait... now I recognize you.' 3) BUTTON: booking preset (SCREEN: rear height-chart, head grayscale freeze of heckler, PERP lower-third). 4) Hold 3-4s (LAUGH BREAK). 5) Reset button, back to material with: 'Anywho...' ",Height-chart backdrop image; audience-cam grayscale freeze preset; PERP lower-third template; booking SFX (camera click); reset button.
1,Easy,Gag,Opener,G,No,"Is this on, turn tv off, sight Gag","Classic tech-check opener. HeadCase taps his temple: ""Is this thing on?"" Offstage tech ""fixes"" it by switching the TV OFF - face goes black with a power icon, he stands deadpan in total silence... then the face pops back on color bars and he carries on like nothing happened.","Two app buttons: POWER OFF (full-black face + soft power-down chime, rear screens dim with it) and POWER ON (color bars / broadcast test pattern, then back to normal face). Hold the black beat 3-5 seconds. Bonus third beat: an ""auto-play next episode in 5..."" countdown before the face returns.","The silence is the joke - hold it, don't rush. Brief backstage not to touch real cues during the blackout. Check house-light spill so the deadpan reads from the back.","1) Walk out tapping temple: 'Is this thing on? Is the TV on?' (SCREEN: normal). 2) Offstage voice: 'Try turning it off and on again.' 3) BUTTON: face goes full black + power-down chime (SCREEN: black + tiny power icon; rear screens dim). 4) Total silence, deadpan - hold 3-5s (THE LAUGH BREAK). 5) BUTTON: color bars pop on (SCREEN: test pattern + tone). 6) Beat 2: 'Auto-play next episode in 5...' countdown. 7) Face returns mid-sentence, carry on like nothing happened.",Power-off face card (black + power icon); power-down chime; color-bars card + tone; 'auto-play next episode' countdown graphic; macro + manual overrides.
1,Mid,Gag,Interaction,G,No,Let watch something funny,"HeadCase announces ""let's watch something funny"" and flips his own face through channels: static, a fishing show, a cat video, an eternal loading spinner... then gives up, turns the face-cam on the audience - ""oh, this is good"" - and just watches them. The crowd becomes the content.",Button 1: channel-surf macro cycling static burst -> 2-3 licensed/stock clips -> loading spinner. Button 2: rear-facing camera pass-through so the audience sees themselves live on his screen. Keep camera latency under ~200ms so the mirror feels real.,Latency kills the mirror gag - test the full camera chain in the room. Crowd shots need camera gain for dim venues. Only use clips you actually have rights to (stock library or self-shot).,"1) 'Alright, let's watch something funny.' 2) Channel-surf macro: static burst -> fishing show (2s) -> cat video (2s) -> infomercial snippet (LAUGH BREAK) -> eternal loading spinner ('come on...'). 3) Give up: 'You know what? YOU'RE funny.' 4) BUTTON: face-cam mirrors audience (SCREEN: live crowd on his face, <200ms latency). 5) Just watch; react to real crowd moments (open LAUGH BREAK). 6) Out: 'This is a good one.'","Channel-surf clip stack (static, 2-3 licensed stock clips, spinner) + surf SFX; rear-facing camera + low-latency pass-through config; gain settings for dim rooms."
,Hard,Bit,Sketch,G,No,Talk to max headroom,"HeadCase gets a ""call"" from a Max Headroom-style glitch host - stuttering, smug, permanently interruption-prone - on the rear screens (or as a PIP window on HeadCase's own face). They bicker over who's the real TV head. Play it as homage: same glitch aesthetic, different name (e.g. ""Max Halftone"").","Pre-render 6-8 short character clips (stutter edit + glitch overlays + retro studio backdrop). Cut them as clean answers so HeadCase can trade lines live with rehearsed timing; each clip + glitch stinger sits on its own button. Rear screen for full-frame, head PIP for reaction shots.","IP/likeness: parody the style, never clone the name, voice, or exact look. Pre-taped timing can't recover from a flub - keep it 60-90 seconds. Always have an abort button (""sorry, he's breaking up - bad signal"").","1) Ringtone glitch: incoming 'call' (SCREEN: retro glitch UI). 2) Answer: Max Halftone stutters in on rear screen (SCREEN: full-frame character clip, retro studio backdrop). 3) Trade 4-5 rehearsed lines - who's the real TV head (LAUGH BREAK each trade). 4) He interrupts one of HeadCase's answers (glitch stinger). 5) HeadCase wins the feed: 'Bad signal, sorry.' Abort button if timing slips. 60-90s hard cap.",6-8 pre-rendered Halftone clips (stutter edit + glitch overlays + retro backdrop); glitch stinger SFX; bad-signal abort card; PIP layout for head reactions.
1,Easy,Bit,Audience,PG,No,"Kiss cam 2 guys, Audience Cam//Then kill Tony and Redban","Audience cam becomes the kiss cam and lands on two random guys who strategically refuse. Then the cam ""breaks"" and mutates into an amateur roast night: red stage wash, HeadCase as sidekick with a bucket (Redban energy), quick-hit roast of the two guys - ""what do you do for a living?"" - then out. Kill Tony energy without naming the brand.","Button 1: audience-cam pass-through + heart-frame overlay + kiss-cam jingle. Button 2: swap to red-wash grade + roast-show lower thirds; HeadCase's face shows an ""AMATEUR HOUR"" ticket stub. Rehearse target lock-on (crop/freeze) during the kiss-cam beat so the roast lands on the same two guys.","Works best with one seeded pair of willing pals in the crowd as a safety target. Roast material stays light: job, hometown, posture - never protected traits. Cap it at 2 minutes; the bit is the format, not the victims.","1) 'Let's check the kiss cam.' (SCREEN: audience-cam + heart frame + jingle). 2) Land on two guys - they refuse (LAUGH BREAK). 3) Zoom harder, they refuse harder. 4) 'Cam's broken... you know what this means.' 5) BUTTON: red wash + roast lower-thirds (SCREEN: AMATEUR HOUR package). 6) Quick-hit roast of the two guys: job/hometown/posture (2-3 laughs). 7) Out before 2 min: 'Give it up for my victims!'",Heart-frame overlay + kiss-cam jingle; audience-cam lock-on preset; red-wash grade; roast-show lower-third pack; 'AMATEUR HOUR' face graphic.
,Easy,Line,OneLiner,PG,No,Rather kill my self than commit suicide,"One-liner: Rather kill my self than commit suicide. Fire it as a quick hit between bits; flash a caption or stinger on the face to sell the beat, then keep moving.",Optional: flash the punchline as a lower-third caption after it lands. Delivery-only otherwise.,"SELF-HARM ADJACENT: workshop the phrasing hard - the punchline must hit the absurdity of the wording, never play as real ideation; drop it if the room is fragile.","1) Setup line delivers the premise (SCREEN: neutral face). 2) Punchline - land it, don't step on it. 3) Optional: flash caption of the punchline (SCREEN: lower-third) (LAUGH BREAK). 4) Move on.",Optional punchline caption (lower-third PNG). Delivery-only otherwise.
,Easy,Line,OneLiner,PG,No,Native Americans move back to India,"One-liner: Native Americans move back to India. Fire it as a quick hit between bits; flash a caption or stinger on the face to sell the beat, then keep moving.",Optional: flash the punchline as a lower-third caption after it lands. Delivery-only otherwise.,"Race material: high walk-out risk; target the flawed logic, not people; test in friendly rooms before headlining venues.","1) Setup line delivers the premise (SCREEN: neutral face). 2) Punchline - land it, don't step on it. 3) Optional: flash caption of the punchline (SCREEN: lower-third) (LAUGH BREAK). 4) Move on.",Optional punchline caption (lower-third PNG). Delivery-only otherwise.
,Easy,Logic,OneLiner,G,No,July 4 happy 2016 birthday,Flawed-logic bit: the joke is the broken reasoning in 'July 4 happy 2016 birthday'. Let the screen 'fact-check' it with a correction graphic - the correction is the punchline.,"Build as a macro: 2-4 button presses in sequence (premise visual, escalation, button ending). Manual fallback for each step.",Rehearse cue timing; keep a cut-away button if the room turns.,1) Deliver the flawed statement straight (SCREEN: neutral). 2) Beat - let it sit. 3) SCREEN: 'fact-check' correction graphic fires - the correction is the punchline (LAUGH BREAK). 4) Deadpan: '...good to know.' Move on.,Holiday graphic pack; themed music cue; balloon/party SFX.
,Easy,Info,Housekeeping,G,No,"Credits like YouTube naming all other web identities, subscribe, comment, etc","Audience-facing housekeeping: Credits like YouTube naming all other web identities, subscribe, comment, etc. Low lift, keeps the show feeling like a broadcast channel instead of a stand-up set.",Static graphic package on the face/rear screens; swap via one button.,Keep it snappy; housekeeping shouldn't feel like a bit that stalls.,"1) Announce it in one line. 2) SCREEN: graphic package up (subscribe/follow cards). 3) 10-15 seconds max, no bit - this is housekeeping. 4) Swap down (SCREEN: reset).",Static graphic package (face + rear); one-button swap.
,Easy,Gag,Visual,PG,No,Show bigger orange gun free zone signs #flawedlogic,"Quick gag: Show bigger orange gun free zone signs #flawedlogic. Plays fast - the button fires the visual, the reaction shot lands it, move on.",One app button fires the visual + SFX together; keep a neutral-face reset button next to it.,"Gun material: keep it cartoonish, zero realistic mimicry; venues and insurers are touchy.","1) Silent setup - just look at the crowd (SCREEN: neutral). 2) BUTTON: visual fires (SCREEN: gag visual + SFX). 3) Reaction shot - hold (LAUGH BREAK 3-5s). 4) Reset face, move on.",1 visual card/PNG or short clip + 1 SFX; bound to a single button.
,Easy,Device,Game,G,No,Play games,"Tooling, not a bit on its own: Play games. Build it into the control panel once and it quietly powers other rows; test in an empty room before relying on it live.","Game-show package: scoreboard overlay, lock-in buzzer SFX, board graphics on rear screens; contestant buttons mirror the app.","Failure modes: test in an empty room, keep a manual fallback.","BUILD, not stage time. 1) Spec the feature. 2) Implement + unit-test in empty room. 3) Latency + failure-mode drill (SCREEN: n/a). 4) Document the button mapping. No laugh breaks - it powers other bits.",Control-panel config; latency/failure test checklist; manual fallback.
,Easy,Device,Tooling,G,No,Joke round,"Tooling, not a bit on its own: Joke round. Build it into the control panel once and it quietly powers other rows; test in an empty room before relying on it live.",Add to the control panel; test latency and failure modes in an empty room. Keep a manual fallback.,"Failure modes: test in an empty room, keep a manual fallback.","BUILD, not stage time. 1) Spec the feature. 2) Implement + unit-test in empty room. 3) Latency + failure-mode drill (SCREEN: n/a). 4) Document the button mapping. No laugh breaks - it powers other bits.",Control-panel config; latency/failure test checklist; manual fallback.
1,Easy,Gag,SciFi,G,No,Brain freeze,"Quick gag: Brain freeze. Plays fast - the button fires the visual, the reaction shot lands it, move on.",One app button fires the visual + SFX together; keep a neutral-face reset button next to it.,One beat maximum - gags die when they linger.,"1) Silent setup - just look at the crowd (SCREEN: neutral). 2) BUTTON: visual fires (SCREEN: gag visual + SFX). 3) Reaction shot - hold (LAUGH BREAK 3-5s). 4) Reset face, move on.",1 visual card/PNG or short clip + 1 SFX; bound to a single button.
1,Easy,Gag,SciFi,G,No,Solitaire winning screen,"Quick gag: Solitaire winning screen. Plays fast - the button fires the visual, the reaction shot lands it, move on.",One app button fires the visual + SFX together; keep a neutral-face reset button next to it.,"IP/likeness caution: parody hard, don't clone names/voices/logos verbatim; pre-cleared or self-made assets only.","1) Silent setup - just look at the crowd (SCREEN: neutral). 2) BUTTON: visual fires (SCREEN: gag visual + SFX). 3) Reaction shot - hold (LAUGH BREAK 3-5s). 4) Reset face, move on.",1 visual card/PNG or short clip + 1 SFX; bound to a single button.
1,Easy,Gag,Visual,G,No,Lie detector,"Quick gag: Lie detector. Plays fast - the button fires the visual, the reaction shot lands it, move on.","Lie-detector UI: animated polygraph trace overlay, spikes on punchlines, bleep SFX; trigger spikes manually.",One beat maximum - gags die when they linger.,"1) Silent setup - just look at the crowd (SCREEN: neutral). 2) BUTTON: visual fires (SCREEN: gag visual + SFX). 3) Reaction shot - hold (LAUGH BREAK 3-5s). 4) Reset face, move on.",Polygraph trace animation (manual spike trigger); bleep/spike SFX.
1,Easy,Gag,Visual,G,No,"Multiple reminders to be funny, screen, watch, phone","Button gag: Multiple reminders to be funny, screen, watch, phone. Plays fast - the button fires the visual, the reaction shot lands it, move on.",One app button fires the visual + SFX together; keep a neutral-face reset button next to it.,One beat maximum - gags die when they linger.,"1) React to a real moment in the room (SCREEN: neutral). 2) BUTTON: visual fires (SCREEN: gag visual + SFX). 3) Reaction shot - hold (LAUGH BREAK 3-5s). 4) Reset face, move on.",1 visual card/PNG or short clip + 1 SFX; bound to a single button.
1,Easy,Gag,Visual,G,No,We are experiencing technical difficulties,"Quick gag: We are experiencing technical difficulties. Plays fast - the button fires the visual, the reaction shot lands it, move on.","System-glitch presets: BSOD, buffering wheel, test-pattern - each on its own button with matching SFX; face restores with a reboot chime.",One beat maximum - gags die when they linger.,"1) Silent setup - just look at the crowd (SCREEN: neutral). 2) BUTTON: visual fires (SCREEN: gag visual + SFX). 3) Reaction shot - hold (LAUGH BREAK 3-5s). 4) Reset face, move on.",BSOD card; buffering spinner animation; color-bars card; power-down + reboot chimes.
,Easy,Bit,Audience,G,No,Audience member shoots zombies attacking me,"Full bit: Audience member shoots zombies attacking me. Structure: screen sells the premise, escalation beat, button ending. Give it 1-2 minutes max and a hard out.","Audience-cam pass-through to head/rear screens; rehearse crop/freeze on a stand-in, keep latency under ~200ms. + Action-loop preset: rear screens run the attack/game clip, head shows game HUD; choreograph safe directions, nothing real gets fired.",Rehearse cue timing; keep a cut-away button if the room turns.,"1) SETUP: premise line (SCREEN: premise visual). 2) ESCALATE: 2-3 beats, each a screen change (SCREEN: beat cards/clips) with a laugh break after each. 3) TURN: the surprise beat (SCREEN: switcboard flip). 4) BUTTON ENDING: punchline + button visual (SCREEN: button card) - hold 3s. 5) Hard out, next bit.",Zombie/attack loop clip (green-screen elements); game-HUD overlay; hit SFX; direction choreography note.
1,Hard,Bit,History,PG,No,"Comedytron 3000, and then time travel standup thru history.","Developed bit: Comedytron 3000, and then time travel standup thru history.. Structure: screen sells the premise, escalation beat, button ending. Give it 1-2 minutes max and a hard out.","Build as a macro: 2-4 button presses in sequence (premise visual, escalation, button ending). Manual fallback for each step.",Rehearse cue timing; keep a cut-away button if the room turns.,"1) SETUP: premise line (SCREEN: premise visual). 2) ESCALATE: 2-3 beats, each a screen change (SCREEN: beat cards/clips) with a laugh break after each. 3) TURN: the surprise beat (SCREEN: switcboard flip). 4) BUTTON ENDING: punchline + button visual (SCREEN: button card) - hold 3s. 5) Hard out, next bit.",3-5 graphics/clips + SFX pack; macro wiring; manual fallback for each beat.
1,Easy,Gag,Audience,G,No,Show audience webcam on formheadcase and formbackground,"Sight gag: Show audience webcam on formheadcase and formbackground. Plays fast - the button fires the visual, the reaction shot lands it, move on.","Audience-cam pass-through to head/rear screens; rehearse crop/freeze on a stand-in, keep latency under ~200ms.",One beat maximum - gags die when they linger.,"1) Quick setup line (SCREEN: neutral). 2) BUTTON: visual fires (SCREEN: gag visual + SFX). 3) Reaction shot - hold (LAUGH BREAK 3-5s). 4) Reset face, move on.",Audience-cam feed config; crop/freeze preset; optional grade LUT (grayscale/heart frame).
,Mid,Bit,Sketch,G,No,Make the screen look like my desktop then open stuff that are leftover jokes,"Set piece: Make the screen look like my desktop then open stuff that are leftover jokes. Structure: screen sells the premise, escalation beat, button ending. Give it 1-2 minutes max and a hard out.","Build as a macro: 2-4 button presses in sequence (premise visual, escalation, button ending). Manual fallback for each step.",Rehearse cue timing; keep a cut-away button if the room turns.,"1) SETUP: premise line (SCREEN: premise visual). 2) ESCALATE: 2-3 beats, each a screen change (SCREEN: beat cards/clips) with a laugh break after each. 3) TURN: the surprise beat (SCREEN: switcboard flip). 4) BUTTON ENDING: punchline + button visual (SCREEN: button card) - hold 3s. 5) Hard out, next bit.",3-5 graphics/clips + SFX pack; macro wiring; manual fallback for each beat.
,Easy,Line,OneLiner,G,No,Line- little too much screen time,"One-liner: Line- little too much screen time. Fire it as a quick hit between bits; flash a caption or stinger on the face to sell the beat, then keep moving.",Optional: flash the punchline as a lower-third caption after it lands. Delivery-only otherwise.,Delivery-only; adjust to room temperature on the fly.,"1) Setup line delivers the premise (SCREEN: neutral face). 2) Punchline - land it, don't step on it. 3) Optional: flash caption of the punchline (SCREEN: lower-third) (LAUGH BREAK). 4) Move on.",Optional punchline caption (lower-third PNG). Delivery-only otherwise.
2,Easy,Bit,Sketch,G,No,This is your life with person in front of a green screen,"Developed bit: This is your life with person in front of a green screen. Structure: screen sells the premise, escalation beat, button ending. Give it 1-2 minutes max and a hard out.",Green-screen preset: chroma-key the head (bib/backdrop); check spill and key edges under stage lights before show.,Rehearse cue timing; keep a cut-away button if the room turns.,"1) SETUP: premise line (SCREEN: premise visual). 2) ESCALATE: 2-3 beats, each a screen change (SCREEN: beat cards/clips) with a laugh break after each. 3) TURN: the surprise beat (SCREEN: switcboard flip). 4) BUTTON ENDING: punchline + button visual (SCREEN: button card) - hold 3s. 5) Hard out, next bit.",Green bib/backdrop (physical); chroma-key preset tuned under stage lights; background plate library.
1,Easy,Bit,Game,G,No,"Game show network. Family feud, etc","Full bit: Game show network. Family feud, etc. Structure: screen sells the premise, escalation beat, button ending. Give it 1-2 minutes max and a hard out.","Game-show package: scoreboard overlay, lock-in buzzer SFX, board graphics on rear screens; contestant buttons mirror the app.",Rehearse cue timing; keep a cut-away button if the room turns.,"1) SETUP: premise line (SCREEN: premise visual). 2) ESCALATE: 2-3 beats, each a screen change (SCREEN: beat cards/clips) with a laugh break after each. 3) TURN: the surprise beat (SCREEN: switcboard flip). 4) BUTTON ENDING: punchline + button visual (SCREEN: button card) - hold 3s. 5) Hard out, next bit.",Scoreboard overlay; buzzer/lock-in SFX; board/category graphics; contestant app config.
,Easy,Bit,Audience,G,No,Audience member does live reporter spot in front of green screen with WebCam and Teleprompter,"Set piece: Audience member does live reporter spot in front of green screen with WebCam and Teleprompter. Structure: screen sells the premise, escalation beat, button ending. Give it 1-2 minutes max and a hard out.","Green-screen preset: chroma-key the head (bib/backdrop); check spill and key edges under stage lights before show. + Audience-cam pass-through to head/rear screens; rehearse crop/freeze on a stand-in, keep latency under ~200ms. + Breaking-news package: urgent sting, lower-thirds, ticker on rear screens; head anchors with suit graphic. Abort button restores normal face.",Rehearse cue timing; keep a cut-away button if the room turns.,"1) SETUP: premise line (SCREEN: premise visual). 2) ESCALATE: 2-3 beats, each a screen change (SCREEN: beat cards/clips) with a laugh break after each. 3) TURN: the surprise beat (SCREEN: switcboard flip). 4) BUTTON ENDING: punchline + button visual (SCREEN: button card) - hold 3s. 5) Hard out, next bit.",News sting SFX; lower-third template pack; ticker graphic; anchor-suit face card; ABORT card. Green bib/backdrop (physical); chroma-key preset tuned under stage lights; background plate library. Audience-cam feed config; crop/freeze preset; optional grade LUT (grayscale/heart frame).
,Hard,Bit,Audience,G,No,Audience does first interview with face transplant recipient who has his face,"Full bit: Audience does first interview with face transplant recipient who has his face. Structure: screen sells the premise, escalation beat, button ending. Give it 1-2 minutes max and a hard out.","Build as a macro: 2-4 button presses in sequence (premise visual, escalation, button ending). Manual fallback for each step.","Identity material: punch at the absurdity or the power, never at the people; expect walk-outs if it reads mean.","1) SETUP: premise line (SCREEN: premise visual). 2) ESCALATE: 2-3 beats, each a screen change (SCREEN: beat cards/clips) with a laugh break after each. 3) TURN: the surprise beat (SCREEN: switcboard flip). 4) BUTTON ENDING: punchline + button visual (SCREEN: button card) - hold 3s. 5) Hard out, next bit.",3-5 graphics/clips + SFX pack; macro wiring; manual fallback for each beat.
,Easy,Line,Commercial,G,No,I made my own show. Who's not laughing now.,"One-liner: I made my own show. Who's not laughing now.. Fire it as a quick hit between bits; flash a caption or stinger on the face to sell the beat, then keep moving.",Optional: flash the punchline as a lower-third caption after it lands. Delivery-only otherwise.,Delivery-only; adjust to room temperature on the fly.,"1) Setup line delivers the premise (SCREEN: neutral face). 2) Punchline - land it, don't step on it. 3) Optional: flash caption of the punchline (SCREEN: lower-third) (LAUGH BREAK). 4) Move on.",Optional punchline caption (lower-third PNG). Delivery-only otherwise.
,Easy,Bit,History,G,No,Where are they now. Using audience members on cam.,"Set piece: Where are they now. Using audience members on cam.. Structure: screen sells the premise, escalation beat, button ending. Give it 1-2 minutes max and a hard out.","Audience-cam pass-through to head/rear screens; rehearse crop/freeze on a stand-in, keep latency under ~200ms. + Music cue stack: backing track + on-screen lyrics (bouncing ball where noted); lighting macro per song, out on the final sting.",Rehearse cue timing; keep a cut-away button if the room turns.,"1) SETUP: premise line (SCREEN: premise visual). 2) ESCALATE: 2-3 beats, each a screen change (SCREEN: beat cards/clips) with a laugh break after each. 3) TURN: the surprise beat (SCREEN: switcboard flip). 4) BUTTON ENDING: punchline + button visual (SCREEN: button card) - hold 3s. 5) Hard out, next bit.",Backing track (custom/licensed); lyric overlay template; bouncing-ball animation; song lighting macro; final sting SFX.
1,Easy,Bit,Commercial,G,No,"Channel surfing. Comes across Friends(do chandler line), Then karate movie(do bad dub)","Set piece: Channel surfing. Comes across Friends(do chandler line), Then karate movie(do bad dub). Structure: screen sells the premise, escalation beat, button ending. Give it 1-2 minutes max and a hard out.","Build as a macro: 2-4 button presses in sequence (premise visual, escalation, button ending). Manual fallback for each step.","IP/likeness caution: parody hard, don't clone names/voices/logos verbatim; pre-cleared or self-made assets only.","1) SETUP: premise line (SCREEN: premise visual). 2) ESCALATE: 2-3 beats, each a screen change (SCREEN: beat cards/clips) with a laugh break after each. 3) TURN: the surprise beat (SCREEN: switcboard flip). 4) BUTTON ENDING: punchline + button visual (SCREEN: button card) - hold 3s. 5) Hard out, next bit.",3-5 graphics/clips + SFX pack; macro wiring; manual fallback for each beat.
,Hard,Bit,Commercial,G,No,First head transplant. Excuse me. Rotate heads.,"Full bit: First head transplant. Excuse me. Rotate heads.. Structure: screen sells the premise, escalation beat, button ending. Give it 1-2 minutes max and a hard out.","Build as a macro: 2-4 button presses in sequence (premise visual, escalation, button ending). Manual fallback for each step.","Identity material: punch at the absurdity or the power, never at the people; expect walk-outs if it reads mean.","1) SETUP: premise line (SCREEN: premise visual). 2) ESCALATE: 2-3 beats, each a screen change (SCREEN: beat cards/clips) with a laugh break after each. 3) TURN: the surprise beat (SCREEN: switcboard flip). 4) BUTTON ENDING: punchline + button visual (SCREEN: button card) - hold 3s. 5) Hard out, next bit.",3-5 graphics/clips + SFX pack; macro wiring; manual fallback for each beat.
,Easy,Bit,Audience,G,No,Make a slideshow with audience and head case pictures play too sentimental music at the end,"Developed bit: Make a slideshow with audience and head case pictures play too sentimental music at the end. Structure: screen sells the premise, escalation beat, button ending. Give it 1-2 minutes max and a hard out.","Game-show package: scoreboard overlay, lock-in buzzer SFX, board graphics on rear screens; contestant buttons mirror the app.",Rehearse cue timing; keep a cut-away button if the room turns.,"1) SETUP: premise line (SCREEN: premise visual). 2) ESCALATE: 2-3 beats, each a screen change (SCREEN: beat cards/clips) with a laugh break after each. 3) TURN: the surprise beat (SCREEN: switcboard flip). 4) BUTTON ENDING: punchline + button visual (SCREEN: button card) - hold 3s. 5) Hard out, next bit.",3-5 graphics/clips + SFX pack; macro wiring; manual fallback for each beat.
1,Easy,Gag,Visual,G,No,"Comedy scoreboard. Me-1, You-0","Sight gag: Comedy scoreboard. Me-1, You-0. Plays fast - the button fires the visual, the reaction shot lands it, move on.","Game-show package: scoreboard overlay, lock-in buzzer SFX, board graphics on rear screens; contestant buttons mirror the app.",One beat maximum - gags die when they linger.,"1) Quick setup line (SCREEN: neutral). 2) BUTTON: visual fires (SCREEN: gag visual + SFX). 3) Reaction shot - hold (LAUGH BREAK 3-5s). 4) Reset face, move on.",Scoreboard overlay; buzzer/lock-in SFX; board/category graphics; contestant app config.
,Easy,Gag,Visual,G,No,Accidentally butt dial somebody and listen in,"Quick gag: Accidentally butt dial somebody and listen in. Plays fast - the button fires the visual, the reaction shot lands it, move on.","Fake-call UI overlay (FaceTime/Zoom style): ringtone SFX, answer/decline buttons, pre-recorded caller clips cut as clean answers on their own buttons.",One beat maximum - gags die when they linger.,"1) Silent setup - just look at the crowd (SCREEN: neutral). 2) BUTTON: visual fires (SCREEN: gag visual + SFX). 3) Reaction shot - hold (LAUGH BREAK 3-5s). 4) Reset face, move on.","Fake-call UI overlay (PSD); ringtone SFX; 3-5 pre-recorded caller clips (15-30s each, cut as clean answers); FaceTime-style UI soundbed."
,Easy,Gag,Game,PG,No,Drinking game,"Quick gag: Drinking game. Plays fast - the button fires the visual, the reaction shot lands it, move on.","Game-show package: scoreboard overlay, lock-in buzzer SFX, board graphics on rear screens; contestant buttons mirror the app.",One beat maximum - gags die when they linger.,"1) Silent setup - just look at the crowd (SCREEN: neutral). 2) BUTTON: visual fires (SCREEN: gag visual + SFX). 3) Reaction shot - hold (LAUGH BREAK 3-5s). 4) Reset face, move on.",1 visual card/PNG or short clip + 1 SFX; bound to a single button.
2,Mid,Bit,Tech-Call,G,No,Zoom in look inside my head,"Set piece: Zoom in look inside my head. Structure: screen sells the premise, escalation beat, button ending. Give it 1-2 minutes max and a hard out.","Fake-call UI overlay (FaceTime/Zoom style): ringtone SFX, answer/decline buttons, pre-recorded caller clips cut as clean answers on their own buttons.",Rehearse cue timing; keep a cut-away button if the room turns.,"1) SETUP: premise line (SCREEN: premise visual). 2) ESCALATE: 2-3 beats, each a screen change (SCREEN: beat cards/clips) with a laugh break after each. 3) TURN: the surprise beat (SCREEN: switcboard flip). 4) BUTTON ENDING: punchline + button visual (SCREEN: button card) - hold 3s. 5) Hard out, next bit.","Fake-call UI overlay (PSD); ringtone SFX; 3-5 pre-recorded caller clips (15-30s each, cut as clean answers); FaceTime-style UI soundbed."
2,Hard,Bit,Music,G,No,Parody song,"Developed bit: Parody song. Structure: screen sells the premise, escalation beat, button ending. Give it 1-2 minutes max and a hard out.","Music cue stack: backing track + on-screen lyrics (bouncing ball where noted); lighting macro per song, out on the final sting.",Rehearse cue timing; keep a cut-away button if the room turns.,"1) SETUP: premise line (SCREEN: premise visual). 2) ESCALATE: 2-3 beats, each a screen change (SCREEN: beat cards/clips) with a laugh break after each. 3) TURN: the surprise beat (SCREEN: switcboard flip). 4) BUTTON ENDING: punchline + button visual (SCREEN: button card) - hold 3s. 5) Hard out, next bit.",Backing track (custom/licensed); lyric overlay template; bouncing-ball animation; song lighting macro; final sting SFX.
,Hard,Bit,Sketch,G,No,Do a medley of face swap celebrity,"Set piece: Medley of face swap celebrity. Structure: screen sells the premise, escalation beat, button ending. Give it 1-2 minutes max and a hard out.","Face-filter stack: each filter on its own app button, cycle order rehearsed; camera-tracked filters need good front-light on the head.",Rehearse cue timing; keep a cut-away button if the room turns.,"1) SETUP: premise line (SCREEN: premise visual). 2) ESCALATE: 2-3 beats, each a screen change (SCREEN: beat cards/clips) with a laugh break after each. 3) TURN: the surprise beat (SCREEN: switcboard flip). 4) BUTTON ENDING: punchline + button visual (SCREEN: button card) - hold 3s. 5) Hard out, next bit.",Face-filter pack (list per bit); head-tracking calibration; front-light note.
,Hard,Bit,History,PG,No,Do I medley of comedy routine,"Developed bit: Do I medley of comedy routine. Structure: screen sells the premise, escalation beat, button ending. Give it 1-2 minutes max and a hard out.","Build as a macro: 2-4 button presses in sequence (premise visual, escalation, button ending). Manual fallback for each step.",Rehearse cue timing; keep a cut-away button if the room turns.,"1) SETUP: premise line (SCREEN: premise visual). 2) ESCALATE: 2-3 beats, each a screen change (SCREEN: beat cards/clips) with a laugh break after each. 3) TURN: the surprise beat (SCREEN: switcboard flip). 4) BUTTON ENDING: punchline + button visual (SCREEN: button card) - hold 3s. 5) Hard out, next bit.",3-5 graphics/clips + SFX pack; macro wiring; manual fallback for each beat.
1,Easy,Gag,Visual,G,No,"Clap on, clap off","Sight gag: Clap on, clap off. Plays fast - the button fires the visual, the reaction shot lands it, move on.",One app button fires the visual + SFX together; keep a neutral-face reset button next to it.,One beat maximum - gags die when they linger.,"1) Quick setup line (SCREEN: neutral). 2) BUTTON: visual fires (SCREEN: gag visual + SFX). 3) Reaction shot - hold (LAUGH BREAK 3-5s). 4) Reset face, move on.",1 visual card/PNG or short clip + 1 SFX; bound to a single button.
,Easy,Dance Break,Music,G,No,Have my had to be the bouncing ball for karaoke,"Dance break: Have my had to be the bouncing ball for karaoke. High-energy reset between bits - screens carry the visuals/lyrics, performer sells the moves, out before it wears out.","Music cue stack: backing track + on-screen lyrics (bouncing ball where noted); lighting macro per song, out on the final sting.","High energy, short window - 30-60 seconds max.",1) Music fires (SCREEN: title card + lighting macro). 2) 30-45s of moves; screens carry lyrics/visuals (SCREEN: lyric loop) - laugh breaks land on each section change. 3) Final pose on the sting (SCREEN: freeze/stamp). 4) Out fast - don't wear it out.,Backing track (custom/licensed); lyric overlay template; bouncing-ball animation; song lighting macro; final sting SFX.
2,Easy,Bit,Game,G,No,Go into video game world like wreck it Ralph and also head on a mine craft character,"Full bit: Go into video game world like wreck it Ralph and also head on a mine craft character. Structure: screen sells the premise, escalation beat, button ending. Give it 1-2 minutes max and a hard out.","Game-show package: scoreboard overlay, lock-in buzzer SFX, board graphics on rear screens; contestant buttons mirror the app.","IP/likeness caution: parody hard, don't clone names/voices/logos verbatim; pre-cleared or self-made assets only.","1) SETUP: premise line (SCREEN: premise visual). 2) ESCALATE: 2-3 beats, each a screen change (SCREEN: beat cards/clips) with a laugh break after each. 3) TURN: the surprise beat (SCREEN: switcboard flip). 4) BUTTON ENDING: punchline + button visual (SCREEN: button card) - hold 3s. 5) Hard out, next bit.",3-5 graphics/clips + SFX pack; macro wiring; manual fallback for each beat.
1,Easy,Gag,Visual,G,No,Pull old jokes out of the recycle bin,"Button gag: Pull old jokes out of the recycle bin. Plays fast - the button fires the visual, the reaction shot lands it, move on.",One app button fires the visual + SFX together; keep a neutral-face reset button next to it.,One beat maximum - gags die when they linger.,"1) React to a real moment in the room (SCREEN: neutral). 2) BUTTON: visual fires (SCREEN: gag visual + SFX). 3) Reaction shot - hold (LAUGH BREAK 3-5s). 4) Reset face, move on.",1 visual card/PNG or short clip + 1 SFX; bound to a single button.
2,Easy,Bit,Sketch,G,No,Tell knock knock jokes by having someone open a door and say who's there,"Full bit: Tell knock knock jokes by having someone open a door and say who's there. Structure: screen sells the premise, escalation beat, button ending. Give it 1-2 minutes max and a hard out.","Build as a macro: 2-4 button presses in sequence (premise visual, escalation, button ending). Manual fallback for each step.",Rehearse cue timing; keep a cut-away button if the room turns.,"1) SETUP: premise line (SCREEN: premise visual). 2) ESCALATE: 2-3 beats, each a screen change (SCREEN: beat cards/clips) with a laugh break after each. 3) TURN: the surprise beat (SCREEN: switcboard flip). 4) BUTTON ENDING: punchline + button visual (SCREEN: button card) - hold 3s. 5) Hard out, next bit.",3-5 graphics/clips + SFX pack; macro wiring; manual fallback for each beat.
,Mid,Bit,Tech-Call,G,No,Zoom in thru mouth to show what I had for dinner,"Set piece: Zoom in thru mouth to show what I had for dinner. Structure: screen sells the premise, escalation beat, button ending. Give it 1-2 minutes max and a hard out.","Fake-call UI overlay (FaceTime/Zoom style): ringtone SFX, answer/decline buttons, pre-recorded caller clips cut as clean answers on their own buttons.",Rehearse cue timing; keep a cut-away button if the room turns.,"1) SETUP: premise line (SCREEN: premise visual). 2) ESCALATE: 2-3 beats, each a screen change (SCREEN: beat cards/clips) with a laugh break after each. 3) TURN: the surprise beat (SCREEN: switcboard flip). 4) BUTTON ENDING: punchline + button visual (SCREEN: button card) - hold 3s. 5) Hard out, next bit.","Fake-call UI overlay (PSD); ringtone SFX; 3-5 pre-recorded caller clips (15-30s each, cut as clean answers); FaceTime-style UI soundbed."
,Easy,Bit,Sketch,G,No,"Flip between YouTube , fb live, periscope video live. Have a conversation with commenters","Developed bit: Flip between YouTube , fb live, periscope video live. Have a conversation with commenters. Structure: screen sells the premise, escalation beat, button ending. Give it 1-2 minutes max and a hard out.","Build as a macro: 2-4 button presses in sequence (premise visual, escalation, button ending). Manual fallback for each step.",Rehearse cue timing; keep a cut-away button if the room turns.,"1) SETUP: premise line (SCREEN: premise visual). 2) ESCALATE: 2-3 beats, each a screen change (SCREEN: beat cards/clips) with a laugh break after each. 3) TURN: the surprise beat (SCREEN: switcboard flip). 4) BUTTON ENDING: punchline + button visual (SCREEN: button card) - hold 3s. 5) Hard out, next bit.",3-5 graphics/clips + SFX pack; macro wiring; manual fallback for each beat.
2,Easy,Gag,Commercial,G,No,Swat a bee or kill a fly going around my head,"Button gag: Swat a bee or kill a fly going around my head. Plays fast - the button fires the visual, the reaction shot lands it, move on.",One app button fires the visual + SFX together; keep a neutral-face reset button next to it.,One beat maximum - gags die when they linger.,"1) React to a real moment in the room (SCREEN: neutral). 2) BUTTON: visual fires (SCREEN: gag visual + SFX). 3) Reaction shot - hold (LAUGH BREAK 3-5s). 4) Reset face, move on.",Animated bug overlay (loops around head); swat/zip SFX.
1,Easy,Gag,Visual,G,No,Swear on the bible app,"Button gag: Swear on the bible app. Plays fast - the button fires the visual, the reaction shot lands it, move on.",Green-screen preset: chroma-key the head (bib/backdrop); check spill and key edges under stage lights before show.,"Religious material: land the punchline on the situation, not the faith; expect some walk-outs either direction.","1) React to a real moment in the room (SCREEN: neutral). 2) BUTTON: visual fires (SCREEN: gag visual + SFX). 3) Reaction shot - hold (LAUGH BREAK 3-5s). 4) Reset face, move on.",Green bib/backdrop (physical); chroma-key preset tuned under stage lights; background plate library. Church backdrop plate; choir/organ sting; smart-script review.
1,Easy,Gag,Visual,G,No,"Think happy thoughts, backgrounds of puppies etc","Sight gag: Think happy thoughts, backgrounds of puppies etc. Plays fast - the button fires the visual, the reaction shot lands it, move on.",One app button fires the visual + SFX together; keep a neutral-face reset button next to it.,One beat maximum - gags die when they linger.,"1) Quick setup line (SCREEN: neutral). 2) BUTTON: visual fires (SCREEN: gag visual + SFX). 3) Reaction shot - hold (LAUGH BREAK 3-5s). 4) Reset face, move on.",1 visual card/PNG or short clip + 1 SFX; bound to a single button.
,Easy,Gag,Visual,G,No,While trying turn off the power so the screen goes black,"Sight gag: While trying turn off the power so the screen goes black. Plays fast - the button fires the visual, the reaction shot lands it, move on.",Power/battery presets: dim-to-black with power-down SFX; restore via color-bars beat so the blackout reads intentional.,One beat maximum - gags die when they linger.,"1) Quick setup line (SCREEN: neutral). 2) BUTTON: visual fires (SCREEN: gag visual + SFX). 3) Reaction shot - hold (LAUGH BREAK 3-5s). 4) Reset face, move on.",Battery-low banner; dim-to-black preset; power-down chime; restore color-bars beat.
1,Easy,Gag,Audience,G,No,"If the audience reacts badly turn off the TV saying no more screen time, then tell some jokes about pictures they're not seeing on the screen","Quick gag: If the audience reacts badly turn off the TV saying no more screen time, then tell some jokes about pictures they're not seeing on the screen. Plays fast - the button fires the visual, the reaction shot lands it, move on.",One app button fires the visual + SFX together; keep a neutral-face reset button next to it.,One beat maximum - gags die when they linger.,"1) Silent setup - just look at the crowd (SCREEN: neutral). 2) BUTTON: visual fires (SCREEN: gag visual + SFX). 3) Reaction shot - hold (LAUGH BREAK 3-5s). 4) Reset face, move on.",Battery-low banner; dim-to-black preset; power-down chime; restore color-bars beat.
,Easy,Gag,Commercial,G,No,"Head case chant(with head and case flashing words on screen). Maybe mixed with other words(red face, etc)","Sight gag: Head case chant(with head and case flashing words on screen). Maybe mixed with other words(red face, etc). Plays fast - the button fires the visual, the reaction shot lands it, move on.",One app button fires the visual + SFX together; keep a neutral-face reset button next to it.,One beat maximum - gags die when they linger.,"1) Quick setup line (SCREEN: neutral). 2) BUTTON: visual fires (SCREEN: gag visual + SFX). 3) Reaction shot - hold (LAUGH BREAK 3-5s). 4) Reset face, move on.",1 visual card/PNG or short clip + 1 SFX; bound to a single button.
1,Easy,Gag,Visual,G,No,"Battling chants(taste great, less filling for instance) with arrows and words flashing","Button gag: Battling chants(taste great, less filling for instance) with arrows and words flashing. Plays fast - the button fires the visual, the reaction shot lands it, move on.",One app button fires the visual + SFX together; keep a neutral-face reset button next to it.,One beat maximum - gags die when they linger.,"1) React to a real moment in the room (SCREEN: neutral). 2) BUTTON: visual fires (SCREEN: gag visual + SFX). 3) Reaction shot - hold (LAUGH BREAK 3-5s). 4) Reset face, move on.",1 visual card/PNG or short clip + 1 SFX; bound to a single button.
,Easy,Line,OneLiner,G,No,"In looking at clips if there is a tv, say ""there I am ""","One-liner: In looking at clips if there is a tv, say ""there I am "". Fire it as a quick hit between bits; flash a caption or stinger on the face to sell the beat, then keep moving.",Optional: flash the punchline as a lower-third caption after it lands. Delivery-only otherwise.,Delivery-only; adjust to room temperature on the fly.,"1) Setup line delivers the premise (SCREEN: neutral face). 2) Punchline - land it, don't step on it. 3) Optional: flash caption of the punchline (SCREEN: lower-third) (LAUGH BREAK). 4) Move on.",Optional punchline caption (lower-third PNG). Delivery-only otherwise.
,Easy,Gag,Commercial,G,No,Get my head up on the Jumbotron in time square,"Sight gag: Get my head up on the Jumbotron in time square. Plays fast - the button fires the visual, the reaction shot lands it, move on.",One app button fires the visual + SFX together; keep a neutral-face reset button next to it.,One beat maximum - gags die when they linger.,"1) Quick setup line (SCREEN: neutral). 2) BUTTON: visual fires (SCREEN: gag visual + SFX). 3) Reaction shot - hold (LAUGH BREAK 3-5s). 4) Reset face, move on.",1 visual card/PNG or short clip + 1 SFX; bound to a single button.
1,Easy,Gag,Music,G,No,"Song stuck in my head, play video","Sight gag: Song stuck in my head, play video. Plays fast - the button fires the visual, the reaction shot lands it, move on.","Game-show package: scoreboard overlay, lock-in buzzer SFX, board graphics on rear screens; contestant buttons mirror the app. + Music cue stack: backing track + on-screen lyrics (bouncing ball where noted); lighting macro per song, out on the final sting.",One beat maximum - gags die when they linger.,"1) Quick setup line (SCREEN: neutral). 2) BUTTON: visual fires (SCREEN: gag visual + SFX). 3) Reaction shot - hold (LAUGH BREAK 3-5s). 4) Reset face, move on.",Backing track (custom/licensed); lyric overlay template; bouncing-ball animation; song lighting macro; final sting SFX.
,Mid,Bit,Music,G,No,Rap off with an audience member,"Set piece: Rap off with an audience member. Structure: screen sells the premise, escalation beat, button ending. Give it 1-2 minutes max and a hard out.","Audience-cam pass-through to head/rear screens; rehearse crop/freeze on a stand-in, keep latency under ~200ms. + Music cue stack: backing track + on-screen lyrics (bouncing ball where noted); lighting macro per song, out on the final sting.",Rehearse cue timing; keep a cut-away button if the room turns.,"1) SETUP: premise line (SCREEN: premise visual). 2) ESCALATE: 2-3 beats, each a screen change (SCREEN: beat cards/clips) with a laugh break after each. 3) TURN: the surprise beat (SCREEN: switcboard flip). 4) BUTTON ENDING: punchline + button visual (SCREEN: button card) - hold 3s. 5) Hard out, next bit.",Backing track (custom/licensed); lyric overlay template; bouncing-ball animation; song lighting macro; final sting SFX.
2,Easy,Bit,Tech-Call,G,No,"Take a call(. From bill collector , Doctor appt, etc)","Set piece: Take a call(. From bill collector , Doctor appt, etc). Structure: screen sells the premise, escalation beat, button ending. Give it 1-2 minutes max and a hard out.","Fake-call UI overlay (FaceTime/Zoom style): ringtone SFX, answer/decline buttons, pre-recorded caller clips cut as clean answers on their own buttons.",Rehearse cue timing; keep a cut-away button if the room turns.,"1) SETUP: premise line (SCREEN: premise visual). 2) ESCALATE: 2-3 beats, each a screen change (SCREEN: beat cards/clips) with a laugh break after each. 3) TURN: the surprise beat (SCREEN: switcboard flip). 4) BUTTON ENDING: punchline + button visual (SCREEN: button card) - hold 3s. 5) Hard out, next bit.",3-5 graphics/clips + SFX pack; macro wiring; manual fallback for each beat.
,Easy,Bit,Sketch,G,No,"Notification that someone has gone live, then watch them","Developed bit: Notification that someone has gone live, then watch them. Structure: screen sells the premise, escalation beat, button ending. Give it 1-2 minutes max and a hard out.","Build as a macro: 2-4 button presses in sequence (premise visual, escalation, button ending). Manual fallback for each step.",Rehearse cue timing; keep a cut-away button if the room turns.,"1) SETUP: premise line (SCREEN: premise visual). 2) ESCALATE: 2-3 beats, each a screen change (SCREEN: beat cards/clips) with a laugh break after each. 3) TURN: the surprise beat (SCREEN: switcboard flip). 4) BUTTON ENDING: punchline + button visual (SCREEN: button card) - hold 3s. 5) Hard out, next bit.",3-5 graphics/clips + SFX pack; macro wiring; manual fallback for each beat.
,Easy,Gag,Commercial,G,No,"Add gadgets to my head, maybe for superpowers","Button gag: Add gadgets to my head, maybe for superpowers. Plays fast - the button fires the visual, the reaction shot lands it, move on.","Mugshot/booking preset: height-chart backdrop, grayscale grade, PERP lower-third with room for a custom name.",One beat maximum - gags die when they linger.,"1) React to a real moment in the room (SCREEN: neutral). 2) BUTTON: visual fires (SCREEN: gag visual + SFX). 3) Reaction shot - hold (LAUGH BREAK 3-5s). 4) Reset face, move on.",Height-chart backdrop; grayscale LUT; custom-name lower-third; camera-click SFX.
1,Easy,Gag,Visual,G,No,Amber alert,"Button gag: Amber alert. Plays fast - the button fires the visual, the reaction shot lands it, move on.","Breaking-news package: urgent sting, lower-thirds, ticker on rear screens; head anchors with suit graphic. Abort button restores normal face. + System-alert overlay with authentic alert tone at moderated volume; kill switch on the same button.",One beat maximum - gags die when they linger.,"1) React to a real moment in the room (SCREEN: neutral). 2) BUTTON: visual fires (SCREEN: gag visual + SFX). 3) Reaction shot - hold (LAUGH BREAK 3-5s). 4) Reset face, move on.",EAS-style alert tone (moderated volume edit); banner overlay; kill-switch binding.
1,Easy,Gag,Commercial,G,No,Tornado warning,"Quick gag: Tornado warning. Plays fast - the button fires the visual, the reaction shot lands it, move on.",System-alert overlay with authentic alert tone at moderated volume; kill switch on the same button.,One beat maximum - gags die when they linger.,"1) Silent setup - just look at the crowd (SCREEN: neutral). 2) BUTTON: visual fires (SCREEN: gag visual + SFX). 3) Reaction shot - hold (LAUGH BREAK 3-5s). 4) Reset face, move on.",EAS-style alert tone (moderated volume edit); banner overlay; kill-switch binding.
2,Easy,Bit,Tech-Call,G,No,Customer service call,"Set piece: Customer service call. Structure: screen sells the premise, escalation beat, button ending. Give it 1-2 minutes max and a hard out.","Fake-call UI overlay (FaceTime/Zoom style): ringtone SFX, answer/decline buttons, pre-recorded caller clips cut as clean answers on their own buttons.",Rehearse cue timing; keep a cut-away button if the room turns.,"1) SETUP: premise line (SCREEN: premise visual). 2) ESCALATE: 2-3 beats, each a screen change (SCREEN: beat cards/clips) with a laugh break after each. 3) TURN: the surprise beat (SCREEN: switcboard flip). 4) BUTTON ENDING: punchline + button visual (SCREEN: button card) - hold 3s. 5) Hard out, next bit.","Fake-call UI overlay (PSD); ringtone SFX; 3-5 pre-recorded caller clips (15-30s each, cut as clean answers); FaceTime-style UI soundbed."
1,Easy,Bit,Sketch,G,No,Telestrater over a replay of a joke I just told,"Set piece: Telestrater over a replay of a joke I just told. Structure: screen sells the premise, escalation beat, button ending. Give it 1-2 minutes max and a hard out.","Game-show package: scoreboard overlay, lock-in buzzer SFX, board graphics on rear screens; contestant buttons mirror the app.",Rehearse cue timing; keep a cut-away button if the room turns.,"1) SETUP: premise line (SCREEN: premise visual). 2) ESCALATE: 2-3 beats, each a screen change (SCREEN: beat cards/clips) with a laugh break after each. 3) TURN: the surprise beat (SCREEN: switcboard flip). 4) BUTTON ENDING: punchline + button visual (SCREEN: button card) - hold 3s. 5) Hard out, next bit.",3-5 graphics/clips + SFX pack; macro wiring; manual fallback for each beat.
3,Mid,Bit,Audience,G,No,Tell a story with audience members like kilo stitch at Disney,"Set piece: Tell a story with audience members like kilo stitch at Disney. Structure: screen sells the premise, escalation beat, button ending. Give it 1-2 minutes max and a hard out.","Audience-cam pass-through to head/rear screens; rehearse crop/freeze on a stand-in, keep latency under ~200ms.","IP/likeness caution: parody hard, don't clone names/voices/logos verbatim; pre-cleared or self-made assets only.","1) SETUP: premise line (SCREEN: premise visual). 2) ESCALATE: 2-3 beats, each a screen change (SCREEN: beat cards/clips) with a laugh break after each. 3) TURN: the surprise beat (SCREEN: switcboard flip). 4) BUTTON ENDING: punchline + button visual (SCREEN: button card) - hold 3s. 5) Hard out, next bit.",3-5 graphics/clips + SFX pack; macro wiring; manual fallback for each beat.
3,Easy,Bit,Sketch,G,No,Take questions from kids like Crush from Nemo at Disney,"Set piece: Take questions from kids like Crush from Nemo at Disney. Structure: screen sells the premise, escalation beat, button ending. Give it 1-2 minutes max and a hard out.","Build as a macro: 2-4 button presses in sequence (premise visual, escalation, button ending). Manual fallback for each step.","IP/likeness caution: parody hard, don't clone names/voices/logos verbatim; pre-cleared or self-made assets only.","1) SETUP: premise line (SCREEN: premise visual). 2) ESCALATE: 2-3 beats, each a screen change (SCREEN: beat cards/clips) with a laugh break after each. 3) TURN: the surprise beat (SCREEN: switcboard flip). 4) BUTTON ENDING: punchline + button visual (SCREEN: button card) - hold 3s. 5) Hard out, next bit.",3-5 graphics/clips + SFX pack; macro wiring; manual fallback for each beat.
2,Easy,Bit,Politics,G,No,Hold a press conference,"Full bit: Hold a press conference. Structure: screen sells the premise, escalation beat, button ending. Give it 1-2 minutes max and a hard out.","Build as a macro: 2-4 button presses in sequence (premise visual, escalation, button ending). Manual fallback for each step.",Rehearse cue timing; keep a cut-away button if the room turns.,"1) SETUP: premise line (SCREEN: premise visual). 2) ESCALATE: 2-3 beats, each a screen change (SCREEN: beat cards/clips) with a laugh break after each. 3) TURN: the surprise beat (SCREEN: switcboard flip). 4) BUTTON ENDING: punchline + button visual (SCREEN: button card) - hold 3s. 5) Hard out, next bit.",News sting SFX; lower-third template pack; ticker graphic; anchor-suit face card; ABORT card.
2,Mid,Bit,Politics,G,y,Here comes the president - Hamilton/Trump,"Set piece: Here comes the president - Hamilton/Trump. Structure: screen sells the premise, escalation beat, button ending. Give it 1-2 minutes max and a hard out.","Character-voice preset: distorted face + edited VO clips on buttons; keep it punchline-forward, never a lecture.","IP/likeness caution: parody hard, don't clone names/voices/logos verbatim; pre-cleared or self-made assets only. Political likeness: punchlines must be bipartisan or self-deprecating; venues book the room they want back.","1) SETUP: premise line (SCREEN: premise visual). 2) ESCALATE: 2-3 beats, each a screen change (SCREEN: beat cards/clips) with a laugh break after each. 3) TURN: the surprise beat (SCREEN: switcboard flip). 4) BUTTON ENDING: punchline + button visual (SCREEN: button card) - hold 3s. 5) Hard out, next bit.",Character-voice preset (face distortion); edited VO clip buttons; punchline-first script.
1,Easy,Bit,Politics,G,No,Breaking news for someone's bday (maybe fiverr created),"Set piece: Breaking news for someone's bday (maybe fiverr created). Structure: screen sells the premise, escalation beat, button ending. Give it 1-2 minutes max and a hard out.","Breaking-news package: urgent sting, lower-thirds, ticker on rear screens; head anchors with suit graphic. Abort button restores normal face.",Rehearse cue timing; keep a cut-away button if the room turns.,"1) SETUP: premise line (SCREEN: premise visual). 2) ESCALATE: 2-3 beats, each a screen change (SCREEN: beat cards/clips) with a laugh break after each. 3) TURN: the surprise beat (SCREEN: switcboard flip). 4) BUTTON ENDING: punchline + button visual (SCREEN: button card) - hold 3s. 5) Hard out, next bit.",News sting SFX; lower-third template pack; ticker graphic; anchor-suit face card; ABORT card.
,Easy,Bit,Game,G,No,Celebrity check in. Hi I'm celebrity from wherever. Hi I'm celebrity from wherever. I am trying and I have a basketball game tomorrow.,"Set piece: Celebrity check in. Hi I'm celebrity from wherever. Hi I'm celebrity from wherever. I am trying and I have a basketball game tomorrow.. Structure: screen sells the premise, escalation beat, button ending. Give it 1-2 minutes max and a hard out.","Game-show package: scoreboard overlay, lock-in buzzer SFX, board graphics on rear screens; contestant buttons mirror the app.",Rehearse cue timing; keep a cut-away button if the room turns.,"1) SETUP: premise line (SCREEN: premise visual). 2) ESCALATE: 2-3 beats, each a screen change (SCREEN: beat cards/clips) with a laugh break after each. 3) TURN: the surprise beat (SCREEN: switcboard flip). 4) BUTTON ENDING: punchline + button visual (SCREEN: button card) - hold 3s. 5) Hard out, next bit.",3-5 graphics/clips + SFX pack; macro wiring; manual fallback for each beat.
2,Mid,Bit,Game,G,No,Password,"Developed bit: Password. Structure: screen sells the premise, escalation beat, button ending. Give it 1-2 minutes max and a hard out.","Game-show package: scoreboard overlay, lock-in buzzer SFX, board graphics on rear screens; contestant buttons mirror the app.",Rehearse cue timing; keep a cut-away button if the room turns.,"1) SETUP: premise line (SCREEN: premise visual). 2) ESCALATE: 2-3 beats, each a screen change (SCREEN: beat cards/clips) with a laugh break after each. 3) TURN: the surprise beat (SCREEN: switcboard flip). 4) BUTTON ENDING: punchline + button visual (SCREEN: button card) - hold 3s. 5) Hard out, next bit.",Scoreboard overlay; buzzer/lock-in SFX; board/category graphics; contestant app config.
,Easy,Gag,Audience,G,No,Put a secret word on the screen and have the audience scream and yell or cheer when it is said,"Button gag: Put a secret word on the screen and have the audience scream and yell or cheer when it is said. Plays fast - the button fires the visual, the reaction shot lands it, move on.",One app button fires the visual + SFX together; keep a neutral-face reset button next to it.,One beat maximum - gags die when they linger.,"1) React to a real moment in the room (SCREEN: neutral). 2) BUTTON: visual fires (SCREEN: gag visual + SFX). 3) Reaction shot - hold (LAUGH BREAK 3-5s). 4) Reset face, move on.",1 visual card/PNG or short clip + 1 SFX; bound to a single button.
,Easy,Bit,Sketch,G,No,"Jack handys thoughts. You know it's cold outside when you go outside and it's cold, you know you've written something inspiring when you look at your paper and it has 2 words something and inspiring","Full bit: Jack handys thoughts. You know it's cold outside when you go outside and it's cold, you know you've written something inspiring when you look at your paper and it has 2 words something and inspiring. Structure: screen sells the premise, escalation beat, button ending. Give it 1-2 minutes max and a hard out.","Build as a macro: 2-4 button presses in sequence (premise visual, escalation, button ending). Manual fallback for each step.","IP/likeness caution: parody hard, don't clone names/voices/logos verbatim; pre-cleared or self-made assets only.","1) SETUP: premise line (SCREEN: premise visual). 2) ESCALATE: 2-3 beats, each a screen change (SCREEN: beat cards/clips) with a laugh break after each. 3) TURN: the surprise beat (SCREEN: switcboard flip). 4) BUTTON ENDING: punchline + button visual (SCREEN: button card) - hold 3s. 5) Hard out, next bit.",3-5 graphics/clips + SFX pack; macro wiring; manual fallback for each beat.
,Easy,Gag,Visual,G,No,"Cat deja vu, glitch in the matrix","Button gag: Cat deja vu, glitch in the matrix. Plays fast - the button fires the visual, the reaction shot lands it, move on.",Playback FX preset: slow-mo/rewind/freeze on the face with tape SFX; performer moves match the speed for the sell.,One beat maximum - gags die when they linger.,"1) React to a real moment in the room (SCREEN: neutral). 2) BUTTON: visual fires (SCREEN: gag visual + SFX). 3) Reaction shot - hold (LAUGH BREAK 3-5s). 4) Reset face, move on.",Playback FX preset (slow-mo/rewind/freeze) + tape SFX; matched-movement rehearsal note.
,Easy,Bit,Sketch,PG,No,Great comebacks. Nobody needs an AR15. Nobody needs a little B yet here you are...,"Set piece: Great comebacks. Nobody needs an AR15. Nobody needs a little B yet here you are.... Structure: screen sells the premise, escalation beat, button ending. Give it 1-2 minutes max and a hard out.","Burn preset: thug-life sticker/grade + 'ohhh' sting SFX on one button; fire once, then back to material.","Gun material: keep it cartoonish, zero realistic mimicry; venues and insurers are touchy.","1) SETUP: premise line (SCREEN: premise visual). 2) ESCALATE: 2-3 beats, each a screen change (SCREEN: beat cards/clips) with a laugh break after each. 3) TURN: the surprise beat (SCREEN: switcboard flip). 4) BUTTON ENDING: punchline + button visual (SCREEN: button card) - hold 3s. 5) Hard out, next bit.",Thug-life sticker pack; 'ohhh' sting SFX; auto-reset burn preset.
1,Easy,Gag,Visual,G,No,"I'm sorry mr millenial, let me spell it out for you(emoticons in a picture equation, pic + pic)","Button gag: I'm sorry mr millenial, let me spell it out for you(emoticons in a picture equation, pic + pic). Plays fast - the button fires the visual, the reaction shot lands it, move on.",One app button fires the visual + SFX together; keep a neutral-face reset button next to it.,One beat maximum - gags die when they linger.,"1) React to a real moment in the room (SCREEN: neutral). 2) BUTTON: visual fires (SCREEN: gag visual + SFX). 3) Reaction shot - hold (LAUGH BREAK 3-5s). 4) Reset face, move on.",1 visual card/PNG or short clip + 1 SFX; bound to a single button.
2,Easy,Bit,Tech-Call,G,No,"Show a 30-year-old video of kids where now I have come up with the perfect come back, ala 'The jerk store called'","Set piece: Show a 30-year-old video of kids where now I have come up with the perfect come back, ala 'The jerk store called'. Structure: screen sells the premise, escalation beat, button ending. Give it 1-2 minutes max and a hard out.","Build as a macro: 2-4 button presses in sequence (premise visual, escalation, button ending). Manual fallback for each step.",Rehearse cue timing; keep a cut-away button if the room turns.,"1) SETUP: premise line (SCREEN: premise visual). 2) ESCALATE: 2-3 beats, each a screen change (SCREEN: beat cards/clips) with a laugh break after each. 3) TURN: the surprise beat (SCREEN: switcboard flip). 4) BUTTON ENDING: punchline + button visual (SCREEN: button card) - hold 3s. 5) Hard out, next bit.",3-5 graphics/clips + SFX pack; macro wiring; manual fallback for each beat.
,Easy,Bit,SciFi,G,No,"Say something, then run an explainer video","Set piece: Say something, then run an explainer video. Structure: screen sells the premise, escalation beat, button ending. Give it 1-2 minutes max and a hard out.","Build as a macro: 2-4 button presses in sequence (premise visual, escalation, button ending). Manual fallback for each step.",Rehearse cue timing; keep a cut-away button if the room turns.,"1) SETUP: premise line (SCREEN: premise visual). 2) ESCALATE: 2-3 beats, each a screen change (SCREEN: beat cards/clips) with a laugh break after each. 3) TURN: the surprise beat (SCREEN: switcboard flip). 4) BUTTON ENDING: punchline + button visual (SCREEN: button card) - hold 3s. 5) Hard out, next bit.",3-5 graphics/clips + SFX pack; macro wiring; manual fallback for each beat.
1,Easy,Bit,SciFi,G,No,Run an explainer video when something isn't funny about how a comedian tells a joke and then there is laughter,"Set piece: Run an explainer video when something isn't funny about how a comedian tells a joke and then there is laughter. Structure: screen sells the premise, escalation beat, button ending. Give it 1-2 minutes max and a hard out.","Build as a macro: 2-4 button presses in sequence (premise visual, escalation, button ending). Manual fallback for each step.",Rehearse cue timing; keep a cut-away button if the room turns.,"1) SETUP: premise line (SCREEN: premise visual). 2) ESCALATE: 2-3 beats, each a screen change (SCREEN: beat cards/clips) with a laugh break after each. 3) TURN: the surprise beat (SCREEN: switcboard flip). 4) BUTTON ENDING: punchline + button visual (SCREEN: button card) - hold 3s. 5) Hard out, next bit.",3-5 graphics/clips + SFX pack; macro wiring; manual fallback for each beat.
,Easy,Bit,Sketch,G,No,Have some bizarre conversations like grandpa uncle with a cancer cell or something,"Developed bit: Have some bizarre conversations like grandpa uncle with a cancer cell or something. Structure: screen sells the premise, escalation beat, button ending. Give it 1-2 minutes max and a hard out.","Build as a macro: 2-4 button presses in sequence (premise visual, escalation, button ending). Manual fallback for each step.",Rehearse cue timing; keep a cut-away button if the room turns.,"1) SETUP: premise line (SCREEN: premise visual). 2) ESCALATE: 2-3 beats, each a screen change (SCREEN: beat cards/clips) with a laugh break after each. 3) TURN: the surprise beat (SCREEN: switcboard flip). 4) BUTTON ENDING: punchline + button visual (SCREEN: button card) - hold 3s. 5) Hard out, next bit.",3-5 graphics/clips + SFX pack; macro wiring; manual fallback for each beat.
2,Easy,Bit,Audience,G,No,Mind reading. Show live camera shots of people in the audience and tell their thoughts. Quotation marks I could've stayed home and watch TV. What the hell is this? Potation marks,"Set piece: Mind reading. Show live camera shots of people in the audience and tell their thoughts. Quotation marks I could've stayed home and watch TV. What the hell is this? Potation marks. Structure: screen sells the premise, escalation beat, button ending. Give it 1-2 minutes max and a hard out.","Build as a macro: 2-4 button presses in sequence (premise visual, escalation, button ending). Manual fallback for each step.",Rehearse cue timing; keep a cut-away button if the room turns.,"1) SETUP: premise line (SCREEN: premise visual). 2) ESCALATE: 2-3 beats, each a screen change (SCREEN: beat cards/clips) with a laugh break after each. 3) TURN: the surprise beat (SCREEN: switcboard flip). 4) BUTTON ENDING: punchline + button visual (SCREEN: button card) - hold 3s. 5) Hard out, next bit.",3-5 graphics/clips + SFX pack; macro wiring; manual fallback for each beat.
1,Easy,Dance Break,Music,G,No,"Dab it, jump it, spin it dance song, hump it, lick it blow it","Dance break: Dab it, jump it, spin it dance song, hump it, lick it blow it. High-energy reset between bits - screens carry the visuals/lyrics, performer sells the moves, out before it wears out.","Music cue stack: backing track + on-screen lyrics (bouncing ball where noted); lighting macro per song, out on the final sting.","High energy, short window - 30-60 seconds max.",1) Music fires (SCREEN: title card + lighting macro). 2) 30-45s of moves; screens carry lyrics/visuals (SCREEN: lyric loop) - laugh breaks land on each section change. 3) Final pose on the sting (SCREEN: freeze/stamp). 4) Out fast - don't wear it out.,Backing track (custom/licensed); lyric overlay template; bouncing-ball animation; song lighting macro; final sting SFX.
,Mid,Bit,Tech-Call,PG,No,"If simon doesn't like it, hey Siri will you please play simons sex tape, play funny video","Set piece: If simon doesn't like it, hey Siri will you please play simons sex tape, play funny video. Structure: screen sells the premise, escalation beat, button ending. Give it 1-2 minutes max and a hard out.","Voice-assistant gag: trigger phrase fires pre-recorded deadpan answer clip + listening-dots UI on the face; wrong-answer timing is rehearsed, not ad-libbed. + Game-show package: scoreboard overlay, lock-in buzzer SFX, board graphics on rear screens; contestant buttons mirror the app.","IP/likeness caution: parody hard, don't clone names/voices/logos verbatim; pre-cleared or self-made assets only.","1) SETUP: premise line (SCREEN: premise visual). 2) ESCALATE: 2-3 beats, each a screen change (SCREEN: beat cards/clips) with a laugh break after each. 3) TURN: the surprise beat (SCREEN: switcboard flip). 4) BUTTON ENDING: punchline + button visual (SCREEN: button card) - hold 3s. 5) Hard out, next bit.",Pre-recorded deadpan assistant answer clips; listening-dots UI animation; trigger-phrase SFX.
2,Easy,Bit,Commercial,G,No,"Lets, find something funny channel surfing, When channel surfing come across that dad channel, or the mom channel","Full bit: Lets, find something funny channel surfing, When channel surfing come across that dad channel, or the mom channel. Structure: screen sells the premise, escalation beat, button ending. Give it 1-2 minutes max and a hard out.","Build as a macro: 2-4 button presses in sequence (premise visual, escalation, button ending). Manual fallback for each step.",Rehearse cue timing; keep a cut-away button if the room turns.,"1) SETUP: premise line (SCREEN: premise visual). 2) ESCALATE: 2-3 beats, each a screen change (SCREEN: beat cards/clips) with a laugh break after each. 3) TURN: the surprise beat (SCREEN: switcboard flip). 4) BUTTON ENDING: punchline + button visual (SCREEN: button card) - hold 3s. 5) Hard out, next bit.",3-5 graphics/clips + SFX pack; macro wiring; manual fallback for each beat.
,Easy,Bit,Politics,PG,y,It's time for politically incorrect channel surfing,"Set piece: It's time for politically incorrect channel surfing. Structure: screen sells the premise, escalation beat, button ending. Give it 1-2 minutes max and a hard out.","Character-voice preset: distorted face + edited VO clips on buttons; keep it punchline-forward, never a lecture.",Rehearse cue timing; keep a cut-away button if the room turns.,"1) SETUP: premise line (SCREEN: premise visual). 2) ESCALATE: 2-3 beats, each a screen change (SCREEN: beat cards/clips) with a laugh break after each. 3) TURN: the surprise beat (SCREEN: switcboard flip). 4) BUTTON ENDING: punchline + button visual (SCREEN: button card) - hold 3s. 5) Hard out, next bit.",Character-voice preset (face distortion); edited VO clip buttons; punchline-first script.
,Easy,Gag,Commercial,G,No,"Head case should refer to fans as case heads, or Dead Heads","Button gag: Head case should refer to fans as case heads, or Dead Heads. Plays fast - the button fires the visual, the reaction shot lands it, move on.",One app button fires the visual + SFX together; keep a neutral-face reset button next to it.,One beat maximum - gags die when they linger.,"1) React to a real moment in the room (SCREEN: neutral). 2) BUTTON: visual fires (SCREEN: gag visual + SFX). 3) Reaction shot - hold (LAUGH BREAK 3-5s). 4) Reset face, move on.",1 visual card/PNG or short clip + 1 SFX; bound to a single button.
2,Easy,Bit,Sketch,G,No,"Inventions I would like to see, Corn Top","Full bit: Inventions I would like to see, Corn Top. Structure: screen sells the premise, escalation beat, button ending. Give it 1-2 minutes max and a hard out.","Build as a macro: 2-4 button presses in sequence (premise visual, escalation, button ending). Manual fallback for each step.",Rehearse cue timing; keep a cut-away button if the room turns.,"1) SETUP: premise line (SCREEN: premise visual). 2) ESCALATE: 2-3 beats, each a screen change (SCREEN: beat cards/clips) with a laugh break after each. 3) TURN: the surprise beat (SCREEN: switcboard flip). 4) BUTTON ENDING: punchline + button visual (SCREEN: button card) - hold 3s. 5) Hard out, next bit.",3-5 graphics/clips + SFX pack; macro wiring; manual fallback for each beat.
1,Easy,Bit,Sketch,PG,No,We interrupt this pathetic comedy show for a message from anonymous,"Set piece: We interrupt this pathetic comedy show for a message from anonymous. Structure: screen sells the premise, escalation beat, button ending. Give it 1-2 minutes max and a hard out.","Build as a macro: 2-4 button presses in sequence (premise visual, escalation, button ending). Manual fallback for each step.",Rehearse cue timing; keep a cut-away button if the room turns.,"1) SETUP: premise line (SCREEN: premise visual). 2) ESCALATE: 2-3 beats, each a screen change (SCREEN: beat cards/clips) with a laugh break after each. 3) TURN: the surprise beat (SCREEN: switcboard flip). 4) BUTTON ENDING: punchline + button visual (SCREEN: button card) - hold 3s. 5) Hard out, next bit.",3-5 graphics/clips + SFX pack; macro wiring; manual fallback for each beat.
2,Mid,Bit,Music,G,No,DJ/DJ. Have a name that tune competition,"Set piece: DJ/DJ. Have a name that tune competition. Structure: screen sells the premise, escalation beat, button ending. Give it 1-2 minutes max and a hard out.","Music cue stack: backing track + on-screen lyrics (bouncing ball where noted); lighting macro per song, out on the final sting.",Rehearse cue timing; keep a cut-away button if the room turns.,"1) SETUP: premise line (SCREEN: premise visual). 2) ESCALATE: 2-3 beats, each a screen change (SCREEN: beat cards/clips) with a laugh break after each. 3) TURN: the surprise beat (SCREEN: switcboard flip). 4) BUTTON ENDING: punchline + button visual (SCREEN: button card) - hold 3s. 5) Hard out, next bit.",Scoreboard overlay; buzzer/lock-in SFX; board/category graphics; contestant app config. Backing track (custom/licensed); lyric overlay template; bouncing-ball animation; song lighting macro; final sting SFX.
,Mid,Bit,Music,G,No,Sing a custom pop song like king Tutt or fifth from back to the future. Get it composed on Fiverr Sing a custom pop song like King tot or fifth from back to the future. Get it composed on five or,"Full bit: Sing a custom pop song like king Tutt or fifth from back to the future. Get it composed on Fiverr Sing a custom pop song like King tot or fifth from back to the future. Get it composed on five or. Structure: screen sells the premise, escalation beat, button ending. Give it 1-2 minutes max and a hard out.","Music cue stack: backing track + on-screen lyrics (bouncing ball where noted); lighting macro per song, out on the final sting.",Rehearse cue timing; keep a cut-away button if the room turns.,"1) SETUP: premise line (SCREEN: premise visual). 2) ESCALATE: 2-3 beats, each a screen change (SCREEN: beat cards/clips) with a laugh break after each. 3) TURN: the surprise beat (SCREEN: switcboard flip). 4) BUTTON ENDING: punchline + button visual (SCREEN: button card) - hold 3s. 5) Hard out, next bit.",Backing track (custom/licensed); lyric overlay template; bouncing-ball animation; song lighting macro; final sting SFX.
2,Mid,Bit,Game,G,No,Simon says or something with the audience,"Full bit: Simon says or something with the audience. Structure: screen sells the premise, escalation beat, button ending. Give it 1-2 minutes max and a hard out.","Game-show package: scoreboard overlay, lock-in buzzer SFX, board graphics on rear screens; contestant buttons mirror the app.","IP/likeness caution: parody hard, don't clone names/voices/logos verbatim; pre-cleared or self-made assets only.","1) SETUP: premise line (SCREEN: premise visual). 2) ESCALATE: 2-3 beats, each a screen change (SCREEN: beat cards/clips) with a laugh break after each. 3) TURN: the surprise beat (SCREEN: switcboard flip). 4) BUTTON ENDING: punchline + button visual (SCREEN: button card) - hold 3s. 5) Hard out, next bit.",Scoreboard overlay; buzzer/lock-in SFX; board/category graphics; contestant app config.
,Easy,Bit,Sketch,PG,No,Trigger warning. Start off with puppies and kittens and flowers and then have bombs and explosion and freedom ideas,"Developed bit: Trigger warning. Start off with puppies and kittens and flowers and then have bombs and explosion and freedom ideas. Structure: screen sells the premise, escalation beat, button ending. Give it 1-2 minutes max and a hard out.",Pyro-SFX cue: screens flash + concussive SFX while the performer sells the blast; no real pyro needed.,Rehearse cue timing; keep a cut-away button if the room turns.,"1) SETUP: premise line (SCREEN: premise visual). 2) ESCALATE: 2-3 beats, each a screen change (SCREEN: beat cards/clips) with a laugh break after each. 3) TURN: the surprise beat (SCREEN: switcboard flip). 4) BUTTON ENDING: punchline + button visual (SCREEN: button card) - hold 3s. 5) Hard out, next bit.",Flash-frame clip; concussive SFX; screens white-flash macro (no real pyro).
,Easy,Bit,Music,G,No,Make a parody song like weird Al,"Developed bit: Make a parody song like weird Al. Structure: screen sells the premise, escalation beat, button ending. Give it 1-2 minutes max and a hard out.","Music cue stack: backing track + on-screen lyrics (bouncing ball where noted); lighting macro per song, out on the final sting.","IP/likeness caution: parody hard, don't clone names/voices/logos verbatim; pre-cleared or self-made assets only.","1) SETUP: premise line (SCREEN: premise visual). 2) ESCALATE: 2-3 beats, each a screen change (SCREEN: beat cards/clips) with a laugh break after each. 3) TURN: the surprise beat (SCREEN: switcboard flip). 4) BUTTON ENDING: punchline + button visual (SCREEN: button card) - hold 3s. 5) Hard out, next bit.",Backing track (custom/licensed); lyric overlay template; bouncing-ball animation; song lighting macro; final sting SFX.
1,Easy,Gag,Visual,G,No,Funny amber alert,"Quick gag: Funny amber alert. Plays fast - the button fires the visual, the reaction shot lands it, move on.","Breaking-news package: urgent sting, lower-thirds, ticker on rear screens; head anchors with suit graphic. Abort button restores normal face. + System-alert overlay with authentic alert tone at moderated volume; kill switch on the same button.",One beat maximum - gags die when they linger.,"1) Silent setup - just look at the crowd (SCREEN: neutral). 2) BUTTON: visual fires (SCREEN: gag visual + SFX). 3) Reaction shot - hold (LAUGH BREAK 3-5s). 4) Reset face, move on.",EAS-style alert tone (moderated volume edit); banner overlay; kill-switch binding.
1,Easy,Gag,Commercial,G,No,Do a PSA with the more you know logo,"Quick gag: PSA with the more you know logo. Plays fast - the button fires the visual, the reaction shot lands it, move on.",One app button fires the visual + SFX together; keep a neutral-face reset button next to it.,One beat maximum - gags die when they linger.,"1) Silent setup - just look at the crowd (SCREEN: neutral). 2) BUTTON: visual fires (SCREEN: gag visual + SFX). 3) Reaction shot - hold (LAUGH BREAK 3-5s). 4) Reset face, move on.",1 visual card/PNG or short clip + 1 SFX; bound to a single button.
,Easy,Bit,Sketch,G,No,Have a joke off with a character,"Developed bit: Have a joke off with a character. Structure: screen sells the premise, escalation beat, button ending. Give it 1-2 minutes max and a hard out.","Build as a macro: 2-4 button presses in sequence (premise visual, escalation, button ending). Manual fallback for each step.",Rehearse cue timing; keep a cut-away button if the room turns.,"1) SETUP: premise line (SCREEN: premise visual). 2) ESCALATE: 2-3 beats, each a screen change (SCREEN: beat cards/clips) with a laugh break after each. 3) TURN: the surprise beat (SCREEN: switcboard flip). 4) BUTTON ENDING: punchline + button visual (SCREEN: button card) - hold 3s. 5) Hard out, next bit.",3-5 graphics/clips + SFX pack; macro wiring; manual fallback for each beat.
,Easy,Line,OneLiner,PG,No,Be offended. Be very offended.,"One-liner: Be offended. Be very offended.. Fire it as a quick hit between bits; flash a caption or stinger on the face to sell the beat, then keep moving.",Optional: flash the punchline as a lower-third caption after it lands. Delivery-only otherwise.,Delivery-only; adjust to room temperature on the fly.,"1) Setup line delivers the premise (SCREEN: neutral face). 2) Punchline - land it, don't step on it. 3) Optional: flash caption of the punchline (SCREEN: lower-third) (LAUGH BREAK). 4) Move on.",Optional punchline caption (lower-third PNG). Delivery-only otherwise.
,Easy,Bit,Tech-Call,G,No,"Receive a FaceTime call, put up a backdrop of a church","Full bit: Receive a FaceTime call, put up a backdrop of a church. Structure: screen sells the premise, escalation beat, button ending. Give it 1-2 minutes max and a hard out.","Fake-call UI overlay (FaceTime/Zoom style): ringtone SFX, answer/decline buttons, pre-recorded caller clips cut as clean answers on their own buttons.","Religious material: land the punchline on the situation, not the faith; expect some walk-outs either direction.","1) SETUP: premise line (SCREEN: premise visual). 2) ESCALATE: 2-3 beats, each a screen change (SCREEN: beat cards/clips) with a laugh break after each. 3) TURN: the surprise beat (SCREEN: switcboard flip). 4) BUTTON ENDING: punchline + button visual (SCREEN: button card) - hold 3s. 5) Hard out, next bit.","Fake-call UI overlay (PSD); ringtone SFX; 3-5 pre-recorded caller clips (15-30s each, cut as clean answers); FaceTime-style UI soundbed. Church backdrop plate; choir/organ sting; smart-script review."
,Easy,Gag,Visual,PG,No,One weird trick...,"Sight gag: One weird trick.... Plays fast - the button fires the visual, the reaction shot lands it, move on.",One app button fires the visual + SFX together; keep a neutral-face reset button next to it.,One beat maximum - gags die when they linger.,"1) Quick setup line (SCREEN: neutral). 2) BUTTON: visual fires (SCREEN: gag visual + SFX). 3) Reaction shot - hold (LAUGH BREAK 3-5s). 4) Reset face, move on.",1 visual card/PNG or short clip + 1 SFX; bound to a single button.
1,Mid,Bit,Sketch,G,No,"Top 3 in some category, do recodnizable Memes","Set piece: Top 3 in some category, do recodnizable Memes. Structure: screen sells the premise, escalation beat, button ending. Give it 1-2 minutes max and a hard out.","Build as a macro: 2-4 button presses in sequence (premise visual, escalation, button ending). Manual fallback for each step.",Rehearse cue timing; keep a cut-away button if the room turns.,"1) SETUP: premise line (SCREEN: premise visual). 2) ESCALATE: 2-3 beats, each a screen change (SCREEN: beat cards/clips) with a laugh break after each. 3) TURN: the surprise beat (SCREEN: switcboard flip). 4) BUTTON ENDING: punchline + button visual (SCREEN: button card) - hold 3s. 5) Hard out, next bit.",3-5 graphics/clips + SFX pack; macro wiring; manual fallback for each beat.
1,Easy,Gag,Visual,PG,No,7 ways you can blah blah blah. You won't believe #4,"Button gag: 7 ways you can blah blah blah. You won't believe #4. Plays fast - the button fires the visual, the reaction shot lands it, move on.",One app button fires the visual + SFX together; keep a neutral-face reset button next to it.,One beat maximum - gags die when they linger.,"1) React to a real moment in the room (SCREEN: neutral). 2) BUTTON: visual fires (SCREEN: gag visual + SFX). 3) Reaction shot - hold (LAUGH BREAK 3-5s). 4) Reset face, move on.",1 visual card/PNG or short clip + 1 SFX; bound to a single button.
1,Easy,Heckler,Game,G,No,"Time to put on my game face, then rotate funny faces","Heckler response: Time to put on my game face, then rotate funny faces. One button, one beat, back to material. The screen sells it; don't get dragged into a duel.","Game-show package: scoreboard overlay, lock-in buzzer SFX, board graphics on rear screens; contestant buttons mirror the app.","Target selection matters: friendly repeat offenders only, never protected-class material.","1) Heckler fires (SCREEN: neutral). 2) One-line acknowledgment. 3) BUTTON: preset fires (SCREEN: response visual + SFX) (LAUGH BREAK). 4) Auto/manual reset, immediately back to material - no duel.",1-button preset: visual + SFX + auto-reset (~4s).
,Easy,Gag,Commercial,G,No,Floating head by wearing a green screen bib,"Quick gag: Floating head by wearing a green screen bib. Plays fast - the button fires the visual, the reaction shot lands it, move on.",Green-screen preset: chroma-key the head (bib/backdrop); check spill and key edges under stage lights before show.,"IP/likeness caution: parody hard, don't clone names/voices/logos verbatim; pre-cleared or self-made assets only.","1) Silent setup - just look at the crowd (SCREEN: neutral). 2) BUTTON: visual fires (SCREEN: gag visual + SFX). 3) Reaction shot - hold (LAUGH BREAK 3-5s). 4) Reset face, move on.",Green bib/backdrop (physical); chroma-key preset tuned under stage lights; background plate library.
,Easy,Gag,Politics,G,y,Green slime. Like double dare. Maybe with liberal attack on free speech,"Quick gag: Green slime. Like double dare. Maybe with liberal attack on free speech. Plays fast - the button fires the visual, the reaction shot lands it, move on.","Action-loop preset: rear screens run the attack/game clip, head shows game HUD; choreograph safe directions, nothing real gets fired. + Character-voice preset: distorted face + edited VO clips on buttons; keep it punchline-forward, never a lecture.",One beat maximum - gags die when they linger.,"1) Silent setup - just look at the crowd (SCREEN: neutral). 2) BUTTON: visual fires (SCREEN: gag visual + SFX). 3) Reaction shot - hold (LAUGH BREAK 3-5s). 4) Reset face, move on.",Character-voice preset (face distortion); edited VO clip buttons; punchline-first script. Goo/slime overlay animation; splat SFX; cleanup note for real props.
2,Easy,Bit,Politics,PG,y,FNN fake news network. Do liberal talking point. Maybe reign of lies monologue,"Developed bit: FNN fake news network. Do liberal talking point. Maybe reign of lies monologue. Structure: screen sells the premise, escalation beat, button ending. Give it 1-2 minutes max and a hard out.","Breaking-news package: urgent sting, lower-thirds, ticker on rear screens; head anchors with suit graphic. Abort button restores normal face. + Character-voice preset: distorted face + edited VO clips on buttons; keep it punchline-forward, never a lecture.",Rehearse cue timing; keep a cut-away button if the room turns.,"1) SETUP: premise line (SCREEN: premise visual). 2) ESCALATE: 2-3 beats, each a screen change (SCREEN: beat cards/clips) with a laugh break after each. 3) TURN: the surprise beat (SCREEN: switcboard flip). 4) BUTTON ENDING: punchline + button visual (SCREEN: button card) - hold 3s. 5) Hard out, next bit.",News sting SFX; lower-third template pack; ticker graphic; anchor-suit face card; ABORT card. Character-voice preset (face distortion); edited VO clip buttons; punchline-first script.
,Easy,Line,OneLiner,G,No,Line: the tv is not your friend. Now go outside and play.,"One-liner: Line: the tv is not your friend. Now go outside and play.. Fire it as a quick hit between bits; flash a caption or stinger on the face to sell the beat, then keep moving.","Game-show package: scoreboard overlay, lock-in buzzer SFX, board graphics on rear screens; contestant buttons mirror the app.",Delivery-only; adjust to room temperature on the fly.,"1) Setup line delivers the premise (SCREEN: neutral face). 2) Punchline - land it, don't step on it. 3) Optional: flash caption of the punchline (SCREEN: lower-third) (LAUGH BREAK). 4) Move on.",Optional punchline caption (lower-third PNG). Delivery-only otherwise.
,Easy,Line,OneLiner,G,No,Get too close and you'll ruin your eyeballs,"One-liner: Get too close and you'll ruin your eyeballs. Fire it as a quick hit between bits; flash a caption or stinger on the face to sell the beat, then keep moving.",Optional: flash the punchline as a lower-third caption after it lands. Delivery-only otherwise.,Delivery-only; adjust to room temperature on the fly.,"1) Setup line delivers the premise (SCREEN: neutral face). 2) Punchline - land it, don't step on it. 3) Optional: flash caption of the punchline (SCREEN: lower-third) (LAUGH BREAK). 4) Move on.",Optional punchline caption (lower-third PNG). Delivery-only otherwise.
,Mid,Bit,Commercial,G,No,"Put on a vr headset, do something with vr","Full bit: Put on a vr headset, do something with vr. Structure: screen sells the premise, escalation beat, button ending. Give it 1-2 minutes max and a hard out.","Build as a macro: 2-4 button presses in sequence (premise visual, escalation, button ending). Manual fallback for each step.",Rehearse cue timing; keep a cut-away button if the room turns.,"1) SETUP: premise line (SCREEN: premise visual). 2) ESCALATE: 2-3 beats, each a screen change (SCREEN: beat cards/clips) with a laugh break after each. 3) TURN: the surprise beat (SCREEN: switcboard flip). 4) BUTTON ENDING: punchline + button visual (SCREEN: button card) - hold 3s. 5) Hard out, next bit.",3-5 graphics/clips + SFX pack; macro wiring; manual fallback for each beat.
,Mid,Bit,Commercial,G,No,"Show family as different TV character heads in TVs like Samantha from bewitched, Eddie from the munsters, Cindy Brady Show family as different TV character heads in TVs like Samantha from bewitched, Eddie from the Masters, Cindy Brady","Developed bit: Show family as different TV character heads in TVs like Samantha from bewitched, Eddie from the munsters, Cindy Brady Show family as different TV character heads in TVs like Samantha from bewitched, Eddie from the Masters, Cindy Brady. Structure: screen sells the premise, escalation beat, button ending. Give it 1-2 minutes max and a hard out.","Build as a macro: 2-4 button presses in sequence (premise visual, escalation, button ending). Manual fallback for each step.","IP/likeness caution: parody hard, don't clone names/voices/logos verbatim; pre-cleared or self-made assets only.","1) SETUP: premise line (SCREEN: premise visual). 2) ESCALATE: 2-3 beats, each a screen change (SCREEN: beat cards/clips) with a laugh break after each. 3) TURN: the surprise beat (SCREEN: switcboard flip). 4) BUTTON ENDING: punchline + button visual (SCREEN: button card) - hold 3s. 5) Hard out, next bit.",3-5 graphics/clips + SFX pack; macro wiring; manual fallback for each beat.
,Easy,Bit,Spooky,G,No,"Have the screen short out, then have the house lights go out, then come back with a candle and scary funny stuff happens","Developed bit: Have the screen short out, then have the house lights go out, then come back with a candle and scary funny stuff happens. Structure: screen sells the premise, escalation beat, button ending. Give it 1-2 minutes max and a hard out.","Build as a macro: 2-4 button presses in sequence (premise visual, escalation, button ending). Manual fallback for each step.",Rehearse cue timing; keep a cut-away button if the room turns.,"1) SETUP: premise line (SCREEN: premise visual). 2) ESCALATE: 2-3 beats, each a screen change (SCREEN: beat cards/clips) with a laugh break after each. 3) TURN: the surprise beat (SCREEN: switcboard flip). 4) BUTTON ENDING: punchline + button visual (SCREEN: button card) - hold 3s. 5) Hard out, next bit.",3-5 graphics/clips + SFX pack; macro wiring; manual fallback for each beat.
2,Mid,Bit,Commercial,R,No,A parity of dick in a box with an iPad and Richard Simmons head,"Set piece: A parity of dick in a box with an iPad and Richard Simmons head. Structure: screen sells the premise, escalation beat, button ending. Give it 1-2 minutes max and a hard out.","Build as a macro: 2-4 button presses in sequence (premise visual, escalation, button ending). Manual fallback for each step.",Rehearse cue timing; keep a cut-away button if the room turns.,"1) SETUP: premise line (SCREEN: premise visual). 2) ESCALATE: 2-3 beats, each a screen change (SCREEN: beat cards/clips) with a laugh break after each. 3) TURN: the surprise beat (SCREEN: switcboard flip). 4) BUTTON ENDING: punchline + button visual (SCREEN: button card) - hold 3s. 5) Hard out, next bit.",3-5 graphics/clips + SFX pack; macro wiring; manual fallback for each beat.
,Mid,Bit,History,G,No,"A theme or mini theme could be visiting TV shows from different areas in history, or movies, or music","Set piece: A theme or mini theme could be visiting TV shows from different areas in history, or movies, or music. Structure: screen sells the premise, escalation beat, button ending. Give it 1-2 minutes max and a hard out.","Build as a macro: 2-4 button presses in sequence (premise visual, escalation, button ending). Manual fallback for each step.",Rehearse cue timing; keep a cut-away button if the room turns.,"1) SETUP: premise line (SCREEN: premise visual). 2) ESCALATE: 2-3 beats, each a screen change (SCREEN: beat cards/clips) with a laugh break after each. 3) TURN: the surprise beat (SCREEN: switcboard flip). 4) BUTTON ENDING: punchline + button visual (SCREEN: button card) - hold 3s. 5) Hard out, next bit.",3-5 graphics/clips + SFX pack; macro wiring; manual fallback for each beat.
1,Easy,Bit,Tech-Call,G,No,Have an Arnie like Siri that gives out nonsense answers,"Developed bit: Have an Arnie like Siri that gives out nonsense answers. Structure: screen sells the premise, escalation beat, button ending. Give it 1-2 minutes max and a hard out.","Voice-assistant gag: trigger phrase fires pre-recorded deadpan answer clip + listening-dots UI on the face; wrong-answer timing is rehearsed, not ad-libbed.",Rehearse cue timing; keep a cut-away button if the room turns.,"1) SETUP: premise line (SCREEN: premise visual). 2) ESCALATE: 2-3 beats, each a screen change (SCREEN: beat cards/clips) with a laugh break after each. 3) TURN: the surprise beat (SCREEN: switcboard flip). 4) BUTTON ENDING: punchline + button visual (SCREEN: button card) - hold 3s. 5) Hard out, next bit.",Pre-recorded deadpan assistant answer clips; listening-dots UI animation; trigger-phrase SFX.
1,Easy,Gag,Commercial,G,No,"If someone gets up to pee, stop and say it's OK we'll just watch commercials. Then play leaky bladder medicine commercial, maybe in Niagara Falls vacation commercial.","Button gag: If someone gets up to pee, stop and say it's OK we'll just watch commercials. Then play leaky bladder medicine commercial, maybe in Niagara Falls vacation commercial.. Plays fast - the button fires the visual, the reaction shot lands it, move on.","Game-show package: scoreboard overlay, lock-in buzzer SFX, board graphics on rear screens; contestant buttons mirror the app.",One beat maximum - gags die when they linger.,"1) React to a real moment in the room (SCREEN: neutral). 2) BUTTON: visual fires (SCREEN: gag visual + SFX). 3) Reaction shot - hold (LAUGH BREAK 3-5s). 4) Reset face, move on.",1 visual card/PNG or short clip + 1 SFX; bound to a single button.
,Easy,Line,Tech-Call,G,No,"Have a cell phone ring go off, only to ask who didn't turn their phone off. Then realize I'm getting a Skype call","One-liner: Have a cell phone ring go off, only to ask who didn't turn their phone off. Then realize I'm getting a Skype call. Fire it as a quick hit between bits; flash a caption or stinger on the face to sell the beat, then keep moving.","Fake-call UI overlay (FaceTime/Zoom style): ringtone SFX, answer/decline buttons, pre-recorded caller clips cut as clean answers on their own buttons.","IP/likeness caution: parody hard, don't clone names/voices/logos verbatim; pre-cleared or self-made assets only.","1) Setup line delivers the premise (SCREEN: neutral face). 2) Punchline - land it, don't step on it. 3) Optional: flash caption of the punchline (SCREEN: lower-third) (LAUGH BREAK). 4) Move on.","Fake-call UI overlay (PSD); ringtone SFX; 3-5 pre-recorded caller clips (15-30s each, cut as clean answers); FaceTime-style UI soundbed. Battery-low banner; dim-to-black preset; power-down chime; restore color-bars beat."
,Easy,Bit,SciFi,G,No,"If being interviewed, explain how boring I think I am. And then play short celebrity clips to answer the questions.","Developed bit: If being interviewed, explain how boring I think I am. And then play short celebrity clips to answer the questions.. Structure: screen sells the premise, escalation beat, button ending. Give it 1-2 minutes max and a hard out.","Game-show package: scoreboard overlay, lock-in buzzer SFX, board graphics on rear screens; contestant buttons mirror the app.","IP/likeness caution: parody hard, don't clone names/voices/logos verbatim; pre-cleared or self-made assets only.","1) SETUP: premise line (SCREEN: premise visual). 2) ESCALATE: 2-3 beats, each a screen change (SCREEN: beat cards/clips) with a laugh break after each. 3) TURN: the surprise beat (SCREEN: switcboard flip). 4) BUTTON ENDING: punchline + button visual (SCREEN: button card) - hold 3s. 5) Hard out, next bit.",3-5 graphics/clips + SFX pack; macro wiring; manual fallback for each beat.
,Easy,Gag,Visual,PG,No,"Get a pop up, then fall for an internet scam","Quick gag: Get a pop up, then fall for an internet scam. Plays fast - the button fires the visual, the reaction shot lands it, move on.",One app button fires the visual + SFX together; keep a neutral-face reset button next to it.,One beat maximum - gags die when they linger.,"1) Silent setup - just look at the crowd (SCREEN: neutral). 2) BUTTON: visual fires (SCREEN: gag visual + SFX). 3) Reaction shot - hold (LAUGH BREAK 3-5s). 4) Reset face, move on.",1 visual card/PNG or short clip + 1 SFX; bound to a single button.
,Easy,Gag,Visual,PG,No,Celebrity meltdown alert! Then show a crying celebrity video.,"Button gag: Celebrity meltdown alert! Then show a crying celebrity video.. Plays fast - the button fires the visual, the reaction shot lands it, move on.","Breaking-news package: urgent sting, lower-thirds, ticker on rear screens; head anchors with suit graphic. Abort button restores normal face.",One beat maximum - gags die when they linger.,"1) Quick setup line (SCREEN: neutral). 2) BUTTON: visual fires (SCREEN: gag visual + SFX). 3) Reaction shot - hold (LAUGH BREAK 3-5s). 4) Reset face, move on.",1 visual card/PNG or short clip + 1 SFX; bound to a single button.
,Hard,Device,Tooling,G,No,Show should be done on a hover board if I am walking around,"Tooling, not a bit on its own: Show should be done on a hover board if I am walking around. Build it into the control panel once and it quietly powers other rows; test in an empty room before relying on it live.",Add to the control panel; test latency and failure modes in an empty room. Keep a manual fallback.,"Failure modes: test in an empty room, keep a manual fallback.","BUILD, not stage time. 1) Spec the feature. 2) Implement + unit-test in empty room. 3) Latency + failure-mode drill (SCREEN: n/a). 4) Document the button mapping. No laugh breaks - it powers other bits.",Control-panel config; latency/failure test checklist; manual fallback.
,Easy,Heckler,Callback,G,No,"If I don't have a quick comeback, google funny comebacks","Heckler response: If I don't have a quick comeback, google funny comebacks. One button, one beat, back to material. The screen sells it; don't get dragged into a duel.","Voice-assistant gag: trigger phrase fires pre-recorded deadpan answer clip + listening-dots UI on the face; wrong-answer timing is rehearsed, not ad-libbed. + Burn preset: thug-life sticker/grade + 'ohhh' sting SFX on one button; fire once, then back to material.","Target selection matters: friendly repeat offenders only, never protected-class material.","1) Heckler fires (SCREEN: neutral). 2) One-line acknowledgment. 3) BUTTON: preset fires (SCREEN: response visual + SFX) (LAUGH BREAK). 4) Auto/manual reset, immediately back to material - no duel.",Pre-recorded deadpan assistant answer clips; listening-dots UI animation; trigger-phrase SFX. Thug-life sticker pack; 'ohhh' sting SFX; auto-reset burn preset. Goo/slime overlay animation; splat SFX; cleanup note for real props.
2,Mid,Bit,Sketch,PG,No,Have a smile face icon who speaks gruff and angry. And even swears.,"Full bit: Have a smile face icon who speaks gruff and angry. And even swears.. Structure: screen sells the premise, escalation beat, button ending. Give it 1-2 minutes max and a hard out.","Build as a macro: 2-4 button presses in sequence (premise visual, escalation, button ending). Manual fallback for each step.",Rehearse cue timing; keep a cut-away button if the room turns.,"1) SETUP: premise line (SCREEN: premise visual). 2) ESCALATE: 2-3 beats, each a screen change (SCREEN: beat cards/clips) with a laugh break after each. 3) TURN: the surprise beat (SCREEN: switcboard flip). 4) BUTTON ENDING: punchline + button visual (SCREEN: button card) - hold 3s. 5) Hard out, next bit.",3-5 graphics/clips + SFX pack; macro wiring; manual fallback for each beat.
,Mid,Bit,SciFi,G,No,Make fun of Zuckerberg as a robot,"Full bit: Make fun of Zuckerberg as a robot. Structure: screen sells the premise, escalation beat, button ending. Give it 1-2 minutes max and a hard out.","Build as a macro: 2-4 button presses in sequence (premise visual, escalation, button ending). Manual fallback for each step.",Rehearse cue timing; keep a cut-away button if the room turns.,"1) SETUP: premise line (SCREEN: premise visual). 2) ESCALATE: 2-3 beats, each a screen change (SCREEN: beat cards/clips) with a laugh break after each. 3) TURN: the surprise beat (SCREEN: switcboard flip). 4) BUTTON ENDING: punchline + button visual (SCREEN: button card) - hold 3s. 5) Hard out, next bit.",3-5 graphics/clips + SFX pack; macro wiring; manual fallback for each beat.
,Easy,Device,Commercial,G,No,Add a liner note feature to control panel to incorporate client suggestions. And for bits to have throwaway lines.,"Tooling, not a bit on its own: Add a liner note feature to control panel to incorporate client suggestions. And for bits to have throwaway lines.. Build it into the control panel once and it quietly powers other rows; test in an empty room before relying on it live.",Add to the control panel; test latency and failure modes in an empty room. Keep a manual fallback.,"Failure modes: test in an empty room, keep a manual fallback.","BUILD, not stage time. 1) Spec the feature. 2) Implement + unit-test in empty room. 3) Latency + failure-mode drill (SCREEN: n/a). 4) Document the button mapping. No laugh breaks - it powers other bits.",Control-panel config; latency/failure test checklist; manual fallback.
,Mid,Bit,Politics,PG,y,Make fun of celeb activists and their causes. Maybe like the ex-presidents. Then maybe have them chase me with pitchforks...,"Full bit: Make fun of celeb activists and their causes. Maybe like the ex-presidents. Then maybe have them chase me with pitchforks.... Structure: screen sells the premise, escalation beat, button ending. Give it 1-2 minutes max and a hard out.","Character-voice preset: distorted face + edited VO clips on buttons; keep it punchline-forward, never a lecture.",Rehearse cue timing; keep a cut-away button if the room turns.,"1) SETUP: premise line (SCREEN: premise visual). 2) ESCALATE: 2-3 beats, each a screen change (SCREEN: beat cards/clips) with a laugh break after each. 3) TURN: the surprise beat (SCREEN: switcboard flip). 4) BUTTON ENDING: punchline + button visual (SCREEN: button card) - hold 3s. 5) Hard out, next bit.",Character-voice preset (face distortion); edited VO clip buttons; punchline-first script.
,Easy,Gag,Visual,G,No,,Then they could reappear throughout when I make a joke they don't like,One app button fires the visual + SFX together; keep a neutral-face reset button next to it.,One beat maximum - gags die when they linger.,"1) Quick setup line (SCREEN: neutral). 2) BUTTON: visual fires (SCREEN: gag visual + SFX). 3) Reaction shot - hold (LAUGH BREAK 3-5s). 4) Reset face, move on.",1 visual card/PNG or short clip + 1 SFX; bound to a single button.
,Easy,Gag,Commercial,G,No,Somehow make my head look like a bobble head along with the funny joke,"Button gag: Somehow make my head look like a bobble head along with the funny joke. Plays fast - the button fires the visual, the reaction shot lands it, move on.",One app button fires the visual + SFX together; keep a neutral-face reset button next to it.,One beat maximum - gags die when they linger.,"1) React to a real moment in the room (SCREEN: neutral). 2) BUTTON: visual fires (SCREEN: gag visual + SFX). 3) Reaction shot - hold (LAUGH BREAK 3-5s). 4) Reset face, move on.",1 visual card/PNG or short clip + 1 SFX; bound to a single button.
2,Easy,Bit,Sketch,PG,No,We matched on Tinder,"Full bit: We matched on Tinder. Structure: screen sells the premise, escalation beat, button ending. Give it 1-2 minutes max and a hard out.","Build as a macro: 2-4 button presses in sequence (premise visual, escalation, button ending). Manual fallback for each step.",Rehearse cue timing; keep a cut-away button if the room turns.,"1) SETUP: premise line (SCREEN: premise visual). 2) ESCALATE: 2-3 beats, each a screen change (SCREEN: beat cards/clips) with a laugh break after each. 3) TURN: the surprise beat (SCREEN: switcboard flip). 4) BUTTON ENDING: punchline + button visual (SCREEN: button card) - hold 3s. 5) Hard out, next bit.",3-5 graphics/clips + SFX pack; macro wiring; manual fallback for each beat.
,Easy,Line,OneLiner,G,No,You need to stop binge watching me,"One-liner: You need to stop binge watching me. Fire it as a quick hit between bits; flash a caption or stinger on the face to sell the beat, then keep moving.",Optional: flash the punchline as a lower-third caption after it lands. Delivery-only otherwise.,Delivery-only; adjust to room temperature on the fly.,"1) Setup line delivers the premise (SCREEN: neutral face). 2) Punchline - land it, don't step on it. 3) Optional: flash caption of the punchline (SCREEN: lower-third) (LAUGH BREAK). 4) Move on.",Optional punchline caption (lower-third PNG). Delivery-only otherwise.
2,Easy,Gag,Politics,G,No,"Show crowd reaction behind, cheering or chanting, like a live news remote","Quick gag: Show crowd reaction behind, cheering or chanting, like a live news remote. Plays fast - the button fires the visual, the reaction shot lands it, move on.","Breaking-news package: urgent sting, lower-thirds, ticker on rear screens; head anchors with suit graphic. Abort button restores normal face.","IP/likeness caution: parody hard, don't clone names/voices/logos verbatim; pre-cleared or self-made assets only.","1) React to a real moment in the room (SCREEN: neutral). 2) BUTTON: visual fires (SCREEN: gag visual + SFX). 3) Reaction shot - hold (LAUGH BREAK 3-5s). 4) Reset face, move on.",News sting SFX; lower-third template pack; ticker graphic; anchor-suit face card; ABORT card.
2,Hard,Device,History,G,No,"Maybe do some styles like film noir, or time travel.","Tooling, not a bit on its own: Maybe do some styles like film noir, or time travel.. Build it into the control panel once and it quietly powers other rows; test in an empty room before relying on it live.",Add to the control panel; test latency and failure modes in an empty room. Keep a manual fallback.,"Failure modes: test in an empty room, keep a manual fallback.","BUILD, not stage time. 1) Spec the feature. 2) Implement + unit-test in empty room. 3) Latency + failure-mode drill (SCREEN: n/a). 4) Document the button mapping. No laugh breaks - it powers other bits.",Control-panel config; latency/failure test checklist; manual fallback.
,Easy,Gag,Visual,R,No,Dress face up like a vj at the march for women,"Button gag: Dress face up like a vj at the march for women. Plays fast - the button fires the visual, the reaction shot lands it, move on.",One app button fires the visual + SFX together; keep a neutral-face reset button next to it.,One beat maximum - gags die when they linger.,"1) React to a real moment in the room (SCREEN: neutral). 2) BUTTON: visual fires (SCREEN: gag visual + SFX). 3) Reaction shot - hold (LAUGH BREAK 3-5s). 4) Reset face, move on.",1 visual card/PNG or short clip + 1 SFX; bound to a single button.
1,Easy,Gag,Music,G,No,After an insult play an oh yeah burn music (thug life/it was a good day) and do a little cocky dance or that video of the black dudes going to woah yeah,"Quick gag: After an insult play an oh yeah burn music (thug life/it was a good day) and do a little cocky dance or that video of the black dudes going to woah yeah. Plays fast - the button fires the visual, the reaction shot lands it, move on.","Game-show package: scoreboard overlay, lock-in buzzer SFX, board graphics on rear screens; contestant buttons mirror the app. + Burn preset: thug-life sticker/grade + 'ohhh' sting SFX on one button; fire once, then back to material.",One beat maximum - gags die when they linger.,"1) Silent setup - just look at the crowd (SCREEN: neutral). 2) BUTTON: visual fires (SCREEN: gag visual + SFX). 3) Reaction shot - hold (LAUGH BREAK 3-5s). 4) Reset face, move on.",Thug-life sticker pack; 'ohhh' sting SFX; auto-reset burn preset. Goo/slime overlay animation; splat SFX; cleanup note for real props.
2,Easy,Gag,Visual,G,No,Do a freeze-frame effect of my expressions to some music,"Sight gag: Freeze-frame effect of my expressions to some music. Plays fast - the button fires the visual, the reaction shot lands it, move on.",One app button fires the visual + SFX together; keep a neutral-face reset button next to it.,One beat maximum - gags die when they linger.,"1) Quick setup line (SCREEN: neutral). 2) BUTTON: visual fires (SCREEN: gag visual + SFX). 3) Reaction shot - hold (LAUGH BREAK 3-5s). 4) Reset face, move on.",1 visual card/PNG or short clip + 1 SFX; bound to a single button.
,Easy,Gag,Tech-Call,G,No,Work in me doing quick vines or musicallys,"Quick gag: Work in me doing quick vines or musicallys. Plays fast - the button fires the visual, the reaction shot lands it, move on.",One app button fires the visual + SFX together; keep a neutral-face reset button next to it.,One beat maximum - gags die when they linger.,"1) Silent setup - just look at the crowd (SCREEN: neutral). 2) BUTTON: visual fires (SCREEN: gag visual + SFX). 3) Reaction shot - hold (LAUGH BREAK 3-5s). 4) Reset face, move on.",1 visual card/PNG or short clip + 1 SFX; bound to a single button.
1,Easy,Gag,Commercial,G,No,Have a skip this joke button like to skip this ad button Have a skip this joke button like to skip this add,"Button gag: Have a skip this joke button like to skip this ad button Have a skip this joke button like to skip this add. Plays fast - the button fires the visual, the reaction shot lands it, move on.",One app button fires the visual + SFX together; keep a neutral-face reset button next to it.,One beat maximum - gags die when they linger.,"1) React to a real moment in the room (SCREEN: neutral). 2) BUTTON: visual fires (SCREEN: gag visual + SFX). 3) Reaction shot - hold (LAUGH BREAK 3-5s). 4) Reset face, move on.",1 visual card/PNG or short clip + 1 SFX; bound to a single button.
,Mid,Bit,Tech-Call,G,No,Make a prank call,"Set piece: Make a prank call. Structure: screen sells the premise, escalation beat, button ending. Give it 1-2 minutes max and a hard out.","Fake-call UI overlay (FaceTime/Zoom style): ringtone SFX, answer/decline buttons, pre-recorded caller clips cut as clean answers on their own buttons.",Rehearse cue timing; keep a cut-away button if the room turns.,"1) SETUP: premise line (SCREEN: premise visual). 2) ESCALATE: 2-3 beats, each a screen change (SCREEN: beat cards/clips) with a laugh break after each. 3) TURN: the surprise beat (SCREEN: switcboard flip). 4) BUTTON ENDING: punchline + button visual (SCREEN: button card) - hold 3s. 5) Hard out, next bit.",3-5 graphics/clips + SFX pack; macro wiring; manual fallback for each beat.
1,Easy,Gag,Music,PG,No,Have an embarrassing ad keep popping up.,"Button gag: Have an embarrassing ad keep popping up.. Plays fast - the button fires the visual, the reaction shot lands it, move on.","Music cue stack: backing track + on-screen lyrics (bouncing ball where noted); lighting macro per song, out on the final sting.",One beat maximum - gags die when they linger.,"1) React to a real moment in the room (SCREEN: neutral). 2) BUTTON: visual fires (SCREEN: gag visual + SFX). 3) Reaction shot - hold (LAUGH BREAK 3-5s). 4) Reset face, move on.",Backing track (custom/licensed); lyric overlay template; bouncing-ball animation; song lighting macro; final sting SFX.
1,Easy,Gag,Politics,PG,y,"Due to political anger in the country Facebook has added two new reaction icons. The finger, gun to head","Quick gag: Due to political anger in the country Facebook has added two new reaction icons. The finger, gun to head. Plays fast - the button fires the visual, the reaction shot lands it, move on.","Character-voice preset: distorted face + edited VO clips on buttons; keep it punchline-forward, never a lecture.","Gun material: keep it cartoonish, zero realistic mimicry; venues and insurers are touchy. IP/likeness caution: parody hard, don't clone names/voices/logos verbatim; pre-cleared or self-made assets only.","1) Silent setup - just look at the crowd (SCREEN: neutral). 2) BUTTON: visual fires (SCREEN: gag visual + SFX). 3) Reaction shot - hold (LAUGH BREAK 3-5s). 4) Reset face, move on.",Character-voice preset (face distortion); edited VO clip buttons; punchline-first script.
2,Hard,Bit,Music,G,No,"Make a confusing call to order a hover board, but ask for one that doesn't hover, rather just rolls around. Talk about othe scams","Developed bit: Make a confusing call to order a hover board, but ask for one that doesn't hover, rather just rolls around. Talk about othe scams. Structure: screen sells the premise, escalation beat, button ending. Give it 1-2 minutes max and a hard out.","Fake-call UI overlay (FaceTime/Zoom style): ringtone SFX, answer/decline buttons, pre-recorded caller clips cut as clean answers on their own buttons. + Music cue stack: backing track + on-screen lyrics (bouncing ball where noted); lighting macro per song, out on the final sting.",Rehearse cue timing; keep a cut-away button if the room turns.,"1) SETUP: premise line (SCREEN: premise visual). 2) ESCALATE: 2-3 beats, each a screen change (SCREEN: beat cards/clips) with a laugh break after each. 3) TURN: the surprise beat (SCREEN: switcboard flip). 4) BUTTON ENDING: punchline + button visual (SCREEN: button card) - hold 3s. 5) Hard out, next bit.",Backing track (custom/licensed); lyric overlay template; bouncing-ball animation; song lighting macro; final sting SFX.
1,Easy,Line,OneLiner,R,No,Google translate say something 'bet you run a tight ship' translated to 'your sphincter is clinched tightly',"One-liner: Google translate say something 'bet you run a tight ship' translated to 'your sphincter is clinched tightly'. Fire it as a quick hit between bits; flash a caption or stinger on the face to sell the beat, then keep moving.","Voice-assistant gag: trigger phrase fires pre-recorded deadpan answer clip + listening-dots UI on the face; wrong-answer timing is rehearsed, not ad-libbed.","Identity material: punch at the absurdity or the power, never at the people; expect walk-outs if it reads mean.","1) Setup line delivers the premise (SCREEN: neutral face). 2) Punchline - land it, don't step on it. 3) Optional: flash caption of the punchline (SCREEN: lower-third) (LAUGH BREAK). 4) Move on.",Pre-recorded deadpan assistant answer clips; listening-dots UI animation; trigger-phrase SFX. Goo/slime overlay animation; splat SFX; cleanup note for real props.
2,Mid,Bit,Tech-Call,G,No,"Run funny commercials  Zoomie binoculars, bedside gun rack ..","Set piece: Run funny commercials Zoomie binoculars, bedside gun rack ... Structure: screen sells the premise, escalation beat, button ending. Give it 1-2 minutes max and a hard out.","Fake-call UI overlay (FaceTime/Zoom style): ringtone SFX, answer/decline buttons, pre-recorded caller clips cut as clean answers on their own buttons.","Gun material: keep it cartoonish, zero realistic mimicry; venues and insurers are touchy.","1) SETUP: premise line (SCREEN: premise visual). 2) ESCALATE: 2-3 beats, each a screen change (SCREEN: beat cards/clips) with a laugh break after each. 3) TURN: the surprise beat (SCREEN: switcboard flip). 4) BUTTON ENDING: punchline + button visual (SCREEN: button card) - hold 3s. 5) Hard out, next bit.","Fake-call UI overlay (PSD); ringtone SFX; 3-5 pre-recorded caller clips (15-30s each, cut as clean answers); FaceTime-style UI soundbed."
1,Easy,Gag,Visual,G,No,Lose health when jokes aren't funny,"Quick gag: Lose health when jokes aren't funny. Plays fast - the button fires the visual, the reaction shot lands it, move on.",One app button fires the visual + SFX together; keep a neutral-face reset button next to it.,One beat maximum - gags die when they linger.,"1) Silent setup - just look at the crowd (SCREEN: neutral). 2) BUTTON: visual fires (SCREEN: gag visual + SFX). 3) Reaction shot - hold (LAUGH BREAK 3-5s). 4) Reset face, move on.",1 visual card/PNG or short clip + 1 SFX; bound to a single button.
1,Mid,Bit,Commercial,G,No,"""The more you know"" NBC video after saying something PSA like","Developed bit: ""The more you know"" NBC video after saying something PSA like. Structure: screen sells the premise, escalation beat, button ending. Give it 1-2 minutes max and a hard out.","Build as a macro: 2-4 button presses in sequence (premise visual, escalation, button ending). Manual fallback for each step.",Rehearse cue timing; keep a cut-away button if the room turns.,"1) SETUP: premise line (SCREEN: premise visual). 2) ESCALATE: 2-3 beats, each a screen change (SCREEN: beat cards/clips) with a laugh break after each. 3) TURN: the surprise beat (SCREEN: switcboard flip). 4) BUTTON ENDING: punchline + button visual (SCREEN: button card) - hold 3s. 5) Hard out, next bit.",3-5 graphics/clips + SFX pack; macro wiring; manual fallback for each beat.
,Easy,Dance Break,Music,PG,No,"Bruno Mars Kiss myself I'm so pretty, then show pic of me and make out","Dance break: Bruno Mars Kiss myself I'm so pretty, then show pic of me and make out. High-energy reset between bits - screens carry the visuals/lyrics, performer sells the moves, out before it wears out.",Music track + lighting macro + on-screen visuals on one button; hard-stop button for early outs.,"IP/likeness caution: parody hard, don't clone names/voices/logos verbatim; pre-cleared or self-made assets only.",1) Music fires (SCREEN: title card + lighting macro). 2) 30-45s of moves; screens carry lyrics/visuals (SCREEN: lyric loop) - laugh breaks land on each section change. 3) Final pose on the sting (SCREEN: freeze/stamp). 4) Out fast - don't wear it out.,Backing track; lighting macro; on-screen visual loop; hard-stop button.
1,Easy,Dance Break,Music,G,No,That girl is on fire Dance break my head catches on fire,"Dance break: That girl is on fire Dance break my head catches on fire. High-energy reset between bits - screens carry the visuals/lyrics, performer sells the moves, out before it wears out.",Music track + lighting macro + on-screen visuals on one button; hard-stop button for early outs.,"High energy, short window - 30-60 seconds max.",1) Music fires (SCREEN: title card + lighting macro). 2) 30-45s of moves; screens carry lyrics/visuals (SCREEN: lyric loop) - laugh breaks land on each section change. 3) Final pose on the sting (SCREEN: freeze/stamp). 4) Out fast - don't wear it out.,Backing track; lighting macro; on-screen visual loop; hard-stop button.
,Easy,Gag,Commercial,G,No,Make my head into Minecraft Steve and carry a minecraft sword,"Button gag: Make my head into Minecraft Steve and carry a minecraft sword. Plays fast - the button fires the visual, the reaction shot lands it, move on.",One app button fires the visual + SFX together; keep a neutral-face reset button next to it.,"IP/likeness caution: parody hard, don't clone names/voices/logos verbatim; pre-cleared or self-made assets only.","1) React to a real moment in the room (SCREEN: neutral). 2) BUTTON: visual fires (SCREEN: gag visual + SFX). 3) Reaction shot - hold (LAUGH BREAK 3-5s). 4) Reset face, move on.",1 visual card/PNG or short clip + 1 SFX; bound to a single button.
2,Mid,Bit,History,PG,No,News from history,"Developed bit: News from history. Structure: screen sells the premise, escalation beat, button ending. Give it 1-2 minutes max and a hard out.","Breaking-news package: urgent sting, lower-thirds, ticker on rear screens; head anchors with suit graphic. Abort button restores normal face.",Rehearse cue timing; keep a cut-away button if the room turns.,"1) SETUP: premise line (SCREEN: premise visual). 2) ESCALATE: 2-3 beats, each a screen change (SCREEN: beat cards/clips) with a laugh break after each. 3) TURN: the surprise beat (SCREEN: switcboard flip). 4) BUTTON ENDING: punchline + button visual (SCREEN: button card) - hold 3s. 5) Hard out, next bit.",News sting SFX; lower-third template pack; ticker graphic; anchor-suit face card; ABORT card.
,Mid,Bit,Tech-Call,G,No,Hey Serena set a reminder to call bill Tuesday at 10  Do it your own damn self!  Then get in an argument,"Set piece: Hey Serena set a reminder to call bill Tuesday at 10 Do it your own damn self! Then get in an argument. Structure: screen sells the premise, escalation beat, button ending. Give it 1-2 minutes max and a hard out.","Fake-call UI overlay (FaceTime/Zoom style): ringtone SFX, answer/decline buttons, pre-recorded caller clips cut as clean answers on their own buttons. + Voice-assistant gag: trigger phrase fires pre-recorded deadpan answer clip + listening-dots UI on the face; wrong-answer timing is rehearsed, not ad-libbed.",Rehearse cue timing; keep a cut-away button if the room turns.,"1) SETUP: premise line (SCREEN: premise visual). 2) ESCALATE: 2-3 beats, each a screen change (SCREEN: beat cards/clips) with a laugh break after each. 3) TURN: the surprise beat (SCREEN: switcboard flip). 4) BUTTON ENDING: punchline + button visual (SCREEN: button card) - hold 3s. 5) Hard out, next bit.",Pre-recorded deadpan assistant answer clips; listening-dots UI animation; trigger-phrase SFX.
1,Mid,Bit,Sketch,PG,No,Clippy could pop in as a security expert with conspiracy theories,"Full bit: Clippy could pop in as a security expert with conspiracy theories. Structure: screen sells the premise, escalation beat, button ending. Give it 1-2 minutes max and a hard out.","Build as a macro: 2-4 button presses in sequence (premise visual, escalation, button ending). Manual fallback for each step.",Rehearse cue timing; keep a cut-away button if the room turns.,"1) SETUP: premise line (SCREEN: premise visual). 2) ESCALATE: 2-3 beats, each a screen change (SCREEN: beat cards/clips) with a laugh break after each. 3) TURN: the surprise beat (SCREEN: switcboard flip). 4) BUTTON ENDING: punchline + button visual (SCREEN: button card) - hold 3s. 5) Hard out, next bit.",3-5 graphics/clips + SFX pack; macro wiring; manual fallback for each beat.
,Mid,Bit,Music,PG,No,"Baseball is a mans sport, Football is gay
 Says fav position, 23-69 hike
 Dance in end zone
 First down
 Hug/tackle 
 Baseball hit your balls with a stick
 Baseball wears gloves
 Football Gatorade golden shower","Full bit: Baseball is a mans sport, Football is gay Says fav position, 23-69 hike Dance in end zone First down Hug/tackle Baseball hit your balls with a stick Baseball wears gloves Football Gatorade golden shower. Structure: screen sells the premise, escalation beat, button ending. Give it 1-2 minutes max and a hard out.","Build as a macro: 2-4 button presses in sequence (premise visual, escalation, button ending). Manual fallback for each step.","Identity material: punch at the absurdity or the power, never at the people; expect walk-outs if it reads mean.","1) SETUP: premise line (SCREEN: premise visual). 2) ESCALATE: 2-3 beats, each a screen change (SCREEN: beat cards/clips) with a laugh break after each. 3) TURN: the surprise beat (SCREEN: switcboard flip). 4) BUTTON ENDING: punchline + button visual (SCREEN: button card) - hold 3s. 5) Hard out, next bit.",3-5 graphics/clips + SFX pack; macro wiring; manual fallback for each beat.
,Mid,Bit,History,R,No,,(no idea written yet - fill this row in later),"Build as a macro: 2-4 button presses in sequence (premise visual, escalation, button ending). Manual fallback for each step.",Rehearse cue timing; keep a cut-away button if the room turns.,"1) SETUP: premise line (SCREEN: premise visual). 2) ESCALATE: 2-3 beats, each a screen change (SCREEN: beat cards/clips) with a laugh break after each. 3) TURN: the surprise beat (SCREEN: switcboard flip). 4) BUTTON ENDING: punchline + button visual (SCREEN: button card) - hold 3s. 5) Hard out, next bit.",3-5 graphics/clips + SFX pack; macro wiring; manual fallback for each beat.
1,Mid,Bit,Tech-Call,PG,No,"Pick a guy with a date in the front row then play it time to ruin your life, then skype call his wife, then as a follow call his parents and tell them he's gay","Set piece: Pick a guy with a date in the front row then play it time to ruin your life, then skype call his wife, then as a follow call his parents and tell them he's gay. Structure: screen sells the premise, escalation beat, button ending. Give it 1-2 minutes max and a hard out.","Fake-call UI overlay (FaceTime/Zoom style): ringtone SFX, answer/decline buttons, pre-recorded caller clips cut as clean answers on their own buttons. + Game-show package: scoreboard overlay, lock-in buzzer SFX, board graphics on rear screens; contestant buttons mirror the app.","Identity material: punch at the absurdity or the power, never at the people; expect walk-outs if it reads mean.","1) SETUP: premise line (SCREEN: premise visual). 2) ESCALATE: 2-3 beats, each a screen change (SCREEN: beat cards/clips) with a laugh break after each. 3) TURN: the surprise beat (SCREEN: switcboard flip). 4) BUTTON ENDING: punchline + button visual (SCREEN: button card) - hold 3s. 5) Hard out, next bit.","Fake-call UI overlay (PSD); ringtone SFX; 3-5 pre-recorded caller clips (15-30s each, cut as clean answers); FaceTime-style UI soundbed."
,Mid,Bit,Sketch,PG,No,Have a burn battle where everything is nice you're so good...,"Developed bit: Have a burn battle where everything is nice you're so good.... Structure: screen sells the premise, escalation beat, button ending. Give it 1-2 minutes max and a hard out.","Burn preset: thug-life sticker/grade + 'ohhh' sting SFX on one button; fire once, then back to material.",Rehearse cue timing; keep a cut-away button if the room turns.,"1) SETUP: premise line (SCREEN: premise visual). 2) ESCALATE: 2-3 beats, each a screen change (SCREEN: beat cards/clips) with a laugh break after each. 3) TURN: the surprise beat (SCREEN: switcboard flip). 4) BUTTON ENDING: punchline + button visual (SCREEN: button card) - hold 3s. 5) Hard out, next bit.",Thug-life sticker pack; 'ohhh' sting SFX; auto-reset burn preset. Goo/slime overlay animation; splat SFX; cleanup note for real props.
,Mid,Bit,Audience,G,No,"Do a ventriloquist act with 2 members of the audience wearing bandanas over their faces, and rob a bank","Developed bit: Ventriloquist act with 2 members of the audience wearing bandanas over their faces, and rob a bank. Structure: screen sells the premise, escalation beat, button ending. Give it 1-2 minutes max and a hard out.","Build as a macro: 2-4 button presses in sequence (premise visual, escalation, button ending). Manual fallback for each step.","IP/likeness caution: parody hard, don't clone names/voices/logos verbatim; pre-cleared or self-made assets only.","1) SETUP: premise line (SCREEN: premise visual). 2) ESCALATE: 2-3 beats, each a screen change (SCREEN: beat cards/clips) with a laugh break after each. 3) TURN: the surprise beat (SCREEN: switcboard flip). 4) BUTTON ENDING: punchline + button visual (SCREEN: button card) - hold 3s. 5) Hard out, next bit.",3-5 graphics/clips + SFX pack; macro wiring; manual fallback for each beat.
1,Easy,Gag,Audience,G,No,With an audience member head inside do photo booth shots,"Sight gag: With an audience member head inside do photo booth shots. Plays fast - the button fires the visual, the reaction shot lands it, move on.","Audience-cam pass-through to head/rear screens; rehearse crop/freeze on a stand-in, keep latency under ~200ms.",One beat maximum - gags die when they linger.,"1) Quick setup line (SCREEN: neutral). 2) BUTTON: visual fires (SCREEN: gag visual + SFX). 3) Reaction shot - hold (LAUGH BREAK 3-5s). 4) Reset face, move on.",Audience-cam feed config; crop/freeze preset; optional grade LUT (grayscale/heart frame).
1,Mid,Bit,Sketch,G,No,"Rewind, record show then go back and have a new comeback or do over","Full bit: Rewind, record show then go back and have a new comeback or do over. Structure: screen sells the premise, escalation beat, button ending. Give it 1-2 minutes max and a hard out.","Burn preset: thug-life sticker/grade + 'ohhh' sting SFX on one button; fire once, then back to material. + Playback FX preset: slow-mo/rewind/freeze on the face with tape SFX; performer moves match the speed for the sell.",Rehearse cue timing; keep a cut-away button if the room turns.,"1) SETUP: premise line (SCREEN: premise visual). 2) ESCALATE: 2-3 beats, each a screen change (SCREEN: beat cards/clips) with a laugh break after each. 3) TURN: the surprise beat (SCREEN: switcboard flip). 4) BUTTON ENDING: punchline + button visual (SCREEN: button card) - hold 3s. 5) Hard out, next bit.",Thug-life sticker pack; 'ohhh' sting SFX; auto-reset burn preset. Playback FX preset (slow-mo/rewind/freeze) + tape SFX; matched-movement rehearsal note.
2,Hard,Bit,Sketch,G,No,Take a pill then go into a crazy psychedelic world with unicorn whales,"Full bit: Take a pill then go into a crazy psychedelic world with unicorn whales. Structure: screen sells the premise, escalation beat, button ending. Give it 1-2 minutes max and a hard out.","Build as a macro: 2-4 button presses in sequence (premise visual, escalation, button ending). Manual fallback for each step.",Rehearse cue timing; keep a cut-away button if the room turns.,"1) SETUP: premise line (SCREEN: premise visual). 2) ESCALATE: 2-3 beats, each a screen change (SCREEN: beat cards/clips) with a laugh break after each. 3) TURN: the surprise beat (SCREEN: switcboard flip). 4) BUTTON ENDING: punchline + button visual (SCREEN: button card) - hold 3s. 5) Hard out, next bit.",3-5 graphics/clips + SFX pack; macro wiring; manual fallback for each beat.
2,Mid,Bit,Sketch,PG,y,Go to a live interview with a informant on the Clinton show guy laying in a casket,"Set piece: Go to a live interview with a informant on the Clinton show guy laying in a casket. Structure: screen sells the premise, escalation beat, button ending. Give it 1-2 minutes max and a hard out.","Build as a macro: 2-4 button presses in sequence (premise visual, escalation, button ending). Manual fallback for each step.",Political likeness: punchlines must be bipartisan or self-deprecating; venues book the room they want back.,"1) SETUP: premise line (SCREEN: premise visual). 2) ESCALATE: 2-3 beats, each a screen change (SCREEN: beat cards/clips) with a laugh break after each. 3) TURN: the surprise beat (SCREEN: switcboard flip). 4) BUTTON ENDING: punchline + button visual (SCREEN: button card) - hold 3s. 5) Hard out, next bit.",3-5 graphics/clips + SFX pack; macro wiring; manual fallback for each beat.
1,Easy,Dance Break,Music,G,No,Have a sing along like the gong show with the words on the screen,"Dance break: Have a sing along like the gong show with the words on the screen. High-energy reset between bits - screens carry the visuals/lyrics, performer sells the moves, out before it wears out.","Music cue stack: backing track + on-screen lyrics (bouncing ball where noted); lighting macro per song, out on the final sting.","High energy, short window - 30-60 seconds max.",1) Music fires (SCREEN: title card + lighting macro). 2) 30-45s of moves; screens carry lyrics/visuals (SCREEN: lyric loop) - laugh breaks land on each section change. 3) Final pose on the sting (SCREEN: freeze/stamp). 4) Out fast - don't wear it out.,Backing track (custom/licensed); lyric overlay template; bouncing-ball animation; song lighting macro; final sting SFX.
1,Mid,Bit,Sketch,PG,No,Flash up a stupid meme with a beautiful background jack handy style,"Set piece: Flash up a stupid meme with a beautiful background jack handy style. Structure: screen sells the premise, escalation beat, button ending. Give it 1-2 minutes max and a hard out.","Build as a macro: 2-4 button presses in sequence (premise visual, escalation, button ending). Manual fallback for each step.",Rehearse cue timing; keep a cut-away button if the room turns.,"1) SETUP: premise line (SCREEN: premise visual). 2) ESCALATE: 2-3 beats, each a screen change (SCREEN: beat cards/clips) with a laugh break after each. 3) TURN: the surprise beat (SCREEN: switcboard flip). 4) BUTTON ENDING: punchline + button visual (SCREEN: button card) - hold 3s. 5) Hard out, next bit.",3-5 graphics/clips + SFX pack; macro wiring; manual fallback for each beat.
,Easy,Line,OneLiner,G,No,Nishek lets focus on everything,"One-liner: Nishek lets focus on everything. Fire it as a quick hit between bits; flash a caption or stinger on the face to sell the beat, then keep moving.",Optional: flash the punchline as a lower-third caption after it lands. Delivery-only otherwise.,Delivery-only; adjust to room temperature on the fly.,"1) Setup line delivers the premise (SCREEN: neutral face). 2) Punchline - land it, don't step on it. 3) Optional: flash caption of the punchline (SCREEN: lower-third) (LAUGH BREAK). 4) Move on.",Optional punchline caption (lower-third PNG). Delivery-only otherwise.
,Easy,Line,OneLiner,PG,No,Like assume em-bare-assed,"One-liner: Like assume em-bare-assed. Fire it as a quick hit between bits; flash a caption or stinger on the face to sell the beat, then keep moving.",Optional: flash the punchline as a lower-third caption after it lands. Delivery-only otherwise.,Delivery-only; adjust to room temperature on the fly.,"1) Setup line delivers the premise (SCREEN: neutral face). 2) Punchline - land it, don't step on it. 3) Optional: flash caption of the punchline (SCREEN: lower-third) (LAUGH BREAK). 4) Move on.",Optional punchline caption (lower-third PNG). Delivery-only otherwise.
,Mid,Bit,Politics,PG,y,"Ask a Watson type character 2 liberal hypocritical questions, like male and female are the only genders and which party is the party of science","Full bit: Ask a Watson type character 2 liberal hypocritical questions, like male and female are the only genders and which party is the party of science. Structure: screen sells the premise, escalation beat, button ending. Give it 1-2 minutes max and a hard out.","Character-voice preset: distorted face + edited VO clips on buttons; keep it punchline-forward, never a lecture.","Identity material: punch at the absurdity or the power, never at the people; expect walk-outs if it reads mean.","1) SETUP: premise line (SCREEN: premise visual). 2) ESCALATE: 2-3 beats, each a screen change (SCREEN: beat cards/clips) with a laugh break after each. 3) TURN: the surprise beat (SCREEN: switcboard flip). 4) BUTTON ENDING: punchline + button visual (SCREEN: button card) - hold 3s. 5) Hard out, next bit.",Character-voice preset (face distortion); edited VO clip buttons; punchline-first script.
,Mid,Bit,Sketch,PG,No,Jenny Joomer,"Full bit: Jenny Joomer. Structure: screen sells the premise, escalation beat, button ending. Give it 1-2 minutes max and a hard out.","Build as a macro: 2-4 button presses in sequence (premise visual, escalation, button ending). Manual fallback for each step.",Rehearse cue timing; keep a cut-away button if the room turns.,"1) SETUP: premise line (SCREEN: premise visual). 2) ESCALATE: 2-3 beats, each a screen change (SCREEN: beat cards/clips) with a laugh break after each. 3) TURN: the surprise beat (SCREEN: switcboard flip). 4) BUTTON ENDING: punchline + button visual (SCREEN: button card) - hold 3s. 5) Hard out, next bit.",3-5 graphics/clips + SFX pack; macro wiring; manual fallback for each beat.
,Mid,Bit,Commercial,G,No,Put a screen on the back so I can turn around and gun battle and have an attitude like the black rifle coffee commercials,"Set piece: Put a screen on the back so I can turn around and gun battle and have an attitude like the black rifle coffee commercials. Structure: screen sells the premise, escalation beat, button ending. Give it 1-2 minutes max and a hard out.","Action-loop preset: rear screens run the attack/game clip, head shows game HUD; choreograph safe directions, nothing real gets fired.","Gun material: keep it cartoonish, zero realistic mimicry; venues and insurers are touchy.","1) SETUP: premise line (SCREEN: premise visual). 2) ESCALATE: 2-3 beats, each a screen change (SCREEN: beat cards/clips) with a laugh break after each. 3) TURN: the surprise beat (SCREEN: switcboard flip). 4) BUTTON ENDING: punchline + button visual (SCREEN: button card) - hold 3s. 5) Hard out, next bit.",Zombie/attack loop clip (green-screen elements); game-HUD overlay; hit SFX; direction choreography note. Battery-low banner; dim-to-black preset; power-down chime; restore color-bars beat.
1,Easy,Gag,Audience,G,No,After battling funny things turn around and walk towards the audience while an explosion behind me goes off,"Button gag: After battling funny things turn around and walk towards the audience while an explosion behind me goes off. Plays fast - the button fires the visual, the reaction shot lands it, move on.",Pyro-SFX cue: screens flash + concussive SFX while the performer sells the blast; no real pyro needed.,One beat maximum - gags die when they linger.,"1) React to a real moment in the room (SCREEN: neutral). 2) BUTTON: visual fires (SCREEN: gag visual + SFX). 3) Reaction shot - hold (LAUGH BREAK 3-5s). 4) Reset face, move on.",Battery-low banner; dim-to-black preset; power-down chime; restore color-bars beat. Flash-frame clip; concussive SFX; screens white-flash macro (no real pyro).
,Easy,Gag,Visual,PG,No,Reminder pops up I can’t believe I forgot to do this 9 years in a row,"Button gag: Reminder pops up I can’t believe I forgot to do this 9 years in a row. Plays fast - the button fires the visual, the reaction shot lands it, move on.",One app button fires the visual + SFX together; keep a neutral-face reset button next to it.,One beat maximum - gags die when they linger.,"1) Silent setup - just look at the crowd (SCREEN: neutral). 2) BUTTON: visual fires (SCREEN: gag visual + SFX). 3) Reaction shot - hold (LAUGH BREAK 3-5s). 4) Reset face, move on.",1 visual card/PNG or short clip + 1 SFX; bound to a single button.
1,Easy,Gag,Visual,G,No,"1,000,000 laugh/joke winner","Quick gag: 1,000,000 laugh/joke winner. Plays fast - the button fires the visual, the reaction shot lands it, move on.",One app button fires the visual + SFX together; keep a neutral-face reset button next to it.,One beat maximum - gags die when they linger.,"1) Silent setup - just look at the crowd (SCREEN: neutral). 2) BUTTON: visual fires (SCREEN: gag visual + SFX). 3) Reaction shot - hold (LAUGH BREAK 3-5s). 4) Reset face, move on.",1 visual card/PNG or short clip + 1 SFX; bound to a single button.
1,Mid,Bit,Sketch,PG,No,"Have a enemies list  - make fun of people that make fun of HC, going to connect to your tesla, toaster, thermostat, doorbell and fridge","Full bit: Have a enemies list - make fun of people that make fun of HC, going to connect to your tesla, toaster, thermostat, doorbell and fridge. Structure: screen sells the premise, escalation beat, button ending. Give it 1-2 minutes max and a hard out.","Build as a macro: 2-4 button presses in sequence (premise visual, escalation, button ending). Manual fallback for each step.",Rehearse cue timing; keep a cut-away button if the room turns.,"1) SETUP: premise line (SCREEN: premise visual). 2) ESCALATE: 2-3 beats, each a screen change (SCREEN: beat cards/clips) with a laugh break after each. 3) TURN: the surprise beat (SCREEN: switcboard flip). 4) BUTTON ENDING: punchline + button visual (SCREEN: button card) - hold 3s. 5) Hard out, next bit.",3-5 graphics/clips + SFX pack; macro wiring; manual fallback for each beat.
,Easy,Gag,Spooky,G,No,"when turned around shooting zombies coming , do a slow mo matrix style duck, with a funny face full exorcist around head dodge..","Quick gag: When turned around shooting zombies coming , do a slow mo matrix style duck, with a funny face full exorcist around head dodge... Plays fast - the button fires the visual, the reaction shot lands it, move on.","Action-loop preset: rear screens run the attack/game clip, head shows game HUD; choreograph safe directions, nothing real gets fired. + Playback FX preset: slow-mo/rewind/freeze on the face with tape SFX; performer moves match the speed for the sell.",One beat maximum - gags die when they linger.,"1) Silent setup - just look at the crowd (SCREEN: neutral). 2) BUTTON: visual fires (SCREEN: gag visual + SFX). 3) Reaction shot - hold (LAUGH BREAK 3-5s). 4) Reset face, move on.",Zombie/attack loop clip (green-screen elements); game-HUD overlay; hit SFX; direction choreography note. Playback FX preset (slow-mo/rewind/freeze) + tape SFX; matched-movement rehearsal note.
,Hard,Bit,Music,G,No,"Do a parody song using guitar hero, and when i lose the game, say ahh i had so many more funny things to sing","Set piece: Parody song using guitar hero, and when i lose the game, say ahh i had so many more funny things to sing. Structure: screen sells the premise, escalation beat, button ending. Give it 1-2 minutes max and a hard out.","Game-show package: scoreboard overlay, lock-in buzzer SFX, board graphics on rear screens; contestant buttons mirror the app. + Music cue stack: backing track + on-screen lyrics (bouncing ball where noted); lighting macro per song, out on the final sting.","IP/likeness caution: parody hard, don't clone names/voices/logos verbatim; pre-cleared or self-made assets only.","1) SETUP: premise line (SCREEN: premise visual). 2) ESCALATE: 2-3 beats, each a screen change (SCREEN: beat cards/clips) with a laugh break after each. 3) TURN: the surprise beat (SCREEN: switcboard flip). 4) BUTTON ENDING: punchline + button visual (SCREEN: button card) - hold 3s. 5) Hard out, next bit.",Backing track (custom/licensed); lyric overlay template; bouncing-ball animation; song lighting macro; final sting SFX.
,Mid,Bit,Politics,G,y,Have a yo mama fight with obama,"Full bit: Have a yo mama fight with obama. Structure: screen sells the premise, escalation beat, button ending. Give it 1-2 minutes max and a hard out.","Character-voice preset: distorted face + edited VO clips on buttons; keep it punchline-forward, never a lecture.",Political likeness: punchlines must be bipartisan or self-deprecating; venues book the room they want back.,"1) SETUP: premise line (SCREEN: premise visual). 2) ESCALATE: 2-3 beats, each a screen change (SCREEN: beat cards/clips) with a laugh break after each. 3) TURN: the surprise beat (SCREEN: switcboard flip). 4) BUTTON ENDING: punchline + button visual (SCREEN: button card) - hold 3s. 5) Hard out, next bit.",Thug-life sticker pack; 'ohhh' sting SFX; auto-reset burn preset. Character-voice preset (face distortion); edited VO clip buttons; punchline-first script.
1,Easy,Gag,Audience,PG,No,Take a drink then show the audience as a bunch of zombies or something,"Quick gag: Take a drink then show the audience as a bunch of zombies or something. Plays fast - the button fires the visual, the reaction shot lands it, move on.","Action-loop preset: rear screens run the attack/game clip, head shows game HUD; choreograph safe directions, nothing real gets fired.",One beat maximum - gags die when they linger.,"1) React to a real moment in the room (SCREEN: neutral). 2) BUTTON: visual fires (SCREEN: gag visual + SFX). 3) Reaction shot - hold (LAUGH BREAK 3-5s). 4) Reset face, move on.",Zombie/attack loop clip (green-screen elements); game-HUD overlay; hit SFX; direction choreography note.
1,Easy,Gag,Visual,PG,No,Take a drink then show a girl or dude looking really hot as if through beer gogles,"Quick gag: Take a drink then show a girl or dude looking really hot as if through beer gogles. Plays fast - the button fires the visual, the reaction shot lands it, move on.",One app button fires the visual + SFX together; keep a neutral-face reset button next to it.,One beat maximum - gags die when they linger.,"1) Silent setup - just look at the crowd (SCREEN: neutral). 2) BUTTON: visual fires (SCREEN: gag visual + SFX). 3) Reaction shot - hold (LAUGH BREAK 3-5s). 4) Reset face, move on.",1 visual card/PNG or short clip + 1 SFX; bound to a single button.
,Mid,Bit,Commercial,PG,No,"Upload a funny video , get mad, say OK GOOGLE! progressively more absurd actions","Developed bit: Upload a funny video , get mad, say OK GOOGLE! progressively more absurd actions. Structure: screen sells the premise, escalation beat, button ending. Give it 1-2 minutes max and a hard out.","Voice-assistant gag: trigger phrase fires pre-recorded deadpan answer clip + listening-dots UI on the face; wrong-answer timing is rehearsed, not ad-libbed.",Rehearse cue timing; keep a cut-away button if the room turns.,"1) SETUP: premise line (SCREEN: premise visual). 2) ESCALATE: 2-3 beats, each a screen change (SCREEN: beat cards/clips) with a laugh break after each. 3) TURN: the surprise beat (SCREEN: switcboard flip). 4) BUTTON ENDING: punchline + button visual (SCREEN: button card) - hold 3s. 5) Hard out, next bit.",Pre-recorded deadpan assistant answer clips; listening-dots UI animation; trigger-phrase SFX. Goo/slime overlay animation; splat SFX; cleanup note for real props.
2,Mid,Bit,SciFi,G,No,"Have a outer space background, then maybe be pabducted and travel off in a rocket in another planet, then meet aliens","Developed bit: Have a outer space background, then maybe be pabducted and travel off in a rocket in another planet, then meet aliens. Structure: screen sells the premise, escalation beat, button ending. Give it 1-2 minutes max and a hard out.","Build as a macro: 2-4 button presses in sequence (premise visual, escalation, button ending). Manual fallback for each step.",Rehearse cue timing; keep a cut-away button if the room turns.,"1) SETUP: premise line (SCREEN: premise visual). 2) ESCALATE: 2-3 beats, each a screen change (SCREEN: beat cards/clips) with a laugh break after each. 3) TURN: the surprise beat (SCREEN: switcboard flip). 4) BUTTON ENDING: punchline + button visual (SCREEN: button card) - hold 3s. 5) Hard out, next bit.",Space/cockpit background plates; abduction beam clip; sci-fi SFX pack.
,Mid,Bit,Sketch,G,No,Have my profile fly in from the side and say something funny to me,"Set piece: Have my profile fly in from the side and say something funny to me. Structure: screen sells the premise, escalation beat, button ending. Give it 1-2 minutes max and a hard out.","Build as a macro: 2-4 button presses in sequence (premise visual, escalation, button ending). Manual fallback for each step.",Rehearse cue timing; keep a cut-away button if the room turns.,"1) SETUP: premise line (SCREEN: premise visual). 2) ESCALATE: 2-3 beats, each a screen change (SCREEN: beat cards/clips) with a laugh break after each. 3) TURN: the surprise beat (SCREEN: switcboard flip). 4) BUTTON ENDING: punchline + button visual (SCREEN: button card) - hold 3s. 5) Hard out, next bit.",Animated bug overlay (loops around head); swat/zip SFX.
,Easy,Gag,Tech-Call,G,No,"Have fake heckler recording where heckler says ‘you are so good looking’ or stop being funny. Or have an on screen argument with a virtual Skype heckler in a group audience conference call 
 Or have lots of recorded recognizable catch phrases recordings that are played as hecklers","Button gag: Have fake heckler recording where heckler says ‘you are so good looking’ or stop being funny. Or have an on screen argument with a virtual Skype heckler in a group audience conference call Or have lots of recorded recognizable catch phrases recordings that are played as hecklers. Plays fast - the button fires the visual, the reaction shot lands it, move on.","Fake-call UI overlay (FaceTime/Zoom style): ringtone SFX, answer/decline buttons, pre-recorded caller clips cut as clean answers on their own buttons. + Game-show package: scoreboard overlay, lock-in buzzer SFX, board graphics on rear screens; contestant buttons mirror the app. + Burn preset: thug-life sticker/grade + 'ohhh' sting SFX on one button; fire once, then back to material.",One beat maximum - gags die when they linger.,"1) React to a real moment in the room (SCREEN: neutral). 2) BUTTON: visual fires (SCREEN: gag visual + SFX). 3) Reaction shot - hold (LAUGH BREAK 3-5s). 4) Reset face, move on.","Fake-call UI overlay (PSD); ringtone SFX; 3-5 pre-recorded caller clips (15-30s each, cut as clean answers); FaceTime-style UI soundbed. Thug-life sticker pack; 'ohhh' sting SFX; auto-reset burn preset. Goo/slime overlay animation; splat SFX; cleanup note for real props."
,Mid,Bit,Audience,G,No,Do something like RebeccaLoops on Youtube with audience members and replaying their faces..,"Developed bit: Do something like RebeccaLoops on Youtube with audience members and replaying their faces... Structure: screen sells the premise, escalation beat, button ending. Give it 1-2 minutes max and a hard out.","Audience-cam pass-through to head/rear screens; rehearse crop/freeze on a stand-in, keep latency under ~200ms. + Game-show package: scoreboard overlay, lock-in buzzer SFX, board graphics on rear screens; contestant buttons mirror the app.",Rehearse cue timing; keep a cut-away button if the room turns.,"1) SETUP: premise line (SCREEN: premise visual). 2) ESCALATE: 2-3 beats, each a screen change (SCREEN: beat cards/clips) with a laugh break after each. 3) TURN: the surprise beat (SCREEN: switcboard flip). 4) BUTTON ENDING: punchline + button visual (SCREEN: button card) - hold 3s. 5) Hard out, next bit.",3-5 graphics/clips + SFX pack; macro wiring; manual fallback for each beat.
,Mid,Bit,Sketch,G,No,Do a bit like Abbot and Costello where they pay money to each other (use Venmo),"Full bit: Bit like Abbot and Costello where they pay money to each other (use Venmo). Structure: screen sells the premise, escalation beat, button ending. Give it 1-2 minutes max and a hard out.","Build as a macro: 2-4 button presses in sequence (premise visual, escalation, button ending). Manual fallback for each step.","IP/likeness caution: parody hard, don't clone names/voices/logos verbatim; pre-cleared or self-made assets only.","1) SETUP: premise line (SCREEN: premise visual). 2) ESCALATE: 2-3 beats, each a screen change (SCREEN: beat cards/clips) with a laugh break after each. 3) TURN: the surprise beat (SCREEN: switcboard flip). 4) BUTTON ENDING: punchline + button visual (SCREEN: button card) - hold 3s. 5) Hard out, next bit.",3-5 graphics/clips + SFX pack; macro wiring; manual fallback for each beat.
,Easy,Gag,Visual,G,No,Include body tracking Avatar... https://www.youtube.com/watch?v=i51CizUXd7A&feature=youtu.be,"Button gag: Include body tracking Avatar... https://www.youtube.com/watch?v=i51CizUXd7A&feature=youtu.be. Plays fast - the button fires the visual, the reaction shot lands it, move on.",One app button fires the visual + SFX together; keep a neutral-face reset button next to it.,One beat maximum - gags die when they linger.,"1) Silent setup - just look at the crowd (SCREEN: neutral). 2) BUTTON: visual fires (SCREEN: gag visual + SFX). 3) Reaction shot - hold (LAUGH BREAK 3-5s). 4) Reset face, move on.",1 visual card/PNG or short clip + 1 SFX; bound to a single button.
1,Mid,Bit,Tech-Call,G,No,"Have the blue screen of death(computer crash) , and while locked call Microsoft support","Full bit: Have the blue screen of death(computer crash) , and while locked call Microsoft support. Structure: screen sells the premise, escalation beat, button ending. Give it 1-2 minutes max and a hard out.","Fake-call UI overlay (FaceTime/Zoom style): ringtone SFX, answer/decline buttons, pre-recorded caller clips cut as clean answers on their own buttons. + System-glitch presets: BSOD, buffering wheel, test-pattern - each on its own button with matching SFX; face restores with a reboot chime.",Rehearse cue timing; keep a cut-away button if the room turns.,"1) SETUP: premise line (SCREEN: premise visual). 2) ESCALATE: 2-3 beats, each a screen change (SCREEN: beat cards/clips) with a laugh break after each. 3) TURN: the surprise beat (SCREEN: switcboard flip). 4) BUTTON ENDING: punchline + button visual (SCREEN: button card) - hold 3s. 5) Hard out, next bit.",BSOD card; buffering spinner animation; color-bars card; power-down + reboot chimes.
1,Easy,Gag,Music,G,No,"bring something up to search, have a recent search dropdown (embarrassing), then slow move the mouse to clear recent","Button gag: Bring something up to search, have a recent search dropdown (embarrassing), then slow move the mouse to clear recent. Plays fast - the button fires the visual, the reaction shot lands it, move on.","Music cue stack: backing track + on-screen lyrics (bouncing ball where noted); lighting macro per song, out on the final sting. + Playback FX preset: slow-mo/rewind/freeze on the face with tape SFX; performer moves match the speed for the sell.","IP/likeness caution: parody hard, don't clone names/voices/logos verbatim; pre-cleared or self-made assets only.","1) React to a real moment in the room (SCREEN: neutral). 2) BUTTON: visual fires (SCREEN: gag visual + SFX). 3) Reaction shot - hold (LAUGH BREAK 3-5s). 4) Reset face, move on.",Backing track (custom/licensed); lyric overlay template; bouncing-ball animation; song lighting macro; final sting SFX. Playback FX preset (slow-mo/rewind/freeze) + tape SFX; matched-movement rehearsal note.
1,Easy,Gag,Visual,G,No,have real time comedy stats tracking comedy quality/ jokes per minutes laugh ration offensive rating,"Button gag: Have real time comedy stats tracking comedy quality/ jokes per minutes laugh ration offensive rating. Plays fast - the button fires the visual, the reaction shot lands it, move on.",One app button fires the visual + SFX together; keep a neutral-face reset button next to it.,One beat maximum - gags die when they linger.,"1) React to a real moment in the room (SCREEN: neutral). 2) BUTTON: visual fires (SCREEN: gag visual + SFX). 3) Reaction shot - hold (LAUGH BREAK 3-5s). 4) Reset face, move on.",1 visual card/PNG or short clip + 1 SFX; bound to a single button.
1,Easy,Device,Tooling,G,No,hc mobile app for interaction,"Tooling, not a bit on its own: Hc mobile app for interaction. Build it into the control panel once and it quietly powers other rows; test in an empty room before relying on it live.",Add to the control panel; test latency and failure modes in an empty room. Keep a manual fallback.,"Failure modes: test in an empty room, keep a manual fallback.","BUILD, not stage time. 1) Spec the feature. 2) Implement + unit-test in empty room. 3) Latency + failure-mode drill (SCREEN: n/a). 4) Document the button mapping. No laugh breaks - it powers other bits.",Control-panel config; latency/failure test checklist; manual fallback.
,Mid,Bit,Audience,G,No,"Roll down a fake suit, then crawl out to the crowd and heckle a head video of my self","Full bit: Roll down a fake suit, then crawl out to the crowd and heckle a head video of my self. Structure: screen sells the premise, escalation beat, button ending. Give it 1-2 minutes max and a hard out.","Build as a macro: 2-4 button presses in sequence (premise visual, escalation, button ending). Manual fallback for each step.",Rehearse cue timing; keep a cut-away button if the room turns.,"1) SETUP: premise line (SCREEN: premise visual). 2) ESCALATE: 2-3 beats, each a screen change (SCREEN: beat cards/clips) with a laugh break after each. 3) TURN: the surprise beat (SCREEN: switcboard flip). 4) BUTTON ENDING: punchline + button visual (SCREEN: button card) - hold 3s. 5) Hard out, next bit.",3-5 graphics/clips + SFX pack; macro wiring; manual fallback for each beat.
1,Mid,Bit,Commercial,G,No,"Oh no the cops are here Everybody hide . Take off jacket, have a white shirt sleeve shirt, Put up a geek squad group picture behind","Set piece: Oh no the cops are here Everybody hide . Take off jacket, have a white shirt sleeve shirt, Put up a geek squad group picture behind. Structure: screen sells the premise, escalation beat, button ending. Give it 1-2 minutes max and a hard out.","Mugshot/booking preset: height-chart backdrop, grayscale grade, PERP lower-third with room for a custom name.",Rehearse cue timing; keep a cut-away button if the room turns.,"1) SETUP: premise line (SCREEN: premise visual). 2) ESCALATE: 2-3 beats, each a screen change (SCREEN: beat cards/clips) with a laugh break after each. 3) TURN: the surprise beat (SCREEN: switcboard flip). 4) BUTTON ENDING: punchline + button visual (SCREEN: button card) - hold 3s. 5) Hard out, next bit.",Height-chart backdrop; grayscale LUT; custom-name lower-third; camera-click SFX.
2,Mid,Bit,Music,G,No,"Come out as Mr Rogers in a sweater, start singing a sweet song, changing into Kiss like boots and coat and launch into hard Lincoln park parody verse","Full bit: Come out as Mr Rogers in a sweater, start singing a sweet song, changing into Kiss like boots and coat and launch into hard Lincoln park parody verse. Structure: screen sells the premise, escalation beat, button ending. Give it 1-2 minutes max and a hard out.","Music cue stack: backing track + on-screen lyrics (bouncing ball where noted); lighting macro per song, out on the final sting.","IP/likeness caution: parody hard, don't clone names/voices/logos verbatim; pre-cleared or self-made assets only.","1) SETUP: premise line (SCREEN: premise visual). 2) ESCALATE: 2-3 beats, each a screen change (SCREEN: beat cards/clips) with a laugh break after each. 3) TURN: the surprise beat (SCREEN: switcboard flip). 4) BUTTON ENDING: punchline + button visual (SCREEN: button card) - hold 3s. 5) Hard out, next bit.",Backing track (custom/licensed); lyric overlay template; bouncing-ball animation; song lighting macro; final sting SFX.
1,Mid,Bit,Politics,G,No,"If someone talks, go to a ‘Breaking News Alert’ then split screen with the person who was talking","Set piece: If someone talks, go to a ‘Breaking News Alert’ then split screen with the person who was talking. Structure: screen sells the premise, escalation beat, button ending. Give it 1-2 minutes max and a hard out.","Breaking-news package: urgent sting, lower-thirds, ticker on rear screens; head anchors with suit graphic. Abort button restores normal face.",Rehearse cue timing; keep a cut-away button if the room turns.,"1) SETUP: premise line (SCREEN: premise visual). 2) ESCALATE: 2-3 beats, each a screen change (SCREEN: beat cards/clips) with a laugh break after each. 3) TURN: the surprise beat (SCREEN: switcboard flip). 4) BUTTON ENDING: punchline + button visual (SCREEN: button card) - hold 3s. 5) Hard out, next bit.",News sting SFX; lower-third template pack; ticker graphic; anchor-suit face card; ABORT card.
2,Mid,Bit,Politics,G,y,"Answer an incoming call from a telemarketer , maybe a Democrat politician asking for money","Developed bit: Answer an incoming call from a telemarketer , maybe a Democrat politician asking for money. Structure: screen sells the premise, escalation beat, button ending. Give it 1-2 minutes max and a hard out.","Fake-call UI overlay (FaceTime/Zoom style): ringtone SFX, answer/decline buttons, pre-recorded caller clips cut as clean answers on their own buttons. + Character-voice preset: distorted face + edited VO clips on buttons; keep it punchline-forward, never a lecture.",Rehearse cue timing; keep a cut-away button if the room turns.,"1) SETUP: premise line (SCREEN: premise visual). 2) ESCALATE: 2-3 beats, each a screen change (SCREEN: beat cards/clips) with a laugh break after each. 3) TURN: the surprise beat (SCREEN: switcboard flip). 4) BUTTON ENDING: punchline + button visual (SCREEN: button card) - hold 3s. 5) Hard out, next bit.","Fake-call UI overlay (PSD); ringtone SFX; 3-5 pre-recorded caller clips (15-30s each, cut as clean answers); FaceTime-style UI soundbed. Character-voice preset (face distortion); edited VO clip buttons; punchline-first script."
1,Easy,Gag,Politics,G,y,If someone heckles  Switch to trump face and yell you are fake news,"Quick gag: If someone heckles Switch to trump face and yell you are fake news. Plays fast - the button fires the visual, the reaction shot lands it, move on.","Breaking-news package: urgent sting, lower-thirds, ticker on rear screens; head anchors with suit graphic. Abort button restores normal face. + Character-voice preset: distorted face + edited VO clips on buttons; keep it punchline-forward, never a lecture.",Political likeness: punchlines must be bipartisan or self-deprecating; venues book the room they want back.,"1) Quick setup line (SCREEN: neutral). 2) BUTTON: visual fires (SCREEN: gag visual + SFX). 3) Reaction shot - hold (LAUGH BREAK 3-5s). 4) Reset face, move on.",News sting SFX; lower-third template pack; ticker graphic; anchor-suit face card; ABORT card. Character-voice preset (face distortion); edited VO clip buttons; punchline-first script.
,Mid,Bit,SciFi,G,No,1st interview with a guy in Space Force,"Full bit: 1st interview with a guy in Space Force. Structure: screen sells the premise, escalation beat, button ending. Give it 1-2 minutes max and a hard out.","Build as a macro: 2-4 button presses in sequence (premise visual, escalation, button ending). Manual fallback for each step.",Rehearse cue timing; keep a cut-away button if the room turns.,"1) SETUP: premise line (SCREEN: premise visual). 2) ESCALATE: 2-3 beats, each a screen change (SCREEN: beat cards/clips) with a laugh break after each. 3) TURN: the surprise beat (SCREEN: switcboard flip). 4) BUTTON ENDING: punchline + button visual (SCREEN: button card) - hold 3s. 5) Hard out, next bit.",Space/cockpit background plates; abduction beam clip; sci-fi SFX pack.
1,Easy,Gag,Commercial,G,No,Warning....Overload....Too Funny!!,"Button gag: Warning....Overload....Too Funny!!. Plays fast - the button fires the visual, the reaction shot lands it, move on.",One app button fires the visual + SFX together; keep a neutral-face reset button next to it.,One beat maximum - gags die when they linger.,"1) React to a real moment in the room (SCREEN: neutral). 2) BUTTON: visual fires (SCREEN: gag visual + SFX). 3) Reaction shot - hold (LAUGH BREAK 3-5s). 4) Reset face, move on.",1 visual card/PNG or short clip + 1 SFX; bound to a single button.
,Mid,Bit,Music,G,No,"The Meme Song, put funny memes into a song, and play them accompanied by Guitar Hero (maybe)","Full bit: The Meme Song, put funny memes into a song, and play them accompanied by Guitar Hero (maybe). Structure: screen sells the premise, escalation beat, button ending. Give it 1-2 minutes max and a hard out.","Game-show package: scoreboard overlay, lock-in buzzer SFX, board graphics on rear screens; contestant buttons mirror the app. + Music cue stack: backing track + on-screen lyrics (bouncing ball where noted); lighting macro per song, out on the final sting.","IP/likeness caution: parody hard, don't clone names/voices/logos verbatim; pre-cleared or self-made assets only.","1) SETUP: premise line (SCREEN: premise visual). 2) ESCALATE: 2-3 beats, each a screen change (SCREEN: beat cards/clips) with a laugh break after each. 3) TURN: the surprise beat (SCREEN: switcboard flip). 4) BUTTON ENDING: punchline + button visual (SCREEN: button card) - hold 3s. 5) Hard out, next bit.",Backing track (custom/licensed); lyric overlay template; bouncing-ball animation; song lighting macro; final sting SFX.
,Easy,Gag,Commercial,G,No,test of the emergency broadcast system,"Quick gag: Test of the emergency broadcast system. Plays fast - the button fires the visual, the reaction shot lands it, move on.","Breaking-news package: urgent sting, lower-thirds, ticker on rear screens; head anchors with suit graphic. Abort button restores normal face. + System-alert overlay with authentic alert tone at moderated volume; kill switch on the same button.",One beat maximum - gags die when they linger.,"1) Silent setup - just look at the crowd (SCREEN: neutral). 2) BUTTON: visual fires (SCREEN: gag visual + SFX). 3) Reaction shot - hold (LAUGH BREAK 3-5s). 4) Reset face, move on.",EAS-style alert tone (moderated volume edit); banner overlay; kill-switch binding.
1,Easy,Device,Tooling,G,No,some jokes can have backround music,"Tooling, not a bit on its own: Some jokes can have backround music. Build it into the control panel once and it quietly powers other rows; test in an empty room before relying on it live.",Add to the control panel; test latency and failure modes in an empty room. Keep a manual fallback.,"Failure modes: test in an empty room, keep a manual fallback.","BUILD, not stage time. 1) Spec the feature. 2) Implement + unit-test in empty room. 3) Latency + failure-mode drill (SCREEN: n/a). 4) Document the button mapping. No laugh breaks - it powers other bits.",Control-panel config; latency/failure test checklist; manual fallback.
1,Easy,Gag,Commercial,G,No,Do a Men In Black head shrink effect,"Button gag: Men In Black head shrink effect. Plays fast - the button fires the visual, the reaction shot lands it, move on.",One app button fires the visual + SFX together; keep a neutral-face reset button next to it.,One beat maximum - gags die when they linger.,"1) React to a real moment in the room (SCREEN: neutral). 2) BUTTON: visual fires (SCREEN: gag visual + SFX). 3) Reaction shot - hold (LAUGH BREAK 3-5s). 4) Reset face, move on.",1 visual card/PNG or short clip + 1 SFX; bound to a single button.
1,Easy,Heckler,Callback,G,No,Put up a funny gofundme .. need money for something stupid,"Heckler response: Put up a funny gofundme .. need money for something stupid. One button, one beat, back to material. The screen sells it; don't get dragged into a duel.","Single-button preset: visual + SFX fire together, auto-reset after ~4 seconds.","Target selection matters: friendly repeat offenders only, never protected-class material.","1) Heckler fires (SCREEN: neutral). 2) One-line acknowledgment. 3) BUTTON: preset fires (SCREEN: response visual + SFX) (LAUGH BREAK). 4) Auto/manual reset, immediately back to material - no duel.",1-button preset: visual + SFX + auto-reset (~4s).
,Easy,Gag,Visual,G,No,"Instagram selfie, story do some stupid boomerang things","Quick gag: Instagram selfie, story do some stupid boomerang things. Plays fast - the button fires the visual, the reaction shot lands it, move on.","Pyro-SFX cue: screens flash + concussive SFX while the performer sells the blast; no real pyro needed. + Face-filter stack: each filter on its own app button, cycle order rehearsed; camera-tracked filters need good front-light on the head.","IP/likeness caution: parody hard, don't clone names/voices/logos verbatim; pre-cleared or self-made assets only.","1) Quick setup line (SCREEN: neutral). 2) BUTTON: visual fires (SCREEN: gag visual + SFX). 3) Reaction shot - hold (LAUGH BREAK 3-5s). 4) Reset face, move on.",Flash-frame clip; concussive SFX; screens white-flash macro (no real pyro). Playback FX preset (slow-mo/rewind/freeze) + tape SFX; matched-movement rehearsal note. Face-filter pack (list per bit); head-tracking calibration; front-light note.
1,Easy,Gag,Visual,G,No,Face swap with a historic picture,"Quick gag: Face swap with a historic picture. Plays fast - the button fires the visual, the reaction shot lands it, move on.","Face-filter stack: each filter on its own app button, cycle order rehearsed; camera-tracked filters need good front-light on the head.",One beat maximum - gags die when they linger.,"1) Silent setup - just look at the crowd (SCREEN: neutral). 2) BUTTON: visual fires (SCREEN: gag visual + SFX). 3) Reaction shot - hold (LAUGH BREAK 3-5s). 4) Reset face, move on.",Face-filter pack (list per bit); head-tracking calibration; front-light note.
1,Mid,Bit,Sketch,G,No,Run a translator that translate what the wife is saying,"Developed bit: Run a translator that translate what the wife is saying. Structure: screen sells the premise, escalation beat, button ending. Give it 1-2 minutes max and a hard out.",Caption/translator overlay: live or pre-typed captions on the lower third; pre-type the punchline mistranslations.,"Identity material: punch at the absurdity or the power, never at the people; expect walk-outs if it reads mean.","1) SETUP: premise line (SCREEN: premise visual). 2) ESCALATE: 2-3 beats, each a screen change (SCREEN: beat cards/clips) with a laugh break after each. 3) TURN: the surprise beat (SCREEN: switcboard flip). 4) BUTTON ENDING: punchline + button visual (SCREEN: button card) - hold 3s. 5) Hard out, next bit.",Caption overlay template; brandable font pack; pre-typed punchline captions.
,Easy,Gag,Visual,G,No,have the screen do a horizontal flip to show the opposite,"Quick gag: Have the screen do a horizontal flip to show the opposite. Plays fast - the button fires the visual, the reaction shot lands it, move on.",One app button fires the visual + SFX together; keep a neutral-face reset button next to it.,One beat maximum - gags die when they linger.,"1) Silent setup - just look at the crowd (SCREEN: neutral). 2) BUTTON: visual fires (SCREEN: gag visual + SFX). 3) Reaction shot - hold (LAUGH BREAK 3-5s). 4) Reset face, move on.",1 visual card/PNG or short clip + 1 SFX; bound to a single button.
,Mid,Bit,Sketch,G,No,"Aqua force, micro force, robo force,","Set piece: Aqua force, micro force, robo force,. Structure: screen sells the premise, escalation beat, button ending. Give it 1-2 minutes max and a hard out.","Build as a macro: 2-4 button presses in sequence (premise visual, escalation, button ending). Manual fallback for each step.",Rehearse cue timing; keep a cut-away button if the room turns.,"1) SETUP: premise line (SCREEN: premise visual). 2) ESCALATE: 2-3 beats, each a screen change (SCREEN: beat cards/clips) with a laugh break after each. 3) TURN: the surprise beat (SCREEN: switcboard flip). 4) BUTTON ENDING: punchline + button visual (SCREEN: button card) - hold 3s. 5) Hard out, next bit.",3-5 graphics/clips + SFX pack; macro wiring; manual fallback for each beat.
1,Mid,Bit,Commercial,G,No,"Show videos of people making fun of head case, then cry, and open bank statement(cry all the way to the bank)","Developed bit: Show videos of people making fun of head case, then cry, and open bank statement(cry all the way to the bank). Structure: screen sells the premise, escalation beat, button ending. Give it 1-2 minutes max and a hard out.","Build as a macro: 2-4 button presses in sequence (premise visual, escalation, button ending). Manual fallback for each step.",Rehearse cue timing; keep a cut-away button if the room turns.,"1) SETUP: premise line (SCREEN: premise visual). 2) ESCALATE: 2-3 beats, each a screen change (SCREEN: beat cards/clips) with a laugh break after each. 3) TURN: the surprise beat (SCREEN: switcboard flip). 4) BUTTON ENDING: punchline + button visual (SCREEN: button card) - hold 3s. 5) Hard out, next bit.",3-5 graphics/clips + SFX pack; macro wiring; manual fallback for each beat.
1,Easy,Gag,Visual,G,No,"Victory Royale, with the dancing after doing something cool","Quick gag: Victory Royale, with the dancing after doing something cool. Plays fast - the button fires the visual, the reaction shot lands it, move on.",One app button fires the visual + SFX together; keep a neutral-face reset button next to it.,One beat maximum - gags die when they linger.,"1) Silent setup - just look at the crowd (SCREEN: neutral). 2) BUTTON: visual fires (SCREEN: gag visual + SFX). 3) Reaction shot - hold (LAUGH BREAK 3-5s). 4) Reset face, move on.",1 visual card/PNG or short clip + 1 SFX; bound to a single button.
2,Mid,Bit,Politics,G,y,Have the liberal crybaby keep correcting me on jokes and tell my head is in a cage full of rats like 1984,"Full bit: Have the liberal crybaby keep correcting me on jokes and tell my head is in a cage full of rats like 1984. Structure: screen sells the premise, escalation beat, button ending. Give it 1-2 minutes max and a hard out.","Character-voice preset: distorted face + edited VO clips on buttons; keep it punchline-forward, never a lecture.",Rehearse cue timing; keep a cut-away button if the room turns.,"1) SETUP: premise line (SCREEN: premise visual). 2) ESCALATE: 2-3 beats, each a screen change (SCREEN: beat cards/clips) with a laugh break after each. 3) TURN: the surprise beat (SCREEN: switcboard flip). 4) BUTTON ENDING: punchline + button visual (SCREEN: button card) - hold 3s. 5) Hard out, next bit.",Character-voice preset (face distortion); edited VO clip buttons; punchline-first script.
2,Mid,Bit,SciFi,G,No,do a crazy weather report from a hurricane with huge rain and wind...,"Full bit: Do a crazy weather report from a hurricane with huge rain and wind.... Structure: screen sells the premise, escalation beat, button ending. Give it 1-2 minutes max and a hard out.","Build as a macro: 2-4 button presses in sequence (premise visual, escalation, button ending). Manual fallback for each step.",Rehearse cue timing; keep a cut-away button if the room turns.,"1) SETUP: premise line (SCREEN: premise visual). 2) ESCALATE: 2-3 beats, each a screen change (SCREEN: beat cards/clips) with a laugh break after each. 3) TURN: the surprise beat (SCREEN: switcboard flip). 4) BUTTON ENDING: punchline + button visual (SCREEN: button card) - hold 3s. 5) Hard out, next bit.",3-5 graphics/clips + SFX pack; macro wiring; manual fallback for each beat.
,Mid,Bit,SciFi,G,No,"New trailer is here!  Have a popup with the newest movie, then show 30 seconds, cut to shocked face, say something funny","Set piece: New trailer is here! Have a popup with the newest movie, then show 30 seconds, cut to shocked face, say something funny. Structure: screen sells the premise, escalation beat, button ending. Give it 1-2 minutes max and a hard out.","Build as a macro: 2-4 button presses in sequence (premise visual, escalation, button ending). Manual fallback for each step.",Rehearse cue timing; keep a cut-away button if the room turns.,"1) SETUP: premise line (SCREEN: premise visual). 2) ESCALATE: 2-3 beats, each a screen change (SCREEN: beat cards/clips) with a laugh break after each. 3) TURN: the surprise beat (SCREEN: switcboard flip). 4) BUTTON ENDING: punchline + button visual (SCREEN: button card) - hold 3s. 5) Hard out, next bit.",3-5 graphics/clips + SFX pack; macro wiring; manual fallback for each beat.
1,Easy,Gag,Game,G,No,AGT flash BOO when others names  Flash I will split the money with everyone who votes for me  Flash I am liar or a tiny ‘not’^,"Button gag: AGT flash BOO when others names Flash I will split the money with everyone who votes for me Flash I am liar or a tiny ‘not’^. Plays fast - the button fires the visual, the reaction shot lands it, move on.","Game-show package: scoreboard overlay, lock-in buzzer SFX, board graphics on rear screens; contestant buttons mirror the app.",One beat maximum - gags die when they linger.,"1) Silent setup - just look at the crowd (SCREEN: neutral). 2) BUTTON: visual fires (SCREEN: gag visual + SFX). 3) Reaction shot - hold (LAUGH BREAK 3-5s). 4) Reset face, move on.",1 visual card/PNG or short clip + 1 SFX; bound to a single button.
,Mid,Bit,Game,G,No,Play the field reporter game with audience member in front of green screen,"Set piece: Play the field reporter game with audience member in front of green screen. Structure: screen sells the premise, escalation beat, button ending. Give it 1-2 minutes max and a hard out.","Green-screen preset: chroma-key the head (bib/backdrop); check spill and key edges under stage lights before show. + Audience-cam pass-through to head/rear screens; rehearse crop/freeze on a stand-in, keep latency under ~200ms. + Game-show package: scoreboard overlay, lock-in buzzer SFX, board graphics on rear screens; contestant buttons mirror the app.",Rehearse cue timing; keep a cut-away button if the room turns.,"1) SETUP: premise line (SCREEN: premise visual). 2) ESCALATE: 2-3 beats, each a screen change (SCREEN: beat cards/clips) with a laugh break after each. 3) TURN: the surprise beat (SCREEN: switcboard flip). 4) BUTTON ENDING: punchline + button visual (SCREEN: button card) - hold 3s. 5) Hard out, next bit.",News sting SFX; lower-third template pack; ticker graphic; anchor-suit face card; ABORT card. Green bib/backdrop (physical); chroma-key preset tuned under stage lights; background plate library.
,Mid,Bit,Tech-Call,G,No,Have son call with a progressive story problem,"Full bit: Have son call with a progressive story problem. Structure: screen sells the premise, escalation beat, button ending. Give it 1-2 minutes max and a hard out.","Fake-call UI overlay (FaceTime/Zoom style): ringtone SFX, answer/decline buttons, pre-recorded caller clips cut as clean answers on their own buttons.",Rehearse cue timing; keep a cut-away button if the room turns.,"1) SETUP: premise line (SCREEN: premise visual). 2) ESCALATE: 2-3 beats, each a screen change (SCREEN: beat cards/clips) with a laugh break after each. 3) TURN: the surprise beat (SCREEN: switcboard flip). 4) BUTTON ENDING: punchline + button visual (SCREEN: button card) - hold 3s. 5) Hard out, next bit.",3-5 graphics/clips + SFX pack; macro wiring; manual fallback for each beat.
,Mid,Bit,Politics,G,y,Have Hillary keep popping in with racist remarks (they all look alike),"Developed bit: Have Hillary keep popping in with racist remarks (they all look alike). Structure: screen sells the premise, escalation beat, button ending. Give it 1-2 minutes max and a hard out.","Character-voice preset: distorted face + edited VO clips on buttons; keep it punchline-forward, never a lecture.","Race material: high walk-out risk; target the flawed logic, not people; test in friendly rooms before headlining venues. Political likeness: punchlines must be bipartisan or self-deprecating; venues book the room they want back.","1) SETUP: premise line (SCREEN: premise visual). 2) ESCALATE: 2-3 beats, each a screen change (SCREEN: beat cards/clips) with a laugh break after each. 3) TURN: the surprise beat (SCREEN: switcboard flip). 4) BUTTON ENDING: punchline + button visual (SCREEN: button card) - hold 3s. 5) Hard out, next bit.",Character-voice preset (face distortion); edited VO clip buttons; punchline-first script.
,Mid,Bit,Music,PG,No,‘Exactly’ like SNL ‘Really’ - Lib: take away your gun to stop murder me- cut off your penis to stop rape - but I’m not going to rape anyone -Exactly,"Full bit: ‘Exactly’ like SNL ‘Really’ - Lib: take away your gun to stop murder me- cut off your penis to stop rape - but I’m not going to rape anyone -Exactly. Structure: screen sells the premise, escalation beat, button ending. Give it 1-2 minutes max and a hard out.","Music cue stack: backing track + on-screen lyrics (bouncing ball where noted); lighting macro per song, out on the final sting.","Gun material: keep it cartoonish, zero realistic mimicry; venues and insurers are touchy.","1) SETUP: premise line (SCREEN: premise visual). 2) ESCALATE: 2-3 beats, each a screen change (SCREEN: beat cards/clips) with a laugh break after each. 3) TURN: the surprise beat (SCREEN: switcboard flip). 4) BUTTON ENDING: punchline + button visual (SCREEN: button card) - hold 3s. 5) Hard out, next bit.",3-5 graphics/clips + SFX pack; macro wiring; manual fallback for each beat.
,Mid,Bit,Commercial,G,No,"Puppet show  Drop fabric down from bottom of tv, slide head down, do a puppet show ... Bookending with This is NOT a puppet show","Developed bit: Puppet show Drop fabric down from bottom of tv, slide head down, do a puppet show ... Bookending with This is NOT a puppet show. Structure: screen sells the premise, escalation beat, button ending. Give it 1-2 minutes max and a hard out.","Build as a macro: 2-4 button presses in sequence (premise visual, escalation, button ending). Manual fallback for each step.",Rehearse cue timing; keep a cut-away button if the room turns.,"1) SETUP: premise line (SCREEN: premise visual). 2) ESCALATE: 2-3 beats, each a screen change (SCREEN: beat cards/clips) with a laugh break after each. 3) TURN: the surprise beat (SCREEN: switcboard flip). 4) BUTTON ENDING: punchline + button visual (SCREEN: button card) - hold 3s. 5) Hard out, next bit.",3-5 graphics/clips + SFX pack; macro wiring; manual fallback for each beat.
,Easy,Gag,Visual,G,No,Show that I am alive by putting the buffering simple up in front and doing funny faces breezes. And also that it not pre-recorded with me sitting at home then say hello Cleveland!,"Button gag: Show that I am alive by putting the buffering simple up in front and doing funny faces breezes. And also that it not pre-recorded with me sitting at home then say hello Cleveland!. Plays fast - the button fires the visual, the reaction shot lands it, move on.","System-glitch presets: BSOD, buffering wheel, test-pattern - each on its own button with matching SFX; face restores with a reboot chime.","IP/likeness caution: parody hard, don't clone names/voices/logos verbatim; pre-cleared or self-made assets only.","1) React to a real moment in the room (SCREEN: neutral). 2) BUTTON: visual fires (SCREEN: gag visual + SFX). 3) Reaction shot - hold (LAUGH BREAK 3-5s). 4) Reset face, move on.",BSOD card; buffering spinner animation; color-bars card; power-down + reboot chimes.
,Easy,Device,Audience,G,No,Get the audience involved like bleach did when they parted the sea and had everyone run together,"Tooling, not a bit on its own: Get the audience involved like bleach did when they parted the sea and had everyone run together. Build it into the control panel once and it quietly powers other rows; test in an empty room before relying on it live.",Add to the control panel; test latency and failure modes in an empty room. Keep a manual fallback.,"Failure modes: test in an empty room, keep a manual fallback.","BUILD, not stage time. 1) Spec the feature. 2) Implement + unit-test in empty room. 3) Latency + failure-mode drill (SCREEN: n/a). 4) Document the button mapping. No laugh breaks - it powers other bits.",Control-panel config; latency/failure test checklist; manual fallback.
1,Easy,Gag,Visual,G,No,"After a funny joke give myself the golden buzzer,  With background effects etc","Button gag: After a funny joke give myself the golden buzzer, With background effects etc. Plays fast - the button fires the visual, the reaction shot lands it, move on.","Golden-buzzer macro: confetti SFX, golden wash on rear screens, crowd light bump; use once per show max.",One beat maximum - gags die when they linger.,"1) React to a real moment in the room (SCREEN: neutral). 2) BUTTON: visual fires (SCREEN: gag visual + SFX). 3) Reaction shot - hold (LAUGH BREAK 3-5s). 4) Reset face, move on.","Golden-buzzer macro: confetti overlay, gold wash lighting cue, buzzer SFX (1x/show)."
,Mid,Bit,SciFi,G,No,College appropriate safe space comedy section  With Libby tel the miss piggy throat joke get protested,"Set piece: College appropriate safe space comedy section With Libby tel the miss piggy throat joke get protested. Structure: screen sells the premise, escalation beat, button ending. Give it 1-2 minutes max and a hard out.","Build as a macro: 2-4 button presses in sequence (premise visual, escalation, button ending). Manual fallback for each step.",Rehearse cue timing; keep a cut-away button if the room turns.,"1) SETUP: premise line (SCREEN: premise visual). 2) ESCALATE: 2-3 beats, each a screen change (SCREEN: beat cards/clips) with a laugh break after each. 3) TURN: the surprise beat (SCREEN: switcboard flip). 4) BUTTON ENDING: punchline + button visual (SCREEN: button card) - hold 3s. 5) Hard out, next bit.",Space/cockpit background plates; abduction beam clip; sci-fi SFX pack.
1,Easy,Gag,Audience,G,No,"Chicken Banana, mart the audience, chickens on 1 side, bananas on the other mosh pit, chicken nana soup","Quick gag: Chicken Banana, mart the audience, chickens on 1 side, bananas on the other mosh pit, chicken nana soup. Plays fast - the button fires the visual, the reaction shot lands it, move on.",One app button fires the visual + SFX together; keep a neutral-face reset button next to it.,One beat maximum - gags die when they linger.,"1) Silent setup - just look at the crowd (SCREEN: neutral). 2) BUTTON: visual fires (SCREEN: gag visual + SFX). 3) Reaction shot - hold (LAUGH BREAK 3-5s). 4) Reset face, move on.",1 visual card/PNG or short clip + 1 SFX; bound to a single button.
1,Easy,Gag,Visual,G,No,We bring the Boom,"Button gag: We bring the Boom. Plays fast - the button fires the visual, the reaction shot lands it, move on.",Pyro-SFX cue: screens flash + concussive SFX while the performer sells the blast; no real pyro needed.,"IP/likeness caution: parody hard, don't clone names/voices/logos verbatim; pre-cleared or self-made assets only.","1) React to a real moment in the room (SCREEN: neutral). 2) BUTTON: visual fires (SCREEN: gag visual + SFX). 3) Reaction shot - hold (LAUGH BREAK 3-5s). 4) Reset face, move on.",Flash-frame clip; concussive SFX; screens white-flash macro (no real pyro).
1,Easy,Gag,Visual,G,No,Do the Whitney houston meme but way longer,"Quick gag: Do the Whitney houston meme but way longer. Plays fast - the button fires the visual, the reaction shot lands it, move on.",One app button fires the visual + SFX together; keep a neutral-face reset button next to it.,"IP/likeness caution: parody hard, don't clone names/voices/logos verbatim; pre-cleared or self-made assets only.","1) Silent setup - just look at the crowd (SCREEN: neutral). 2) BUTTON: visual fires (SCREEN: gag visual + SFX). 3) Reaction shot - hold (LAUGH BREAK 3-5s). 4) Reset face, move on.",1 visual card/PNG or short clip + 1 SFX; bound to a single button.
,Mid,Bit,Politics,G,y,"Get a call to do a spy mission. Go under disguise to talk to Jordan Biden, etc","Full bit: Get a call to do a spy mission. Go under disguise to talk to Jordan Biden, etc. Structure: screen sells the premise, escalation beat, button ending. Give it 1-2 minutes max and a hard out.","Fake-call UI overlay (FaceTime/Zoom style): ringtone SFX, answer/decline buttons, pre-recorded caller clips cut as clean answers on their own buttons. + Character-voice preset: distorted face + edited VO clips on buttons; keep it punchline-forward, never a lecture.",Political likeness: punchlines must be bipartisan or self-deprecating; venues book the room they want back.,"1) SETUP: premise line (SCREEN: premise visual). 2) ESCALATE: 2-3 beats, each a screen change (SCREEN: beat cards/clips) with a laugh break after each. 3) TURN: the surprise beat (SCREEN: switcboard flip). 4) BUTTON ENDING: punchline + button visual (SCREEN: button card) - hold 3s. 5) Hard out, next bit.",Character-voice preset (face distortion); edited VO clip buttons; punchline-first script.
2,Mid,Bit,Sketch,G,y,Play patriotic music with waving flag in the background as making a speech similar to John Belushi in Animal House,"Set piece: Play patriotic music with waving flag in the background as making a speech similar to John Belushi in Animal House. Structure: screen sells the premise, escalation beat, button ending. Give it 1-2 minutes max and a hard out.","Game-show package: scoreboard overlay, lock-in buzzer SFX, board graphics on rear screens; contestant buttons mirror the app.",Rehearse cue timing; keep a cut-away button if the room turns.,"1) SETUP: premise line (SCREEN: premise visual). 2) ESCALATE: 2-3 beats, each a screen change (SCREEN: beat cards/clips) with a laugh break after each. 3) TURN: the surprise beat (SCREEN: switcboard flip). 4) BUTTON ENDING: punchline + button visual (SCREEN: button card) - hold 3s. 5) Hard out, next bit.",3-5 graphics/clips + SFX pack; macro wiring; manual fallback for each beat.
2,Hard,Bit,History,G,No,Travel back in time in a time machine,"Set piece: Travel back in time in a time machine. Structure: screen sells the premise, escalation beat, button ending. Give it 1-2 minutes max and a hard out.","Build as a macro: 2-4 button presses in sequence (premise visual, escalation, button ending). Manual fallback for each step.",Rehearse cue timing; keep a cut-away button if the room turns.,"1) SETUP: premise line (SCREEN: premise visual). 2) ESCALATE: 2-3 beats, each a screen change (SCREEN: beat cards/clips) with a laugh break after each. 3) TURN: the surprise beat (SCREEN: switcboard flip). 4) BUTTON ENDING: punchline + button visual (SCREEN: button card) - hold 3s. 5) Hard out, next bit.",3-5 graphics/clips + SFX pack; macro wiring; manual fallback for each beat.
,Hard,Bit,Music,G,No,"Just an idea, not sure how to make it funny a medley of the different holiday songs","Developed bit: Just an idea, not sure how to make it funny a medley of the different holiday songs. Structure: screen sells the premise, escalation beat, button ending. Give it 1-2 minutes max and a hard out.","Music cue stack: backing track + on-screen lyrics (bouncing ball where noted); lighting macro per song, out on the final sting.",Rehearse cue timing; keep a cut-away button if the room turns.,"1) SETUP: premise line (SCREEN: premise visual). 2) ESCALATE: 2-3 beats, each a screen change (SCREEN: beat cards/clips) with a laugh break after each. 3) TURN: the surprise beat (SCREEN: switcboard flip). 4) BUTTON ENDING: punchline + button visual (SCREEN: button card) - hold 3s. 5) Hard out, next bit.",Backing track (custom/licensed); lyric overlay template; bouncing-ball animation; song lighting macro; final sting SFX. Holiday graphic pack; themed music cue; balloon/party SFX.
2,Mid,Bit,Tech-Call,G,No,"Ring doorbell cam shows amazon guy dropping off a package, then thieves take off with packages, then neighbor shows up  Then maybe a funn tiktok","Developed bit: Ring doorbell cam shows amazon guy dropping off a package, then thieves take off with packages, then neighbor shows up Then maybe a funn tiktok. Structure: screen sells the premise, escalation beat, button ending. Give it 1-2 minutes max and a hard out.","Fake-call UI overlay (FaceTime/Zoom style): ringtone SFX, answer/decline buttons, pre-recorded caller clips cut as clean answers on their own buttons. + Voice-assistant gag: trigger phrase fires pre-recorded deadpan answer clip + listening-dots UI on the face; wrong-answer timing is rehearsed, not ad-libbed. + Face-filter stack: each filter on its own app button, cycle order rehearsed; camera-tracked filters need good front-light on the head.","IP/likeness caution: parody hard, don't clone names/voices/logos verbatim; pre-cleared or self-made assets only.","1) SETUP: premise line (SCREEN: premise visual). 2) ESCALATE: 2-3 beats, each a screen change (SCREEN: beat cards/clips) with a laugh break after each. 3) TURN: the surprise beat (SCREEN: switcboard flip). 4) BUTTON ENDING: punchline + button visual (SCREEN: button card) - hold 3s. 5) Hard out, next bit.","Fake-call UI overlay (PSD); ringtone SFX; 3-5 pre-recorded caller clips (15-30s each, cut as clean answers); FaceTime-style UI soundbed. Face-filter pack (list per bit); head-tracking calibration; front-light note."
1,Easy,Device,Tech-Call,G,No,"Call fans dead heads, certify them like bearify","Tooling, not a bit on its own: Call fans dead heads, certify them like bearify. Build it into the control panel once and it quietly powers other rows; test in an empty room before relying on it live.","Fake-call UI overlay (FaceTime/Zoom style): ringtone SFX, answer/decline buttons, pre-recorded caller clips cut as clean answers on their own buttons.","Failure modes: test in an empty room, keep a manual fallback.","BUILD, not stage time. 1) Spec the feature. 2) Implement + unit-test in empty room. 3) Latency + failure-mode drill (SCREEN: n/a). 4) Document the button mapping. No laugh breaks - it powers other bits.",Control-panel config; latency/failure test checklist; manual fallback.
,Easy,Device,Tech-Call,G,No,"Have the touring show be with the clubtrotters, or wwcce  And call it the laffupalunga festival","Tooling, not a bit on its own: Have the touring show be with the clubtrotters, or wwcce And call it the laffupalunga festival. Build it into the control panel once and it quietly powers other rows; test in an empty room before relying on it live.","Fake-call UI overlay (FaceTime/Zoom style): ringtone SFX, answer/decline buttons, pre-recorded caller clips cut as clean answers on their own buttons.","IP/likeness caution: parody hard, don't clone names/voices/logos verbatim; pre-cleared or self-made assets only.","BUILD, not stage time. 1) Spec the feature. 2) Implement + unit-test in empty room. 3) Latency + failure-mode drill (SCREEN: n/a). 4) Document the button mapping. No laugh breaks - it powers other bits.",Control-panel config; latency/failure test checklist; manual fallback.
2,Hard,Bit,Politics,G,y,Do a fake news re-enactment of the president press conference where he mocks disabled and deaf and blind people and turrets,"Full bit: Fake news re-enactment of the president press conference where he mocks disabled and deaf and blind people and turrets. Structure: screen sells the premise, escalation beat, button ending. Give it 1-2 minutes max and a hard out.","Breaking-news package: urgent sting, lower-thirds, ticker on rear screens; head anchors with suit graphic. Abort button restores normal face. + Character-voice preset: distorted face + edited VO clips on buttons; keep it punchline-forward, never a lecture.","Disability material: very high risk; only works if the joke lands on the mocker, never the mocked.","1) SETUP: premise line (SCREEN: premise visual). 2) ESCALATE: 2-3 beats, each a screen change (SCREEN: beat cards/clips) with a laugh break after each. 3) TURN: the surprise beat (SCREEN: switcboard flip). 4) BUTTON ENDING: punchline + button visual (SCREEN: button card) - hold 3s. 5) Hard out, next bit.",News sting SFX; lower-third template pack; ticker graphic; anchor-suit face card; ABORT card. Character-voice preset (face distortion); edited VO clip buttons; punchline-first script.
,Mid,Bit,Politics,G,y,Libby could call the PC Police on me,"Full bit: Libby could call the PC Police on me. Structure: screen sells the premise, escalation beat, button ending. Give it 1-2 minutes max and a hard out.","Fake-call UI overlay (FaceTime/Zoom style): ringtone SFX, answer/decline buttons, pre-recorded caller clips cut as clean answers on their own buttons. + Mugshot/booking preset: height-chart backdrop, grayscale grade, PERP lower-third with room for a custom name.",Rehearse cue timing; keep a cut-away button if the room turns.,"1) SETUP: premise line (SCREEN: premise visual). 2) ESCALATE: 2-3 beats, each a screen change (SCREEN: beat cards/clips) with a laugh break after each. 3) TURN: the surprise beat (SCREEN: switcboard flip). 4) BUTTON ENDING: punchline + button visual (SCREEN: button card) - hold 3s. 5) Hard out, next bit.",Height-chart backdrop; grayscale LUT; custom-name lower-third; camera-click SFX.
2,Mid,Bit,Music,G,y,"Hamilton, here comes the president, speech where he mocks disabled, dances off to ymca gays","Developed bit: Hamilton, here comes the president, speech where he mocks disabled, dances off to ymca gays. Structure: screen sells the premise, escalation beat, button ending. Give it 1-2 minutes max and a hard out.","Character-voice preset: distorted face + edited VO clips on buttons; keep it punchline-forward, never a lecture.","Identity material: punch at the absurdity or the power, never at the people; expect walk-outs if it reads mean. Disability material: very high risk; only works if the joke lands on the mocker, never the mocked.","1) SETUP: premise line (SCREEN: premise visual). 2) ESCALATE: 2-3 beats, each a screen change (SCREEN: beat cards/clips) with a laugh break after each. 3) TURN: the surprise beat (SCREEN: switcboard flip). 4) BUTTON ENDING: punchline + button visual (SCREEN: button card) - hold 3s. 5) Hard out, next bit.",Character-voice preset (face distortion); edited VO clip buttons; punchline-first script.
,2,Bit,Music,G,No,Do a production rap,"Full bit: Production rap. Structure: screen sells the premise, escalation beat, button ending. Give it 1-2 minutes max and a hard out.","Music cue stack: backing track + on-screen lyrics (bouncing ball where noted); lighting macro per song, out on the final sting.",Rehearse cue timing; keep a cut-away button if the room turns.,"1) SETUP: premise line (SCREEN: premise visual). 2) ESCALATE: 2-3 beats, each a screen change (SCREEN: beat cards/clips) with a laugh break after each. 3) TURN: the surprise beat (SCREEN: switcboard flip). 4) BUTTON ENDING: punchline + button visual (SCREEN: button card) - hold 3s. 5) Hard out, next bit.",Backing track (custom/licensed); lyric overlay template; bouncing-ball animation; song lighting macro; final sting SFX.
,2,Bit,Music,G,No,Do a prduction Lanye rap,"Set piece: Prduction Lanye rap. Structure: screen sells the premise, escalation beat, button ending. Give it 1-2 minutes max and a hard out.","Music cue stack: backing track + on-screen lyrics (bouncing ball where noted); lighting macro per song, out on the final sting.",Rehearse cue timing; keep a cut-away button if the room turns.,"1) SETUP: premise line (SCREEN: premise visual). 2) ESCALATE: 2-3 beats, each a screen change (SCREEN: beat cards/clips) with a laugh break after each. 3) TURN: the surprise beat (SCREEN: switcboard flip). 4) BUTTON ENDING: punchline + button visual (SCREEN: button card) - hold 3s. 5) Hard out, next bit.",Backing track (custom/licensed); lyric overlay template; bouncing-ball animation; song lighting macro; final sting SFX.
,2,Bit,Sketch,G,No,Do something Blue Man Group,"Set piece: Do something Blue Man Group. Structure: screen sells the premise, escalation beat, button ending. Give it 1-2 minutes max and a hard out.","Build as a macro: 2-4 button presses in sequence (premise visual, escalation, button ending). Manual fallback for each step.",Rehearse cue timing; keep a cut-away button if the room turns.,"1) SETUP: premise line (SCREEN: premise visual). 2) ESCALATE: 2-3 beats, each a screen change (SCREEN: beat cards/clips) with a laugh break after each. 3) TURN: the surprise beat (SCREEN: switcboard flip). 4) BUTTON ENDING: punchline + button visual (SCREEN: button card) - hold 3s. 5) Hard out, next bit.",3-5 graphics/clips + SFX pack; macro wiring; manual fallback for each beat.
,Mid,Bit,Music,G,No,"Do a rat pack with a throw projection of a girl, sing baby it’s cold outside but with worse lyrics","Full bit: Rat pack with a throw projection of a girl, sing baby it’s cold outside but with worse lyrics. Structure: screen sells the premise, escalation beat, button ending. Give it 1-2 minutes max and a hard out.","Music cue stack: backing track + on-screen lyrics (bouncing ball where noted); lighting macro per song, out on the final sting.",Rehearse cue timing; keep a cut-away button if the room turns.,"1) SETUP: premise line (SCREEN: premise visual). 2) ESCALATE: 2-3 beats, each a screen change (SCREEN: beat cards/clips) with a laugh break after each. 3) TURN: the surprise beat (SCREEN: switcboard flip). 4) BUTTON ENDING: punchline + button visual (SCREEN: button card) - hold 3s. 5) Hard out, next bit.",Backing track (custom/licensed); lyric overlay template; bouncing-ball animation; song lighting macro; final sting SFX.
,Mid,Bit,Politics,G,y,Do baby it’s cold outside warming how freezing cold it is while the SJW accuses of sexism Then she leaves and freezes,"Full bit: Do baby it’s cold outside warming how freezing cold it is while the SJW accuses of sexism Then she leaves and freezes. Structure: screen sells the premise, escalation beat, button ending. Give it 1-2 minutes max and a hard out.","Character-voice preset: distorted face + edited VO clips on buttons; keep it punchline-forward, never a lecture.",Rehearse cue timing; keep a cut-away button if the room turns.,"1) SETUP: premise line (SCREEN: premise visual). 2) ESCALATE: 2-3 beats, each a screen change (SCREEN: beat cards/clips) with a laugh break after each. 3) TURN: the surprise beat (SCREEN: switcboard flip). 4) BUTTON ENDING: punchline + button visual (SCREEN: button card) - hold 3s. 5) Hard out, next bit.",Character-voice preset (face distortion); edited VO clip buttons; punchline-first script.
,Easy,Dance Break,Music,G,No,Fortnite Dance,"Dance break: Fortnite Dance. High-energy reset between bits - screens carry the visuals/lyrics, performer sells the moves, out before it wears out.",Music track + lighting macro + on-screen visuals on one button; hard-stop button for early outs.,"IP/likeness caution: parody hard, don't clone names/voices/logos verbatim; pre-cleared or self-made assets only.",1) Music fires (SCREEN: title card + lighting macro). 2) 30-45s of moves; screens carry lyrics/visuals (SCREEN: lyric loop) - laugh breaks land on each section change. 3) Final pose on the sting (SCREEN: freeze/stamp). 4) Out fast - don't wear it out.,Backing track; lighting macro; on-screen visual loop; hard-stop button.
,Easy,Line,Music,G,No,When advertising about merch have a skip ad button in the corner,"One-liner: When advertising about merch have a skip ad button in the corner. Fire it as a quick hit between bits; flash a caption or stinger on the face to sell the beat, then keep moving.","Music cue stack: backing track + on-screen lyrics (bouncing ball where noted); lighting macro per song, out on the final sting.",Delivery-only; adjust to room temperature on the fly.,"1) Setup line delivers the premise (SCREEN: neutral face). 2) Punchline - land it, don't step on it. 3) Optional: flash caption of the punchline (SCREEN: lower-third) (LAUGH BREAK). 4) Move on.",Backing track (custom/licensed); lyric overlay template; bouncing-ball animation; song lighting macro; final sting SFX.
,Hard,Line,Music,G,No,Parody song if you know the words scream along,"One-liner: Parody song if you know the words scream along. Fire it as a quick hit between bits; flash a caption or stinger on the face to sell the beat, then keep moving.","Music cue stack: backing track + on-screen lyrics (bouncing ball where noted); lighting macro per song, out on the final sting.",Delivery-only; adjust to room temperature on the fly.,"1) Setup line delivers the premise (SCREEN: neutral face). 2) Punchline - land it, don't step on it. 3) Optional: flash caption of the punchline (SCREEN: lower-third) (LAUGH BREAK). 4) Move on.",Backing track (custom/licensed); lyric overlay template; bouncing-ball animation; song lighting macro; final sting SFX.
,Mid,Bit,Sketch,PG,No,"Talk to people in heaven and hell, like John Rockefeller in heaven and hitler in hell","Full bit: Talk to people in heaven and hell, like John Rockefeller in heaven and hitler in hell. Structure: screen sells the premise, escalation beat, button ending. Give it 1-2 minutes max and a hard out.","Build as a macro: 2-4 button presses in sequence (premise visual, escalation, button ending). Manual fallback for each step.","Hitler/antisemitism material: highest walk-out risk in the file; only survives as a clearly condemned punchline - know the room, maybe know the lawyer.","1) SETUP: premise line (SCREEN: premise visual). 2) ESCALATE: 2-3 beats, each a screen change (SCREEN: beat cards/clips) with a laugh break after each. 3) TURN: the surprise beat (SCREEN: switcboard flip). 4) BUTTON ENDING: punchline + button visual (SCREEN: button card) - hold 3s. 5) Hard out, next bit.",3-5 graphics/clips + SFX pack; macro wiring; manual fallback for each beat.
,Mid,Bit,SciFi,G,No,Play space invaders with HC crabbing back and forth as the shooter and the invaders on the back screen,"Full bit: Play space invaders with HC crabbing back and forth as the shooter and the invaders on the back screen. Structure: screen sells the premise, escalation beat, button ending. Give it 1-2 minutes max and a hard out.","Game-show package: scoreboard overlay, lock-in buzzer SFX, board graphics on rear screens; contestant buttons mirror the app. + Action-loop preset: rear screens run the attack/game clip, head shows game HUD; choreograph safe directions, nothing real gets fired.","Gun material: keep it cartoonish, zero realistic mimicry; venues and insurers are touchy. IP/likeness caution: parody hard, don't clone names/voices/logos verbatim; pre-cleared or self-made assets only.","1) SETUP: premise line (SCREEN: premise visual). 2) ESCALATE: 2-3 beats, each a screen change (SCREEN: beat cards/clips) with a laugh break after each. 3) TURN: the surprise beat (SCREEN: switcboard flip). 4) BUTTON ENDING: punchline + button visual (SCREEN: button card) - hold 3s. 5) Hard out, next bit.",Zombie/attack loop clip (green-screen elements); game-HUD overlay; hit SFX; direction choreography note. Space/cockpit background plates; abduction beam clip; sci-fi SFX pack.
,Easy,Gag,Music,G,No,Say something smartalec then turn the filter on/ adjust it,"Quick gag: Say something smartalec then turn the filter on/ adjust it. Plays fast - the button fires the visual, the reaction shot lands it, move on.","Music cue stack: backing track + on-screen lyrics (bouncing ball where noted); lighting macro per song, out on the final sting. + Face-filter stack: each filter on its own app button, cycle order rehearsed; camera-tracked filters need good front-light on the head.",One beat maximum - gags die when they linger.,"1) Silent setup - just look at the crowd (SCREEN: neutral). 2) BUTTON: visual fires (SCREEN: gag visual + SFX). 3) Reaction shot - hold (LAUGH BREAK 3-5s). 4) Reset face, move on.",Face-filter pack (list per bit); head-tracking calibration; front-light note.
,Mid,Bit,Sketch,G,No,Do a jeaordy thing on screen  I’ll take shit that never happened,"Developed bit: Jeaordy thing on screen I’ll take shit that never happened. Structure: screen sells the premise, escalation beat, button ending. Give it 1-2 minutes max and a hard out.","Build as a macro: 2-4 button presses in sequence (premise visual, escalation, button ending). Manual fallback for each step.",Rehearse cue timing; keep a cut-away button if the room turns.,"1) SETUP: premise line (SCREEN: premise visual). 2) ESCALATE: 2-3 beats, each a screen change (SCREEN: beat cards/clips) with a laugh break after each. 3) TURN: the surprise beat (SCREEN: switcboard flip). 4) BUTTON ENDING: punchline + button visual (SCREEN: button card) - hold 3s. 5) Hard out, next bit.",3-5 graphics/clips + SFX pack; macro wiring; manual fallback for each beat.
,Easy,Gag,Visual,G,No,Hovering bees and insects would be funny,"Quick gag: Hovering bees and insects would be funny. Plays fast - the button fires the visual, the reaction shot lands it, move on.",One app button fires the visual + SFX together; keep a neutral-face reset button next to it.,"IP/likeness caution: parody hard, don't clone names/voices/logos verbatim; pre-cleared or self-made assets only.","1) Silent setup - just look at the crowd (SCREEN: neutral). 2) BUTTON: visual fires (SCREEN: gag visual + SFX). 3) Reaction shot - hold (LAUGH BREAK 3-5s). 4) Reset face, move on.",Animated bug overlay (loops around head); swat/zip SFX.
,Mid,Bit,Tech-Call,G,No,Answer the ring doorbell,"Full bit: Answer the ring doorbell. Structure: screen sells the premise, escalation beat, button ending. Give it 1-2 minutes max and a hard out.","Fake-call UI overlay (FaceTime/Zoom style): ringtone SFX, answer/decline buttons, pre-recorded caller clips cut as clean answers on their own buttons.","IP/likeness caution: parody hard, don't clone names/voices/logos verbatim; pre-cleared or self-made assets only.","1) SETUP: premise line (SCREEN: premise visual). 2) ESCALATE: 2-3 beats, each a screen change (SCREEN: beat cards/clips) with a laugh break after each. 3) TURN: the surprise beat (SCREEN: switcboard flip). 4) BUTTON ENDING: punchline + button visual (SCREEN: button card) - hold 3s. 5) Hard out, next bit.","Fake-call UI overlay (PSD); ringtone SFX; 3-5 pre-recorded caller clips (15-30s each, cut as clean answers); FaceTime-style UI soundbed."
,Mid,Bit,Music,G,No,Play would you rather complete with full screen graphic when given a choice by a character during a discussion,"Developed bit: Play would you rather complete with full screen graphic when given a choice by a character during a discussion. Structure: screen sells the premise, escalation beat, button ending. Give it 1-2 minutes max and a hard out.","Game-show package: scoreboard overlay, lock-in buzzer SFX, board graphics on rear screens; contestant buttons mirror the app. + Music cue stack: backing track + on-screen lyrics (bouncing ball where noted); lighting macro per song, out on the final sting.","IP/likeness caution: parody hard, don't clone names/voices/logos verbatim; pre-cleared or self-made assets only.","1) SETUP: premise line (SCREEN: premise visual). 2) ESCALATE: 2-3 beats, each a screen change (SCREEN: beat cards/clips) with a laugh break after each. 3) TURN: the surprise beat (SCREEN: switcboard flip). 4) BUTTON ENDING: punchline + button visual (SCREEN: button card) - hold 3s. 5) Hard out, next bit.",3-5 graphics/clips + SFX pack; macro wiring; manual fallback for each beat.
,Mid,Bit,SciFi,G,No,Do an air traffic controller bit talking over the radio to planes,"Set piece: Air traffic controller bit talking over the radio to planes. Structure: screen sells the premise, escalation beat, button ending. Give it 1-2 minutes max and a hard out.","Build as a macro: 2-4 button presses in sequence (premise visual, escalation, button ending). Manual fallback for each step.",Rehearse cue timing; keep a cut-away button if the room turns.,"1) SETUP: premise line (SCREEN: premise visual). 2) ESCALATE: 2-3 beats, each a screen change (SCREEN: beat cards/clips) with a laugh break after each. 3) TURN: the surprise beat (SCREEN: switcboard flip). 4) BUTTON ENDING: punchline + button visual (SCREEN: button card) - hold 3s. 5) Hard out, next bit.",3-5 graphics/clips + SFX pack; macro wiring; manual fallback for each beat.
,Mid,Bit,Sketch,G,No,Do a who’s in first thing like roger roger over over shirley,"Developed bit: Who’s in first thing like roger roger over over shirley. Structure: screen sells the premise, escalation beat, button ending. Give it 1-2 minutes max and a hard out.","Build as a macro: 2-4 button presses in sequence (premise visual, escalation, button ending). Manual fallback for each step.",Rehearse cue timing; keep a cut-away button if the room turns.,"1) SETUP: premise line (SCREEN: premise visual). 2) ESCALATE: 2-3 beats, each a screen change (SCREEN: beat cards/clips) with a laugh break after each. 3) TURN: the surprise beat (SCREEN: switcboard flip). 4) BUTTON ENDING: punchline + button visual (SCREEN: button card) - hold 3s. 5) Hard out, next bit.",3-5 graphics/clips + SFX pack; macro wiring; manual fallback for each beat.
,Mid,Bit,Audience,G,No,"With an audience member and the backdrop , do a be silent or cover your eyes scene","Full bit: With an audience member and the backdrop , do a be silent or cover your eyes scene. Structure: screen sells the premise, escalation beat, button ending. Give it 1-2 minutes max and a hard out.","Audience-cam pass-through to head/rear screens; rehearse crop/freeze on a stand-in, keep latency under ~200ms.",Rehearse cue timing; keep a cut-away button if the room turns.,"1) SETUP: premise line (SCREEN: premise visual). 2) ESCALATE: 2-3 beats, each a screen change (SCREEN: beat cards/clips) with a laugh break after each. 3) TURN: the surprise beat (SCREEN: switcboard flip). 4) BUTTON ENDING: punchline + button visual (SCREEN: button card) - hold 3s. 5) Hard out, next bit.",3-5 graphics/clips + SFX pack; macro wiring; manual fallback for each beat.
,Mid,Bit,Tech-Call,G,No,Have a conversation with Alexa where she keeps misunderstanding me,"Set piece: Have a conversation with Alexa where she keeps misunderstanding me. Structure: screen sells the premise, escalation beat, button ending. Give it 1-2 minutes max and a hard out.","Voice-assistant gag: trigger phrase fires pre-recorded deadpan answer clip + listening-dots UI on the face; wrong-answer timing is rehearsed, not ad-libbed.",Rehearse cue timing; keep a cut-away button if the room turns.,"1) SETUP: premise line (SCREEN: premise visual). 2) ESCALATE: 2-3 beats, each a screen change (SCREEN: beat cards/clips) with a laugh break after each. 3) TURN: the surprise beat (SCREEN: switcboard flip). 4) BUTTON ENDING: punchline + button visual (SCREEN: button card) - hold 3s. 5) Hard out, next bit.",Pre-recorded deadpan assistant answer clips; listening-dots UI animation; trigger-phrase SFX.
,Mid,Bit,Politics,G,No,‘Jump the gun’ news  Report something immediately followed by a correction,"Full bit: ‘Jump the gun’ news Report something immediately followed by a correction. Structure: screen sells the premise, escalation beat, button ending. Give it 1-2 minutes max and a hard out.","Breaking-news package: urgent sting, lower-thirds, ticker on rear screens; head anchors with suit graphic. Abort button restores normal face.","Gun material: keep it cartoonish, zero realistic mimicry; venues and insurers are touchy.","1) SETUP: premise line (SCREEN: premise visual). 2) ESCALATE: 2-3 beats, each a screen change (SCREEN: beat cards/clips) with a laugh break after each. 3) TURN: the surprise beat (SCREEN: switcboard flip). 4) BUTTON ENDING: punchline + button visual (SCREEN: button card) - hold 3s. 5) Hard out, next bit.",News sting SFX; lower-third template pack; ticker graphic; anchor-suit face card; ABORT card.
,Mid,Bit,Music,G,No,"Do a ventriloquist act where I drink water, breathe fire, then poke finger in throat and vomit all while piper sings opera","Set piece: Ventriloquist act where I drink water, breathe fire, then poke finger in throat and vomit all while piper sings opera. Structure: screen sells the premise, escalation beat, button ending. Give it 1-2 minutes max and a hard out.","Music cue stack: backing track + on-screen lyrics (bouncing ball where noted); lighting macro per song, out on the final sting.",Rehearse cue timing; keep a cut-away button if the room turns.,"1) SETUP: premise line (SCREEN: premise visual). 2) ESCALATE: 2-3 beats, each a screen change (SCREEN: beat cards/clips) with a laugh break after each. 3) TURN: the surprise beat (SCREEN: switcboard flip). 4) BUTTON ENDING: punchline + button visual (SCREEN: button card) - hold 3s. 5) Hard out, next bit.",Backing track (custom/licensed); lyric overlay template; bouncing-ball animation; song lighting macro; final sting SFX. Goo/slime overlay animation; splat SFX; cleanup note for real props.
,Mid,Bit,Sketch,G,No,"Do a knock knock joke with a door, and then open the door at The Who’s there part","Developed bit: Knock knock joke with a door, and then open the door at The Who’s there part. Structure: screen sells the premise, escalation beat, button ending. Give it 1-2 minutes max and a hard out.","Build as a macro: 2-4 button presses in sequence (premise visual, escalation, button ending). Manual fallback for each step.",Rehearse cue timing; keep a cut-away button if the room turns.,"1) SETUP: premise line (SCREEN: premise visual). 2) ESCALATE: 2-3 beats, each a screen change (SCREEN: beat cards/clips) with a laugh break after each. 3) TURN: the surprise beat (SCREEN: switcboard flip). 4) BUTTON ENDING: punchline + button visual (SCREEN: button card) - hold 3s. 5) Hard out, next bit.",3-5 graphics/clips + SFX pack; macro wiring; manual fallback for each beat.
,Mid,Bit,SciFi,G,No,Do a weather report from St. Louis out on the street where the weather keeps changing from hot and sunny to snowing to rainy,"Set piece: Weather report from St. Louis out on the street where the weather keeps changing from hot and sunny to snowing to rainy. Structure: screen sells the premise, escalation beat, button ending. Give it 1-2 minutes max and a hard out.","Build as a macro: 2-4 button presses in sequence (premise visual, escalation, button ending). Manual fallback for each step.",Rehearse cue timing; keep a cut-away button if the room turns.,"1) SETUP: premise line (SCREEN: premise visual). 2) ESCALATE: 2-3 beats, each a screen change (SCREEN: beat cards/clips) with a laugh break after each. 3) TURN: the surprise beat (SCREEN: switcboard flip). 4) BUTTON ENDING: punchline + button visual (SCREEN: button card) - hold 3s. 5) Hard out, next bit.",3-5 graphics/clips + SFX pack; macro wiring; manual fallback for each beat.
,Easy,Gag,Music,G,No,Need a funny birthday song maybe ends with a skeleton face and then you die first would start off with the happy clown face and balloons,"Sight gag: Need a funny birthday song maybe ends with a skeleton face and then you die first would start off with the happy clown face and balloons. Plays fast - the button fires the visual, the reaction shot lands it, move on.","Music cue stack: backing track + on-screen lyrics (bouncing ball where noted); lighting macro per song, out on the final sting. + X-ray/skeleton filter on the head; snap-on with a scanner SFX, one beat, off.",One beat maximum - gags die when they linger.,"1) Quick setup line (SCREEN: neutral). 2) BUTTON: visual fires (SCREEN: gag visual + SFX). 3) Reaction shot - hold (LAUGH BREAK 3-5s). 4) Reset face, move on.",Backing track (custom/licensed); lyric overlay template; bouncing-ball animation; song lighting macro; final sting SFX. X-ray/skeleton face filter; scanner SFX. Holiday graphic pack; themed music cue; balloon/party SFX.
,Easy,Gag,Politics,G,y,Trump vs Sanders USA vs USSA cheer,"Quick gag: Trump vs Sanders USA vs USSA cheer. Plays fast - the button fires the visual, the reaction shot lands it, move on.","Character-voice preset: distorted face + edited VO clips on buttons; keep it punchline-forward, never a lecture.",Political likeness: punchlines must be bipartisan or self-deprecating; venues book the room they want back.,"1) Silent setup - just look at the crowd (SCREEN: neutral). 2) BUTTON: visual fires (SCREEN: gag visual + SFX). 3) Reaction shot - hold (LAUGH BREAK 3-5s). 4) Reset face, move on.",Character-voice preset (face distortion); edited VO clip buttons; punchline-first script.
,Easy,Gag,Visual,G,y,Look it up in the negative dictionary Comedy is not racism,"Button gag: Look it up in the negative dictionary Comedy is not racism. Plays fast - the button fires the visual, the reaction shot lands it, move on.",One app button fires the visual + SFX together; keep a neutral-face reset button next to it.,"Race material: high walk-out risk; target the flawed logic, not people; test in friendly rooms before headlining venues.","1) Quick setup line (SCREEN: neutral). 2) BUTTON: visual fires (SCREEN: gag visual + SFX). 3) Reaction shot - hold (LAUGH BREAK 3-5s). 4) Reset face, move on.",1 visual card/PNG or short clip + 1 SFX; bound to a single button.
,Mid,Bit,Sketch,G,y,"Ban Jenny joomer , then have her say no, I need to buy food,  Then say so do anorexics in hell, correct to fat people with comeback do over","Developed bit: Ban Jenny joomer , then have her say no, I need to buy food, Then say so do anorexics in hell, correct to fat people with comeback do over. Structure: screen sells the premise, escalation beat, button ending. Give it 1-2 minutes max and a hard out.","Burn preset: thug-life sticker/grade + 'ohhh' sting SFX on one button; fire once, then back to material.",Rehearse cue timing; keep a cut-away button if the room turns.,"1) SETUP: premise line (SCREEN: premise visual). 2) ESCALATE: 2-3 beats, each a screen change (SCREEN: beat cards/clips) with a laugh break after each. 3) TURN: the surprise beat (SCREEN: switcboard flip). 4) BUTTON ENDING: punchline + button visual (SCREEN: button card) - hold 3s. 5) Hard out, next bit.",Thug-life sticker pack; 'ohhh' sting SFX; auto-reset burn preset.
,Mid,Bit,Sketch,G,No,"Do a parody band Kiss Face,","Developed bit: Parody band Kiss Face,. Structure: screen sells the premise, escalation beat, button ending. Give it 1-2 minutes max and a hard out.","Build as a macro: 2-4 button presses in sequence (premise visual, escalation, button ending). Manual fallback for each step.","IP/likeness caution: parody hard, don't clone names/voices/logos verbatim; pre-cleared or self-made assets only.","1) SETUP: premise line (SCREEN: premise visual). 2) ESCALATE: 2-3 beats, each a screen change (SCREEN: beat cards/clips) with a laugh break after each. 3) TURN: the surprise beat (SCREEN: switcboard flip). 4) BUTTON ENDING: punchline + button visual (SCREEN: button card) - hold 3s. 5) Hard out, next bit.",3-5 graphics/clips + SFX pack; macro wiring; manual fallback for each beat.
,Mid,Bit,Politics,G,No,"Accidentally do Freaking News, then F’n news","Full bit: Accidentally do Freaking News, then F’n news. Structure: screen sells the premise, escalation beat, button ending. Give it 1-2 minutes max and a hard out.","Breaking-news package: urgent sting, lower-thirds, ticker on rear screens; head anchors with suit graphic. Abort button restores normal face.",Rehearse cue timing; keep a cut-away button if the room turns.,"1) SETUP: premise line (SCREEN: premise visual). 2) ESCALATE: 2-3 beats, each a screen change (SCREEN: beat cards/clips) with a laugh break after each. 3) TURN: the surprise beat (SCREEN: switcboard flip). 4) BUTTON ENDING: punchline + button visual (SCREEN: button card) - hold 3s. 5) Hard out, next bit.",News sting SFX; lower-third template pack; ticker graphic; anchor-suit face card; ABORT card.
,Mid,Bit,Commercial,G,No,Have all of the sudden Js voice come over saying Dad we need you in a squad... then voice keeps giving instructions,"Set piece: Have all of the sudden Js voice come over saying Dad we need you in a squad... then voice keeps giving instructions. Structure: screen sells the premise, escalation beat, button ending. Give it 1-2 minutes max and a hard out.","Build as a macro: 2-4 button presses in sequence (premise visual, escalation, button ending). Manual fallback for each step.",Rehearse cue timing; keep a cut-away button if the room turns.,"1) SETUP: premise line (SCREEN: premise visual). 2) ESCALATE: 2-3 beats, each a screen change (SCREEN: beat cards/clips) with a laugh break after each. 3) TURN: the surprise beat (SCREEN: switcboard flip). 4) BUTTON ENDING: punchline + button visual (SCREEN: button card) - hold 3s. 5) Hard out, next bit.",3-5 graphics/clips + SFX pack; macro wiring; manual fallback for each beat.
,Easy,Gag,Visual,G,No,"Let me check my schedule...  has dog petting , play, etc","Quick gag: Let me check my schedule... has dog petting , play, etc. Plays fast - the button fires the visual, the reaction shot lands it, move on.","Game-show package: scoreboard overlay, lock-in buzzer SFX, board graphics on rear screens; contestant buttons mirror the app.",One beat maximum - gags die when they linger.,"1) Silent setup - just look at the crowd (SCREEN: neutral). 2) BUTTON: visual fires (SCREEN: gag visual + SFX). 3) Reaction shot - hold (LAUGH BREAK 3-5s). 4) Reset face, move on.",1 visual card/PNG or short clip + 1 SFX; bound to a single button.
,Mid,Bit,Commercial,G,No,Head xray,"Set piece: Head xray. Structure: screen sells the premise, escalation beat, button ending. Give it 1-2 minutes max and a hard out.","X-ray/skeleton filter on the head; snap-on with a scanner SFX, one beat, off.",Rehearse cue timing; keep a cut-away button if the room turns.,"1) SETUP: premise line (SCREEN: premise visual). 2) ESCALATE: 2-3 beats, each a screen change (SCREEN: beat cards/clips) with a laugh break after each. 3) TURN: the surprise beat (SCREEN: switcboard flip). 4) BUTTON ENDING: punchline + button visual (SCREEN: button card) - hold 3s. 5) Hard out, next bit.",X-ray/skeleton face filter; scanner SFX.
,Easy,Heckler,Callback,PG,No,"If a person gives a dirty suggestion, take a pic and put them on the wall of shame next to hitler","Heckler response: If a person gives a dirty suggestion, take a pic and put them on the wall of shame next to hitler. One button, one beat, back to material. The screen sells it; don't get dragged into a duel.","Single-button preset: visual + SFX fire together, auto-reset after ~4 seconds.","Hitler/antisemitism material: highest walk-out risk in the file; only survives as a clearly condemned punchline - know the room, maybe know the lawyer.","1) Heckler fires (SCREEN: neutral). 2) One-line acknowledgment. 3) BUTTON: preset fires (SCREEN: response visual + SFX) (LAUGH BREAK). 4) Auto/manual reset, immediately back to material - no duel.",1-button preset: visual + SFX + auto-reset (~4s).
,Mid,Bit,Music,G,No,"Roast and audience member... take a pic, put on screen, and then roast them (using face effects","Full bit: Roast and audience member... take a pic, put on screen, and then roast them (using face effects. Structure: screen sells the premise, escalation beat, button ending. Give it 1-2 minutes max and a hard out.","Audience-cam pass-through to head/rear screens; rehearse crop/freeze on a stand-in, keep latency under ~200ms. + Music cue stack: backing track + on-screen lyrics (bouncing ball where noted); lighting macro per song, out on the final sting.",Rehearse cue timing; keep a cut-away button if the room turns.,"1) SETUP: premise line (SCREEN: premise visual). 2) ESCALATE: 2-3 beats, each a screen change (SCREEN: beat cards/clips) with a laugh break after each. 3) TURN: the surprise beat (SCREEN: switcboard flip). 4) BUTTON ENDING: punchline + button visual (SCREEN: button card) - hold 3s. 5) Hard out, next bit.",Backing track (custom/licensed); lyric overlay template; bouncing-ball animation; song lighting macro; final sting SFX.
,Mid,Bit,Sketch,G,No,"Finish show with outtakes,  Mess up a punch line, say Goodnight Cleveland...","Developed bit: Finish show with outtakes, Mess up a punch line, say Goodnight Cleveland.... Structure: screen sells the premise, escalation beat, button ending. Give it 1-2 minutes max and a hard out.","Build as a macro: 2-4 button presses in sequence (premise visual, escalation, button ending). Manual fallback for each step.",Rehearse cue timing; keep a cut-away button if the room turns.,"1) SETUP: premise line (SCREEN: premise visual). 2) ESCALATE: 2-3 beats, each a screen change (SCREEN: beat cards/clips) with a laugh break after each. 3) TURN: the surprise beat (SCREEN: switcboard flip). 4) BUTTON ENDING: punchline + button visual (SCREEN: button card) - hold 3s. 5) Hard out, next bit.",Goo/slime overlay animation; splat SFX; cleanup note for real props.
,Mid,Bit,Sketch,G,No,Segue-  Have my 23 and me results show up then go thru them,"Full bit: Segue- Have my 23 and me results show up then go thru them. Structure: screen sells the premise, escalation beat, button ending. Give it 1-2 minutes max and a hard out.","Build as a macro: 2-4 button presses in sequence (premise visual, escalation, button ending). Manual fallback for each step.",Rehearse cue timing; keep a cut-away button if the room turns.,"1) SETUP: premise line (SCREEN: premise visual). 2) ESCALATE: 2-3 beats, each a screen change (SCREEN: beat cards/clips) with a laugh break after each. 3) TURN: the surprise beat (SCREEN: switcboard flip). 4) BUTTON ENDING: punchline + button visual (SCREEN: button card) - hold 3s. 5) Hard out, next bit.",3-5 graphics/clips + SFX pack; macro wiring; manual fallback for each beat.
,Easy,Gag,Music,G,No,I saw a funny Jim Stafford video of him playing guitar in a shrinking spotlight  Referred to him as the Victor Borge of comedy,"Button gag: I saw a funny Jim Stafford video of him playing guitar in a shrinking spotlight Referred to him as the Victor Borge of comedy. Plays fast - the button fires the visual, the reaction shot lands it, move on.","Game-show package: scoreboard overlay, lock-in buzzer SFX, board graphics on rear screens; contestant buttons mirror the app.",One beat maximum - gags die when they linger.,"1) Quick setup line (SCREEN: neutral). 2) BUTTON: visual fires (SCREEN: gag visual + SFX). 3) Reaction shot - hold (LAUGH BREAK 3-5s). 4) Reset face, move on.",1 visual card/PNG or short clip + 1 SFX; bound to a single button.
,Easy,Dance break,Sketch,G,No,what does the fox say,"Set piece: What does the fox say. Structure: screen sells the premise, escalation beat, button ending. Give it 1-2 minutes max and a hard out.","Build as a macro: 2-4 button presses in sequence (premise visual, escalation, button ending). Manual fallback for each step.",Rehearse cue timing; keep a cut-away button if the room turns.,"1) SETUP: premise line (SCREEN: premise visual). 2) ESCALATE: 2-3 beats, each a screen change (SCREEN: beat cards/clips) with a laugh break after each. 3) TURN: the surprise beat (SCREEN: switcboard flip). 4) BUTTON ENDING: punchline + button visual (SCREEN: button card) - hold 3s. 5) Hard out, next bit.",3-5 graphics/clips + SFX pack; macro wiring; manual fallback for each beat.
,Easy,Line,SciFi,G,No,"Like AI , AC is artificial comedy","One-liner: Like AI , AC is artificial comedy. Fire it as a quick hit between bits; flash a caption or stinger on the face to sell the beat, then keep moving.",Optional: flash the punchline as a lower-third caption after it lands. Delivery-only otherwise.,Delivery-only; adjust to room temperature on the fly.,"1) Setup line delivers the premise (SCREEN: neutral face). 2) Punchline - land it, don't step on it. 3) Optional: flash caption of the punchline (SCREEN: lower-third) (LAUGH BREAK). 4) Move on.",Optional punchline caption (lower-third PNG). Delivery-only otherwise.
,Mid,Bit,Music,G,No,"Let the audience vote for what’s next, ie joke or dance break","Developed bit: Let the audience vote for what’s next, ie joke or dance break. Structure: screen sells the premise, escalation beat, button ending. Give it 1-2 minutes max and a hard out.","Game-show package: scoreboard overlay, lock-in buzzer SFX, board graphics on rear screens; contestant buttons mirror the app.",Rehearse cue timing; keep a cut-away button if the room turns.,"1) SETUP: premise line (SCREEN: premise visual). 2) ESCALATE: 2-3 beats, each a screen change (SCREEN: beat cards/clips) with a laugh break after each. 3) TURN: the surprise beat (SCREEN: switcboard flip). 4) BUTTON ENDING: punchline + button visual (SCREEN: button card) - hold 3s. 5) Hard out, next bit.",3-5 graphics/clips + SFX pack; macro wiring; manual fallback for each beat.
,Mid,Bit,Sketch,G,No,"Get infected by a virus, do some funny stuff","Developed bit: Get infected by a virus, do some funny stuff. Structure: screen sells the premise, escalation beat, button ending. Give it 1-2 minutes max and a hard out.","Build as a macro: 2-4 button presses in sequence (premise visual, escalation, button ending). Manual fallback for each step.",Rehearse cue timing; keep a cut-away button if the room turns.,"1) SETUP: premise line (SCREEN: premise visual). 2) ESCALATE: 2-3 beats, each a screen change (SCREEN: beat cards/clips) with a laugh break after each. 3) TURN: the surprise beat (SCREEN: switcboard flip). 4) BUTTON ENDING: punchline + button visual (SCREEN: button card) - hold 3s. 5) Hard out, next bit.",3-5 graphics/clips + SFX pack; macro wiring; manual fallback for each beat.
,Easy,Device,Tech-Call,G,No,Call fans dead heads,"Tooling, not a bit on its own: Call fans dead heads. Build it into the control panel once and it quietly powers other rows; test in an empty room before relying on it live.","Fake-call UI overlay (FaceTime/Zoom style): ringtone SFX, answer/decline buttons, pre-recorded caller clips cut as clean answers on their own buttons.","Failure modes: test in an empty room, keep a manual fallback.","BUILD, not stage time. 1) Spec the feature. 2) Implement + unit-test in empty room. 3) Latency + failure-mode drill (SCREEN: n/a). 4) Document the button mapping. No laugh breaks - it powers other bits.",Control-panel config; latency/failure test checklist; manual fallback.
,Mid,Bit,Audience,G,No,"Roast me..  have someone come up,  Then the audience can do prewritten rosts from the app","Developed bit: Roast me.. have someone come up, Then the audience can do prewritten rosts from the app. Structure: screen sells the premise, escalation beat, button ending. Give it 1-2 minutes max and a hard out.","Build as a macro: 2-4 button presses in sequence (premise visual, escalation, button ending). Manual fallback for each step.",Rehearse cue timing; keep a cut-away button if the room turns.,"1) SETUP: premise line (SCREEN: premise visual). 2) ESCALATE: 2-3 beats, each a screen change (SCREEN: beat cards/clips) with a laugh break after each. 3) TURN: the surprise beat (SCREEN: switcboard flip). 4) BUTTON ENDING: punchline + button visual (SCREEN: button card) - hold 3s. 5) Hard out, next bit.",3-5 graphics/clips + SFX pack; macro wiring; manual fallback for each beat.
,Mid,Bit,Sketch,G,y,Run jokes thru a lefty purity machine,"Developed bit: Run jokes thru a lefty purity machine. Structure: screen sells the premise, escalation beat, button ending. Give it 1-2 minutes max and a hard out.","Build as a macro: 2-4 button presses in sequence (premise visual, escalation, button ending). Manual fallback for each step.",Rehearse cue timing; keep a cut-away button if the room turns.,"1) SETUP: premise line (SCREEN: premise visual). 2) ESCALATE: 2-3 beats, each a screen change (SCREEN: beat cards/clips) with a laugh break after each. 3) TURN: the surprise beat (SCREEN: switcboard flip). 4) BUTTON ENDING: punchline + button visual (SCREEN: button card) - hold 3s. 5) Hard out, next bit.",3-5 graphics/clips + SFX pack; macro wiring; manual fallback for each beat.
,Easy,Gag,Visual,G,No,There is an NPC filter in the lens store,"Button gag: There is an NPC filter in the lens store. Plays fast - the button fires the visual, the reaction shot lands it, move on.","Face-filter stack: each filter on its own app button, cycle order rehearsed; camera-tracked filters need good front-light on the head.",One beat maximum - gags die when they linger.,"1) React to a real moment in the room (SCREEN: neutral). 2) BUTTON: visual fires (SCREEN: gag visual + SFX). 3) Reaction shot - hold (LAUGH BREAK 3-5s). 4) Reset face, move on.",Face-filter pack (list per bit); head-tracking calibration; front-light note.
,Mid,Bit,SciFi,G,No,Do MST 3000 of new movie trailers,"Set piece: Do MST 3000 of new movie trailers. Structure: screen sells the premise, escalation beat, button ending. Give it 1-2 minutes max and a hard out.","Build as a macro: 2-4 button presses in sequence (premise visual, escalation, button ending). Manual fallback for each step.",Rehearse cue timing; keep a cut-away button if the room turns.,"1) SETUP: premise line (SCREEN: premise visual). 2) ESCALATE: 2-3 beats, each a screen change (SCREEN: beat cards/clips) with a laugh break after each. 3) TURN: the surprise beat (SCREEN: switcboard flip). 4) BUTTON ENDING: punchline + button visual (SCREEN: button card) - hold 3s. 5) Hard out, next bit.",3-5 graphics/clips + SFX pack; macro wiring; manual fallback for each beat.
,Easy,Gag,Visual,G,No,Record screen and then rewind for a do over,"Button gag: Record screen and then rewind for a do over. Plays fast - the button fires the visual, the reaction shot lands it, move on.",Playback FX preset: slow-mo/rewind/freeze on the face with tape SFX; performer moves match the speed for the sell.,One beat maximum - gags die when they linger.,"1) React to a real moment in the room (SCREEN: neutral). 2) BUTTON: visual fires (SCREEN: gag visual + SFX). 3) Reaction shot - hold (LAUGH BREAK 3-5s). 4) Reset face, move on.",Playback FX preset (slow-mo/rewind/freeze) + tape SFX; matched-movement rehearsal note.
,Mid,Bit,Sketch,G,No,Funny bloopers showing videos,"Developed bit: Funny bloopers showing videos. Structure: screen sells the premise, escalation beat, button ending. Give it 1-2 minutes max and a hard out.","Build as a macro: 2-4 button presses in sequence (premise visual, escalation, button ending). Manual fallback for each step.",Rehearse cue timing; keep a cut-away button if the room turns.,"1) SETUP: premise line (SCREEN: premise visual). 2) ESCALATE: 2-3 beats, each a screen change (SCREEN: beat cards/clips) with a laugh break after each. 3) TURN: the surprise beat (SCREEN: switcboard flip). 4) BUTTON ENDING: punchline + button visual (SCREEN: button card) - hold 3s. 5) Hard out, next bit.",3-5 graphics/clips + SFX pack; macro wiring; manual fallback for each beat.
,Easy,Gag,Visual,G,No,Aquarium screensaver go to sleep,"Button gag: Aquarium screensaver go to sleep. Plays fast - the button fires the visual, the reaction shot lands it, move on.",One app button fires the visual + SFX together; keep a neutral-face reset button next to it.,One beat maximum - gags die when they linger.,"1) React to a real moment in the room (SCREEN: neutral). 2) BUTTON: visual fires (SCREEN: gag visual + SFX). 3) Reaction shot - hold (LAUGH BREAK 3-5s). 4) Reset face, move on.",1 visual card/PNG or short clip + 1 SFX; bound to a single button.
,Mid,Bit,Commercial,G,No,Carrothead,"Full bit: Carrothead. Structure: screen sells the premise, escalation beat, button ending. Give it 1-2 minutes max and a hard out.","Build as a macro: 2-4 button presses in sequence (premise visual, escalation, button ending). Manual fallback for each step.",Rehearse cue timing; keep a cut-away button if the room turns.,"1) SETUP: premise line (SCREEN: premise visual). 2) ESCALATE: 2-3 beats, each a screen change (SCREEN: beat cards/clips) with a laugh break after each. 3) TURN: the surprise beat (SCREEN: switcboard flip). 4) BUTTON ENDING: punchline + button visual (SCREEN: button card) - hold 3s. 5) Hard out, next bit.",3-5 graphics/clips + SFX pack; macro wiring; manual fallback for each beat.
,Easy,Gag,Visual,G,No,Throw up on the screen. Windshield wipers to clean it off,"Sight gag: Throw up on the screen. Windshield wipers to clean it off. Plays fast - the button fires the visual, the reaction shot lands it, move on.",One app button fires the visual + SFX together; keep a neutral-face reset button next to it.,One beat maximum - gags die when they linger.,"1) Quick setup line (SCREEN: neutral). 2) BUTTON: visual fires (SCREEN: gag visual + SFX). 3) Reaction shot - hold (LAUGH BREAK 3-5s). 4) Reset face, move on.",1 visual card/PNG or short clip + 1 SFX; bound to a single button.
,Easy,Gag,Commercial,G,No,Howie Mandel latex glove joke but at the end my head explode,"Button gag: Howie Mandel latex glove joke but at the end my head explode. Plays fast - the button fires the visual, the reaction shot lands it, move on.",One app button fires the visual + SFX together; keep a neutral-face reset button next to it.,One beat maximum - gags die when they linger.,"1) React to a real moment in the room (SCREEN: neutral). 2) BUTTON: visual fires (SCREEN: gag visual + SFX). 3) Reaction shot - hold (LAUGH BREAK 3-5s). 4) Reset face, move on.",1 visual card/PNG or short clip + 1 SFX; bound to a single button.
,Mid,Bit,Commercial,G,No,"For kids do a laughing in dad jokes, or pick a number dad jokes, or the knock knock door thing","Full bit: For kids do a laughing in dad jokes, or pick a number dad jokes, or the knock knock door thing. Structure: screen sells the premise, escalation beat, button ending. Give it 1-2 minutes max and a hard out.","Build as a macro: 2-4 button presses in sequence (premise visual, escalation, button ending). Manual fallback for each step.",Rehearse cue timing; keep a cut-away button if the room turns.,"1) SETUP: premise line (SCREEN: premise visual). 2) ESCALATE: 2-3 beats, each a screen change (SCREEN: beat cards/clips) with a laugh break after each. 3) TURN: the surprise beat (SCREEN: switcboard flip). 4) BUTTON ENDING: punchline + button visual (SCREEN: button card) - hold 3s. 5) Hard out, next bit.",3-5 graphics/clips + SFX pack; macro wiring; manual fallback for each beat.
,Easy,Gag,Visual,G,No,Show a PowerPoint presentation about comedy,"Sight gag: Show a PowerPoint presentation about comedy. Plays fast - the button fires the visual, the reaction shot lands it, move on.",One app button fires the visual + SFX together; keep a neutral-face reset button next to it.,One beat maximum - gags die when they linger.,"1) Quick setup line (SCREEN: neutral). 2) BUTTON: visual fires (SCREEN: gag visual + SFX). 3) Reaction shot - hold (LAUGH BREAK 3-5s). 4) Reset face, move on.",1 visual card/PNG or short clip + 1 SFX; bound to a single button.
,Mid,Bit,Sketch,G,No,Do an onstage collab with pewdepie,"Developed bit: Onstage collab with pewdepie. Structure: screen sells the premise, escalation beat, button ending. Give it 1-2 minutes max and a hard out.","Build as a macro: 2-4 button presses in sequence (premise visual, escalation, button ending). Manual fallback for each step.","IP/likeness caution: parody hard, don't clone names/voices/logos verbatim; pre-cleared or self-made assets only.","1) SETUP: premise line (SCREEN: premise visual). 2) ESCALATE: 2-3 beats, each a screen change (SCREEN: beat cards/clips) with a laugh break after each. 3) TURN: the surprise beat (SCREEN: switcboard flip). 4) BUTTON ENDING: punchline + button visual (SCREEN: button card) - hold 3s. 5) Hard out, next bit.",3-5 graphics/clips + SFX pack; macro wiring; manual fallback for each beat.
,Mid,Bit,Sketch,G,No,Do a collaboration where without their knowledge you reunite the Beatles or KISS,"Developed bit: Collaboration where without their knowledge you reunite the Beatles or KISS. Structure: screen sells the premise, escalation beat, button ending. Give it 1-2 minutes max and a hard out.","Build as a macro: 2-4 button presses in sequence (premise visual, escalation, button ending). Manual fallback for each step.","IP/likeness caution: parody hard, don't clone names/voices/logos verbatim; pre-cleared or self-made assets only.","1) SETUP: premise line (SCREEN: premise visual). 2) ESCALATE: 2-3 beats, each a screen change (SCREEN: beat cards/clips) with a laugh break after each. 3) TURN: the surprise beat (SCREEN: switcboard flip). 4) BUTTON ENDING: punchline + button visual (SCREEN: button card) - hold 3s. 5) Hard out, next bit.",3-5 graphics/clips + SFX pack; macro wiring; manual fallback for each beat.
,Mid,Bit,Music,G,No,"Do a dance off showing a wii just dance video, maybe under the pretense of preparing a flash mob for a girlfriend","Set piece: Dance off showing a wii just dance video, maybe under the pretense of preparing a flash mob for a girlfriend. Structure: screen sells the premise, escalation beat, button ending. Give it 1-2 minutes max and a hard out.","Build as a macro: 2-4 button presses in sequence (premise visual, escalation, button ending). Manual fallback for each step.","IP/likeness caution: parody hard, don't clone names/voices/logos verbatim; pre-cleared or self-made assets only.","1) SETUP: premise line (SCREEN: premise visual). 2) ESCALATE: 2-3 beats, each a screen change (SCREEN: beat cards/clips) with a laugh break after each. 3) TURN: the surprise beat (SCREEN: switcboard flip). 4) BUTTON ENDING: punchline + button visual (SCREEN: button card) - hold 3s. 5) Hard out, next bit.",3-5 graphics/clips + SFX pack; macro wiring; manual fallback for each beat.
,Mid,Bit,Music,G,No,"Do a remix with crowd actions, similar to that AGT act that put it up on the screen","Developed bit: Remix with crowd actions, similar to that AGT act that put it up on the screen. Structure: screen sells the premise, escalation beat, button ending. Give it 1-2 minutes max and a hard out.","Music cue stack: backing track + on-screen lyrics (bouncing ball where noted); lighting macro per song, out on the final sting.",Rehearse cue timing; keep a cut-away button if the room turns.,"1) SETUP: premise line (SCREEN: premise visual). 2) ESCALATE: 2-3 beats, each a screen change (SCREEN: beat cards/clips) with a laugh break after each. 3) TURN: the surprise beat (SCREEN: switcboard flip). 4) BUTTON ENDING: punchline + button visual (SCREEN: button card) - hold 3s. 5) Hard out, next bit.",Backing track (custom/licensed); lyric overlay template; bouncing-ball animation; song lighting macro; final sting SFX.
,Mid,Bit,Commercial,G,No,Fortnite battle (use background green screen to show back of head from another camera),"Full bit: Fortnite battle (use background green screen to show back of head from another camera). Structure: screen sells the premise, escalation beat, button ending. Give it 1-2 minutes max and a hard out.",Green-screen preset: chroma-key the head (bib/backdrop); check spill and key edges under stage lights before show.,"IP/likeness caution: parody hard, don't clone names/voices/logos verbatim; pre-cleared or self-made assets only.","1) SETUP: premise line (SCREEN: premise visual). 2) ESCALATE: 2-3 beats, each a screen change (SCREEN: beat cards/clips) with a laugh break after each. 3) TURN: the surprise beat (SCREEN: switcboard flip). 4) BUTTON ENDING: punchline + button visual (SCREEN: button card) - hold 3s. 5) Hard out, next bit.",Green bib/backdrop (physical); chroma-key preset tuned under stage lights; background plate library.
,Easy,Gag,Audience,G,No,Boomerang the audience for some reason,"Sight gag: Boomerang the audience for some reason. Plays fast - the button fires the visual, the reaction shot lands it, move on.",Pyro-SFX cue: screens flash + concussive SFX while the performer sells the blast; no real pyro needed.,One beat maximum - gags die when they linger.,"1) Quick setup line (SCREEN: neutral). 2) BUTTON: visual fires (SCREEN: gag visual + SFX). 3) Reaction shot - hold (LAUGH BREAK 3-5s). 4) Reset face, move on.",Flash-frame clip; concussive SFX; screens white-flash macro (no real pyro). Playback FX preset (slow-mo/rewind/freeze) + tape SFX; matched-movement rehearsal note.
,Mid,Bit,SciFi,G,No,"Interview someone then generate a trailer, This is your life like","Developed bit: Interview someone then generate a trailer, This is your life like. Structure: screen sells the premise, escalation beat, button ending. Give it 1-2 minutes max and a hard out.","Build as a macro: 2-4 button presses in sequence (premise visual, escalation, button ending). Manual fallback for each step.",Rehearse cue timing; keep a cut-away button if the room turns.,"1) SETUP: premise line (SCREEN: premise visual). 2) ESCALATE: 2-3 beats, each a screen change (SCREEN: beat cards/clips) with a laugh break after each. 3) TURN: the surprise beat (SCREEN: switcboard flip). 4) BUTTON ENDING: punchline + button visual (SCREEN: button card) - hold 3s. 5) Hard out, next bit.",3-5 graphics/clips + SFX pack; macro wiring; manual fallback for each beat.
,Easy,Gag,Visual,G,No,Thug life glasses and group saying whoa,"Quick gag: Thug life glasses and group saying whoa. Plays fast - the button fires the visual, the reaction shot lands it, move on.","Burn preset: thug-life sticker/grade + 'ohhh' sting SFX on one button; fire once, then back to material.",One beat maximum - gags die when they linger.,"1) Silent setup - just look at the crowd (SCREEN: neutral). 2) BUTTON: visual fires (SCREEN: gag visual + SFX). 3) Reaction shot - hold (LAUGH BREAK 3-5s). 4) Reset face, move on.",Thug-life sticker pack; 'ohhh' sting SFX; auto-reset burn preset.
,Mid,Bit,Sketch,G,No,Take a trip to crazy town ( meet nutty lib characters),"Developed bit: Take a trip to crazy town ( meet nutty lib characters). Structure: screen sells the premise, escalation beat, button ending. Give it 1-2 minutes max and a hard out.","Build as a macro: 2-4 button presses in sequence (premise visual, escalation, button ending). Manual fallback for each step.",Rehearse cue timing; keep a cut-away button if the room turns.,"1) SETUP: premise line (SCREEN: premise visual). 2) ESCALATE: 2-3 beats, each a screen change (SCREEN: beat cards/clips) with a laugh break after each. 3) TURN: the surprise beat (SCREEN: switcboard flip). 4) BUTTON ENDING: punchline + button visual (SCREEN: button card) - hold 3s. 5) Hard out, next bit.",3-5 graphics/clips + SFX pack; macro wiring; manual fallback for each beat.
,Mid,Bit,Commercial,G,No,"Act out the meme where there are two red buttons, like a choose your own adventure","Developed bit: Act out the meme where there are two red buttons, like a choose your own adventure. Structure: screen sells the premise, escalation beat, button ending. Give it 1-2 minutes max and a hard out.","Build as a macro: 2-4 button presses in sequence (premise visual, escalation, button ending). Manual fallback for each step.",Rehearse cue timing; keep a cut-away button if the room turns.,"1) SETUP: premise line (SCREEN: premise visual). 2) ESCALATE: 2-3 beats, each a screen change (SCREEN: beat cards/clips) with a laugh break after each. 3) TURN: the surprise beat (SCREEN: switcboard flip). 4) BUTTON ENDING: punchline + button visual (SCREEN: button card) - hold 3s. 5) Hard out, next bit.",3-5 graphics/clips + SFX pack; macro wiring; manual fallback for each beat.
,Mid,Bit,Music,G,No,Do a LINKIN PARK song with happy lenses followed by scaring lenses like the head on fire,"Developed bit: LINKIN PARK song with happy lenses followed by scaring lenses like the head on fire. Structure: screen sells the premise, escalation beat, button ending. Give it 1-2 minutes max and a hard out.","Music cue stack: backing track + on-screen lyrics (bouncing ball where noted); lighting macro per song, out on the final sting.","IP/likeness caution: parody hard, don't clone names/voices/logos verbatim; pre-cleared or self-made assets only.","1) SETUP: premise line (SCREEN: premise visual). 2) ESCALATE: 2-3 beats, each a screen change (SCREEN: beat cards/clips) with a laugh break after each. 3) TURN: the surprise beat (SCREEN: switcboard flip). 4) BUTTON ENDING: punchline + button visual (SCREEN: button card) - hold 3s. 5) Hard out, next bit.",Backing track (custom/licensed); lyric overlay template; bouncing-ball animation; song lighting macro; final sting SFX.
,Mid,Bit,Sketch,G,No,"Look thru Instagram where people are saying ask me a question , then ask them stupid questions","Developed bit: Look thru Instagram where people are saying ask me a question , then ask them stupid questions. Structure: screen sells the premise, escalation beat, button ending. Give it 1-2 minutes max and a hard out.","Face-filter stack: each filter on its own app button, cycle order rehearsed; camera-tracked filters need good front-light on the head.","IP/likeness caution: parody hard, don't clone names/voices/logos verbatim; pre-cleared or self-made assets only.","1) SETUP: premise line (SCREEN: premise visual). 2) ESCALATE: 2-3 beats, each a screen change (SCREEN: beat cards/clips) with a laugh break after each. 3) TURN: the surprise beat (SCREEN: switcboard flip). 4) BUTTON ENDING: punchline + button visual (SCREEN: button card) - hold 3s. 5) Hard out, next bit.",Face-filter pack (list per bit); head-tracking calibration; front-light note.
,Mid,Bit,SciFi,G,No,Open up an email threat where some threatens ok funny guy you’re gonna get it  With an attached video of TVs breaking,"Developed bit: Open up an email threat where some threatens ok funny guy you’re gonna get it With an attached video of TVs breaking. Structure: screen sells the premise, escalation beat, button ending. Give it 1-2 minutes max and a hard out.","Breaking-news package: urgent sting, lower-thirds, ticker on rear screens; head anchors with suit graphic. Abort button restores normal face.",Rehearse cue timing; keep a cut-away button if the room turns.,"1) SETUP: premise line (SCREEN: premise visual). 2) ESCALATE: 2-3 beats, each a screen change (SCREEN: beat cards/clips) with a laugh break after each. 3) TURN: the surprise beat (SCREEN: switcboard flip). 4) BUTTON ENDING: punchline + button visual (SCREEN: button card) - hold 3s. 5) Hard out, next bit.",News sting SFX; lower-third template pack; ticker graphic; anchor-suit face card; ABORT card.
,Mid,Bit,Music,G,No,Have someone/ a salesman come to the door and answer it using the Ring camera,"Developed bit: Have someone/ a salesman come to the door and answer it using the Ring camera. Structure: screen sells the premise, escalation beat, button ending. Give it 1-2 minutes max and a hard out.","Music cue stack: backing track + on-screen lyrics (bouncing ball where noted); lighting macro per song, out on the final sting.","IP/likeness caution: parody hard, don't clone names/voices/logos verbatim; pre-cleared or self-made assets only.","1) SETUP: premise line (SCREEN: premise visual). 2) ESCALATE: 2-3 beats, each a screen change (SCREEN: beat cards/clips) with a laugh break after each. 3) TURN: the surprise beat (SCREEN: switcboard flip). 4) BUTTON ENDING: punchline + button visual (SCREEN: button card) - hold 3s. 5) Hard out, next bit.",Backing track (custom/licensed); lyric overlay template; bouncing-ball animation; song lighting macro; final sting SFX.
,Mid,Bit,Politics,G,y,HC for president. Do a debate where the libs heads keep exploding when presented with facts. (Also homie Pat Paulson),"Developed bit: HC for president. Do a debate where the libs heads keep exploding when presented with facts. (Also homie Pat Paulson). Structure: screen sells the premise, escalation beat, button ending. Give it 1-2 minutes max and a hard out.","Character-voice preset: distorted face + edited VO clips on buttons; keep it punchline-forward, never a lecture.",Rehearse cue timing; keep a cut-away button if the room turns.,"1) SETUP: premise line (SCREEN: premise visual). 2) ESCALATE: 2-3 beats, each a screen change (SCREEN: beat cards/clips) with a laugh break after each. 3) TURN: the surprise beat (SCREEN: switcboard flip). 4) BUTTON ENDING: punchline + button visual (SCREEN: button card) - hold 3s. 5) Hard out, next bit.",Character-voice preset (face distortion); edited VO clip buttons; punchline-first script.
,Mid,Bit,Commercial,G,No,"Mess up a joke, then show the timeline with the messed up joke(bad, evil happens), and the timeline had it gone correctly(win lotto etc)","Set piece: Mess up a joke, then show the timeline with the messed up joke(bad, evil happens), and the timeline had it gone correctly(win lotto etc). Structure: screen sells the premise, escalation beat, button ending. Give it 1-2 minutes max and a hard out.","Build as a macro: 2-4 button presses in sequence (premise visual, escalation, button ending). Manual fallback for each step.",Rehearse cue timing; keep a cut-away button if the room turns.,"1) SETUP: premise line (SCREEN: premise visual). 2) ESCALATE: 2-3 beats, each a screen change (SCREEN: beat cards/clips) with a laugh break after each. 3) TURN: the surprise beat (SCREEN: switcboard flip). 4) BUTTON ENDING: punchline + button visual (SCREEN: button card) - hold 3s. 5) Hard out, next bit.",3-5 graphics/clips + SFX pack; macro wiring; manual fallback for each beat.
,Mid,Bit,Sketch,G,No,Place a Bluetooth speaker on someone’s table and have them heckle/ have an argument with me,"Set piece: Place a Bluetooth speaker on someone’s table and have them heckle/ have an argument with me. Structure: screen sells the premise, escalation beat, button ending. Give it 1-2 minutes max and a hard out.","Build as a macro: 2-4 button presses in sequence (premise visual, escalation, button ending). Manual fallback for each step.",Rehearse cue timing; keep a cut-away button if the room turns.,"1) SETUP: premise line (SCREEN: premise visual). 2) ESCALATE: 2-3 beats, each a screen change (SCREEN: beat cards/clips) with a laugh break after each. 3) TURN: the surprise beat (SCREEN: switcboard flip). 4) BUTTON ENDING: punchline + button visual (SCREEN: button card) - hold 3s. 5) Hard out, next bit.",3-5 graphics/clips + SFX pack; macro wiring; manual fallback for each beat.
,Easy,Gag,Audience,G,No,Turn a flashlight on top of the tv pointing at the audience,"Button gag: Turn a flashlight on top of the tv pointing at the audience. Plays fast - the button fires the visual, the reaction shot lands it, move on.",One app button fires the visual + SFX together; keep a neutral-face reset button next to it.,One beat maximum - gags die when they linger.,"1) React to a real moment in the room (SCREEN: neutral). 2) BUTTON: visual fires (SCREEN: gag visual + SFX). 3) Reaction shot - hold (LAUGH BREAK 3-5s). 4) Reset face, move on.",1 visual card/PNG or short clip + 1 SFX; bound to a single button.
,Mid,Bit,Audience,G,No,"Avatar creation, for a kids bday let them decide HC hat, glasses, etc  Or to mimic an audience member","Full bit: Avatar creation, for a kids bday let them decide HC hat, glasses, etc Or to mimic an audience member. Structure: screen sells the premise, escalation beat, button ending. Give it 1-2 minutes max and a hard out.","Audience-cam pass-through to head/rear screens; rehearse crop/freeze on a stand-in, keep latency under ~200ms.",Rehearse cue timing; keep a cut-away button if the room turns.,"1) SETUP: premise line (SCREEN: premise visual). 2) ESCALATE: 2-3 beats, each a screen change (SCREEN: beat cards/clips) with a laugh break after each. 3) TURN: the surprise beat (SCREEN: switcboard flip). 4) BUTTON ENDING: punchline + button visual (SCREEN: button card) - hold 3s. 5) Hard out, next bit.",3-5 graphics/clips + SFX pack; macro wiring; manual fallback for each beat.
,Mid,Bit,Sketch,G,No,,"If it’s a black guy ask the panel (Danson, Kimmel, Silverman) if it’s ok","Build as a macro: 2-4 button presses in sequence (premise visual, escalation, button ending). Manual fallback for each step.",Rehearse cue timing; keep a cut-away button if the room turns.,"1) SETUP: premise line (SCREEN: premise visual). 2) ESCALATE: 2-3 beats, each a screen change (SCREEN: beat cards/clips) with a laugh break after each. 3) TURN: the surprise beat (SCREEN: switcboard flip). 4) BUTTON ENDING: punchline + button visual (SCREEN: button card) - hold 3s. 5) Hard out, next bit.",3-5 graphics/clips + SFX pack; macro wiring; manual fallback for each beat.
,Mid,Bit,Sketch,G,y,"Do Bill Nye the science guy, stupid science conclusions, show a solar system with a flat earth, etc","Set piece: Do Bill Nye the science guy, stupid science conclusions, show a solar system with a flat earth, etc. Structure: screen sells the premise, escalation beat, button ending. Give it 1-2 minutes max and a hard out.","Build as a macro: 2-4 button presses in sequence (premise visual, escalation, button ending). Manual fallback for each step.",Rehearse cue timing; keep a cut-away button if the room turns.,"1) SETUP: premise line (SCREEN: premise visual). 2) ESCALATE: 2-3 beats, each a screen change (SCREEN: beat cards/clips) with a laugh break after each. 3) TURN: the surprise beat (SCREEN: switcboard flip). 4) BUTTON ENDING: punchline + button visual (SCREEN: button card) - hold 3s. 5) Hard out, next bit.",3-5 graphics/clips + SFX pack; macro wiring; manual fallback for each beat.
,Easy,Gag,Visual,G,No,Get interrupted by Anonymous with a special message,"Quick gag: Get interrupted by Anonymous with a special message. Plays fast - the button fires the visual, the reaction shot lands it, move on.",One app button fires the visual + SFX together; keep a neutral-face reset button next to it.,One beat maximum - gags die when they linger.,"1) Silent setup - just look at the crowd (SCREEN: neutral). 2) BUTTON: visual fires (SCREEN: gag visual + SFX). 3) Reaction shot - hold (LAUGH BREAK 3-5s). 4) Reset face, move on.",1 visual card/PNG or short clip + 1 SFX; bound to a single button.
,Mid,Bit,Music,G,No,"Tinder - swipe left right  Maybe choosing things they like, don’t like,  Then show pic with choices","Full bit: Tinder - swipe left right Maybe choosing things they like, don’t like, Then show pic with choices. Structure: screen sells the premise, escalation beat, button ending. Give it 1-2 minutes max and a hard out.","Music cue stack: backing track + on-screen lyrics (bouncing ball where noted); lighting macro per song, out on the final sting.",Rehearse cue timing; keep a cut-away button if the room turns.,"1) SETUP: premise line (SCREEN: premise visual). 2) ESCALATE: 2-3 beats, each a screen change (SCREEN: beat cards/clips) with a laugh break after each. 3) TURN: the surprise beat (SCREEN: switcboard flip). 4) BUTTON ENDING: punchline + button visual (SCREEN: button card) - hold 3s. 5) Hard out, next bit.",Backing track (custom/licensed); lyric overlay template; bouncing-ball animation; song lighting macro; final sting SFX.
,Easy,Device,Game,G,No,"Have controllers so audience can interact with screen , maybe video game or select something....","Tooling, not a bit on its own: Have controllers so audience can interact with screen , maybe video game or select something..... Build it into the control panel once and it quietly powers other rows; test in an empty room before relying on it live.","Game-show package: scoreboard overlay, lock-in buzzer SFX, board graphics on rear screens; contestant buttons mirror the app.","Failure modes: test in an empty room, keep a manual fallback.","BUILD, not stage time. 1) Spec the feature. 2) Implement + unit-test in empty room. 3) Latency + failure-mode drill (SCREEN: n/a). 4) Document the button mapping. No laugh breaks - it powers other bits.",Control-panel config; latency/failure test checklist; manual fallback.
,Easy,Gag,Visual,G,No,Freeze frame with a stamp like ‘censored’ and this noise,"Sight gag: Freeze frame with a stamp like ‘censored’ and this noise. Plays fast - the button fires the visual, the reaction shot lands it, move on.",Playback FX preset: slow-mo/rewind/freeze on the face with tape SFX; performer moves match the speed for the sell.,One beat maximum - gags die when they linger.,"1) Quick setup line (SCREEN: neutral). 2) BUTTON: visual fires (SCREEN: gag visual + SFX). 3) Reaction shot - hold (LAUGH BREAK 3-5s). 4) Reset face, move on.",Playback FX preset (slow-mo/rewind/freeze) + tape SFX; matched-movement rehearsal note.
,Easy,Gag,SciFi,G,No,"Do a air high five and say ’ America’ with background effect, or other hand signal/signature move","Quick gag: Air high five and say ’ America’ with background effect, or other hand signal/signature move. Plays fast - the button fires the visual, the reaction shot lands it, move on.",One app button fires the visual + SFX together; keep a neutral-face reset button next to it.,One beat maximum - gags die when they linger.,"1) Silent setup - just look at the crowd (SCREEN: neutral). 2) BUTTON: visual fires (SCREEN: gag visual + SFX). 3) Reaction shot - hold (LAUGH BREAK 3-5s). 4) Reset face, move on.",1 visual card/PNG or short clip + 1 SFX; bound to a single button.
,Mid,Bit,Commercial,G,y,"Talk to a person in an alternate universe,  (Maybe show a republican vs a democrat headline)","Set piece: Talk to a person in an alternate universe, (Maybe show a republican vs a democrat headline). Structure: screen sells the premise, escalation beat, button ending. Give it 1-2 minutes max and a hard out.","Build as a macro: 2-4 button presses in sequence (premise visual, escalation, button ending). Manual fallback for each step.",Rehearse cue timing; keep a cut-away button if the room turns.,"1) SETUP: premise line (SCREEN: premise visual). 2) ESCALATE: 2-3 beats, each a screen change (SCREEN: beat cards/clips) with a laugh break after each. 3) TURN: the surprise beat (SCREEN: switcboard flip). 4) BUTTON ENDING: punchline + button visual (SCREEN: button card) - hold 3s. 5) Hard out, next bit.",3-5 graphics/clips + SFX pack; macro wiring; manual fallback for each beat.
,Mid,Bit,Sketch,G,No,"Do something like I believe or you must be a redneck with repeating setup, maybe you might be a nerd if..","Developed bit: Do something like I believe or you must be a redneck with repeating setup, maybe you might be a nerd if... Structure: screen sells the premise, escalation beat, button ending. Give it 1-2 minutes max and a hard out.","Build as a macro: 2-4 button presses in sequence (premise visual, escalation, button ending). Manual fallback for each step.",Rehearse cue timing; keep a cut-away button if the room turns.,"1) SETUP: premise line (SCREEN: premise visual). 2) ESCALATE: 2-3 beats, each a screen change (SCREEN: beat cards/clips) with a laugh break after each. 3) TURN: the surprise beat (SCREEN: switcboard flip). 4) BUTTON ENDING: punchline + button visual (SCREEN: button card) - hold 3s. 5) Hard out, next bit.",3-5 graphics/clips + SFX pack; macro wiring; manual fallback for each beat.
,Easy,Device,Audience,G,No,"For selfie taking, hand fan a webcam for a selfie, then add them into the screen with HC","Tooling, not a bit on its own: For selfie taking, hand fan a webcam for a selfie, then add them into the screen with HC. Build it into the control panel once and it quietly powers other rows; test in an empty room before relying on it live.","Audience-cam pass-through to head/rear screens; rehearse crop/freeze on a stand-in, keep latency under ~200ms.","Failure modes: test in an empty room, keep a manual fallback.","BUILD, not stage time. 1) Spec the feature. 2) Implement + unit-test in empty room. 3) Latency + failure-mode drill (SCREEN: n/a). 4) Document the button mapping. No laugh breaks - it powers other bits.",Audience-cam feed config; crop/freeze preset; optional grade LUT (grayscale/heart frame).
,Easy,Gag,Visual,G,No,Joke police Have them show up whenever a joke is innacurate,"Button gag: Joke police Have them show up whenever a joke is innacurate. Plays fast - the button fires the visual, the reaction shot lands it, move on.","Mugshot/booking preset: height-chart backdrop, grayscale grade, PERP lower-third with room for a custom name.",One beat maximum - gags die when they linger.,"1) React to a real moment in the room (SCREEN: neutral). 2) BUTTON: visual fires (SCREEN: gag visual + SFX). 3) Reaction shot - hold (LAUGH BREAK 3-5s). 4) Reset face, move on.",Height-chart backdrop; grayscale LUT; custom-name lower-third; camera-click SFX.
,Mid,Bit,Sketch,G,No,"Subliminal messages bit (while talking to pretty girl, or selling merch BUY!; no pressure.. NOW!","Full bit: Subliminal messages bit (while talking to pretty girl, or selling merch BUY!; no pressure.. NOW!. Structure: screen sells the premise, escalation beat, button ending. Give it 1-2 minutes max and a hard out.","Build as a macro: 2-4 button presses in sequence (premise visual, escalation, button ending). Manual fallback for each step.",Rehearse cue timing; keep a cut-away button if the room turns.,"1) SETUP: premise line (SCREEN: premise visual). 2) ESCALATE: 2-3 beats, each a screen change (SCREEN: beat cards/clips) with a laugh break after each. 3) TURN: the surprise beat (SCREEN: switcboard flip). 4) BUTTON ENDING: punchline + button visual (SCREEN: button card) - hold 3s. 5) Hard out, next bit.",3-5 graphics/clips + SFX pack; macro wiring; manual fallback for each beat.
,Mid,Bit,Sketch,G,No,"Say don’t steal comedy, then play comedians with close captioning telling their jokes","Developed bit: Say don’t steal comedy, then play comedians with close captioning telling their jokes. Structure: screen sells the premise, escalation beat, button ending. Give it 1-2 minutes max and a hard out.","Game-show package: scoreboard overlay, lock-in buzzer SFX, board graphics on rear screens; contestant buttons mirror the app.",Rehearse cue timing; keep a cut-away button if the room turns.,"1) SETUP: premise line (SCREEN: premise visual). 2) ESCALATE: 2-3 beats, each a screen change (SCREEN: beat cards/clips) with a laugh break after each. 3) TURN: the surprise beat (SCREEN: switcboard flip). 4) BUTTON ENDING: punchline + button visual (SCREEN: button card) - hold 3s. 5) Hard out, next bit.",3-5 graphics/clips + SFX pack; macro wiring; manual fallback for each beat.
,Mid,Bit,Sketch,G,No,victor Borge punctuation but with emojis,"Developed bit: Victor Borge punctuation but with emojis. Structure: screen sells the premise, escalation beat, button ending. Give it 1-2 minutes max and a hard out.","Build as a macro: 2-4 button presses in sequence (premise visual, escalation, button ending). Manual fallback for each step.",Rehearse cue timing; keep a cut-away button if the room turns.,"1) SETUP: premise line (SCREEN: premise visual). 2) ESCALATE: 2-3 beats, each a screen change (SCREEN: beat cards/clips) with a laugh break after each. 3) TURN: the surprise beat (SCREEN: switcboard flip). 4) BUTTON ENDING: punchline + button visual (SCREEN: button card) - hold 3s. 5) Hard out, next bit.",3-5 graphics/clips + SFX pack; macro wiring; manual fallback for each beat.
,Mid,Bit,Tech-Call,G,No,"Dear Alexa, audience asks questions , or prepared questions where answers are stupid videos","Set piece: Dear Alexa, audience asks questions , or prepared questions where answers are stupid videos. Structure: screen sells the premise, escalation beat, button ending. Give it 1-2 minutes max and a hard out.","Voice-assistant gag: trigger phrase fires pre-recorded deadpan answer clip + listening-dots UI on the face; wrong-answer timing is rehearsed, not ad-libbed.",Rehearse cue timing; keep a cut-away button if the room turns.,"1) SETUP: premise line (SCREEN: premise visual). 2) ESCALATE: 2-3 beats, each a screen change (SCREEN: beat cards/clips) with a laugh break after each. 3) TURN: the surprise beat (SCREEN: switcboard flip). 4) BUTTON ENDING: punchline + button visual (SCREEN: button card) - hold 3s. 5) Hard out, next bit.",Pre-recorded deadpan assistant answer clips; listening-dots UI animation; trigger-phrase SFX.
,Mid,Bit,Sketch,PG,No,Be interrupted by a Bible verse with a good message.  Then be interrupted by a Koran notification to remember to kill all the jews,"Set piece: Be interrupted by a Bible verse with a good message. Then be interrupted by a Koran notification to remember to kill all the jews. Structure: screen sells the premise, escalation beat, button ending. Give it 1-2 minutes max and a hard out.",Green-screen preset: chroma-key the head (bib/backdrop); check spill and key edges under stage lights before show.,"Hitler/antisemitism material: highest walk-out risk in the file; only survives as a clearly condemned punchline - know the room, maybe know the lawyer. Religious material: land the punchline on the situation, not the faith; expect some walk-outs either direction.","1) SETUP: premise line (SCREEN: premise visual). 2) ESCALATE: 2-3 beats, each a screen change (SCREEN: beat cards/clips) with a laugh break after each. 3) TURN: the surprise beat (SCREEN: switcboard flip). 4) BUTTON ENDING: punchline + button visual (SCREEN: button card) - hold 3s. 5) Hard out, next bit.",Green bib/backdrop (physical); chroma-key preset tuned under stage lights; background plate library. Goo/slime overlay animation; splat SFX; cleanup note for real props. Church backdrop plate; choir/organ sting; smart-script review.
,Mid,Bit,SciFi,G,No,Do you add comedian from the future. HC 3000. Airport vs spaceport,"Developed bit: Do you add comedian from the future. HC 3000. Airport vs spaceport. Structure: screen sells the premise, escalation beat, button ending. Give it 1-2 minutes max and a hard out.","Build as a macro: 2-4 button presses in sequence (premise visual, escalation, button ending). Manual fallback for each step.",Rehearse cue timing; keep a cut-away button if the room turns.,"1) SETUP: premise line (SCREEN: premise visual). 2) ESCALATE: 2-3 beats, each a screen change (SCREEN: beat cards/clips) with a laugh break after each. 3) TURN: the surprise beat (SCREEN: switcboard flip). 4) BUTTON ENDING: punchline + button visual (SCREEN: button card) - hold 3s. 5) Hard out, next bit.",Space/cockpit background plates; abduction beam clip; sci-fi SFX pack.
,Mid,Bit,Politics,G,y,Future news  Everything is like pottersville but good make America super build the moat  Have the opposition where anus hats Washington D.T. District ofTrump,"Full bit: Future news Everything is like pottersville but good make America super build the moat Have the opposition where anus hats Washington D.T. District ofTrump. Structure: screen sells the premise, escalation beat, button ending. Give it 1-2 minutes max and a hard out.","Breaking-news package: urgent sting, lower-thirds, ticker on rear screens; head anchors with suit graphic. Abort button restores normal face. + Character-voice preset: distorted face + edited VO clips on buttons; keep it punchline-forward, never a lecture.",Political likeness: punchlines must be bipartisan or self-deprecating; venues book the room they want back.,"1) SETUP: premise line (SCREEN: premise visual). 2) ESCALATE: 2-3 beats, each a screen change (SCREEN: beat cards/clips) with a laugh break after each. 3) TURN: the surprise beat (SCREEN: switcboard flip). 4) BUTTON ENDING: punchline + button visual (SCREEN: button card) - hold 3s. 5) Hard out, next bit.",News sting SFX; lower-third template pack; ticker graphic; anchor-suit face card; ABORT card. Character-voice preset (face distortion); edited VO clip buttons; punchline-first script. Goo/slime overlay animation; splat SFX; cleanup note for real props.
,Mid,Bit,Sketch,G,No,"Funny Cyrano.  Putting words in HC mouth, sounds silly like Opposite Day , but actually works","Developed bit: Funny Cyrano. Putting words in HC mouth, sounds silly like Opposite Day , but actually works. Structure: screen sells the premise, escalation beat, button ending. Give it 1-2 minutes max and a hard out.","Build as a macro: 2-4 button presses in sequence (premise visual, escalation, button ending). Manual fallback for each step.",Rehearse cue timing; keep a cut-away button if the room turns.,"1) SETUP: premise line (SCREEN: premise visual). 2) ESCALATE: 2-3 beats, each a screen change (SCREEN: beat cards/clips) with a laugh break after each. 3) TURN: the surprise beat (SCREEN: switcboard flip). 4) BUTTON ENDING: punchline + button visual (SCREEN: button card) - hold 3s. 5) Hard out, next bit.",3-5 graphics/clips + SFX pack; macro wiring; manual fallback for each beat.
,Mid,Bit,Audience,G,No,"Make friends with an audience member ,  Then after a few minutes show one of those stupid friendversary videos, then unfriend them","Set piece: Make friends with an audience member , Then after a few minutes show one of those stupid friendversary videos, then unfriend them. Structure: screen sells the premise, escalation beat, button ending. Give it 1-2 minutes max and a hard out.","Audience-cam pass-through to head/rear screens; rehearse crop/freeze on a stand-in, keep latency under ~200ms.","IP/likeness caution: parody hard, don't clone names/voices/logos verbatim; pre-cleared or self-made assets only.","1) SETUP: premise line (SCREEN: premise visual). 2) ESCALATE: 2-3 beats, each a screen change (SCREEN: beat cards/clips) with a laugh break after each. 3) TURN: the surprise beat (SCREEN: switcboard flip). 4) BUTTON ENDING: punchline + button visual (SCREEN: button card) - hold 3s. 5) Hard out, next bit.",3-5 graphics/clips + SFX pack; macro wiring; manual fallback for each beat.
,Mid,Bit,Sketch,G,No,"Do a barber shop quartet with myself, be cool with the stooges  Hello, hello, hello","Full bit: Barber shop quartet with myself, be cool with the stooges Hello, hello, hello. Structure: screen sells the premise, escalation beat, button ending. Give it 1-2 minutes max and a hard out.","Build as a macro: 2-4 button presses in sequence (premise visual, escalation, button ending). Manual fallback for each step.",Rehearse cue timing; keep a cut-away button if the room turns.,"1) SETUP: premise line (SCREEN: premise visual). 2) ESCALATE: 2-3 beats, each a screen change (SCREEN: beat cards/clips) with a laugh break after each. 3) TURN: the surprise beat (SCREEN: switcboard flip). 4) BUTTON ENDING: punchline + button visual (SCREEN: button card) - hold 3s. 5) Hard out, next bit.",3-5 graphics/clips + SFX pack; macro wiring; manual fallback for each beat.
,Mid,Bit,Sketch,G,No,Emoticon symphony - like emotional symphony,"Full bit: Emoticon symphony - like emotional symphony. Structure: screen sells the premise, escalation beat, button ending. Give it 1-2 minutes max and a hard out.","Build as a macro: 2-4 button presses in sequence (premise visual, escalation, button ending). Manual fallback for each step.",Rehearse cue timing; keep a cut-away button if the room turns.,"1) SETUP: premise line (SCREEN: premise visual). 2) ESCALATE: 2-3 beats, each a screen change (SCREEN: beat cards/clips) with a laugh break after each. 3) TURN: the surprise beat (SCREEN: switcboard flip). 4) BUTTON ENDING: punchline + button visual (SCREEN: button card) - hold 3s. 5) Hard out, next bit.",3-5 graphics/clips + SFX pack; macro wiring; manual fallback for each beat.
,Mid,Bit,Music,G,No,Chatroulette sing user songs,"Set piece: Chatroulette sing user songs. Structure: screen sells the premise, escalation beat, button ending. Give it 1-2 minutes max and a hard out.","Music cue stack: backing track + on-screen lyrics (bouncing ball where noted); lighting macro per song, out on the final sting.",Rehearse cue timing; keep a cut-away button if the room turns.,"1) SETUP: premise line (SCREEN: premise visual). 2) ESCALATE: 2-3 beats, each a screen change (SCREEN: beat cards/clips) with a laugh break after each. 3) TURN: the surprise beat (SCREEN: switcboard flip). 4) BUTTON ENDING: punchline + button visual (SCREEN: button card) - hold 3s. 5) Hard out, next bit.",Backing track (custom/licensed); lyric overlay template; bouncing-ball animation; song lighting macro; final sting SFX.
,Easy,Device,Music,G,No,Using audience webcam put face effects on everyone for a group and HC shot,"Tooling, not a bit on its own: Using audience webcam put face effects on everyone for a group and HC shot. Build it into the control panel once and it quietly powers other rows; test in an empty room before relying on it live.","Audience-cam pass-through to head/rear screens; rehearse crop/freeze on a stand-in, keep latency under ~200ms. + Music cue stack: backing track + on-screen lyrics (bouncing ball where noted); lighting macro per song, out on the final sting.","Failure modes: test in an empty room, keep a manual fallback.","BUILD, not stage time. 1) Spec the feature. 2) Implement + unit-test in empty room. 3) Latency + failure-mode drill (SCREEN: n/a). 4) Document the button mapping. No laugh breaks - it powers other bits.",Backing track (custom/licensed); lyric overlay template; bouncing-ball animation; song lighting macro; final sting SFX. Audience-cam feed config; crop/freeze preset; optional grade LUT (grayscale/heart frame).
,Mid,Bit,Sketch,G,No,"Do something to honor Andy Kaufman like eating ice cream, or I trusted you , or the great gatsby","Developed bit: Do something to honor Andy Kaufman like eating ice cream, or I trusted you , or the great gatsby. Structure: screen sells the premise, escalation beat, button ending. Give it 1-2 minutes max and a hard out.","Build as a macro: 2-4 button presses in sequence (premise visual, escalation, button ending). Manual fallback for each step.",Rehearse cue timing; keep a cut-away button if the room turns.,"1) SETUP: premise line (SCREEN: premise visual). 2) ESCALATE: 2-3 beats, each a screen change (SCREEN: beat cards/clips) with a laugh break after each. 3) TURN: the surprise beat (SCREEN: switcboard flip). 4) BUTTON ENDING: punchline + button visual (SCREEN: button card) - hold 3s. 5) Hard out, next bit.",3-5 graphics/clips + SFX pack; macro wiring; manual fallback for each beat.
,Mid,Bit,Sketch,G,No,Freak out because the internet connection goes out,"Full bit: Freak out because the internet connection goes out. Structure: screen sells the premise, escalation beat, button ending. Give it 1-2 minutes max and a hard out.","Build as a macro: 2-4 button presses in sequence (premise visual, escalation, button ending). Manual fallback for each step.",Rehearse cue timing; keep a cut-away button if the room turns.,"1) SETUP: premise line (SCREEN: premise visual). 2) ESCALATE: 2-3 beats, each a screen change (SCREEN: beat cards/clips) with a laugh break after each. 3) TURN: the surprise beat (SCREEN: switcboard flip). 4) BUTTON ENDING: punchline + button visual (SCREEN: button card) - hold 3s. 5) Hard out, next bit.",3-5 graphics/clips + SFX pack; macro wiring; manual fallback for each beat.
,Mid,Bit,Tech-Call,G,No,If a comedian slams me online. Have them call me during the show and apologize. Then slam them like the funny kids baseball manager plan with the pictures when he takes them out.,"Developed bit: If a comedian slams me online. Have them call me during the show and apologize. Then slam them like the funny kids baseball manager plan with the pictures when he takes them out.. Structure: screen sells the premise, escalation beat, button ending. Give it 1-2 minutes max and a hard out.","Fake-call UI overlay (FaceTime/Zoom style): ringtone SFX, answer/decline buttons, pre-recorded caller clips cut as clean answers on their own buttons.","IP/likeness caution: parody hard, don't clone names/voices/logos verbatim; pre-cleared or self-made assets only.","1) SETUP: premise line (SCREEN: premise visual). 2) ESCALATE: 2-3 beats, each a screen change (SCREEN: beat cards/clips) with a laugh break after each. 3) TURN: the surprise beat (SCREEN: switcboard flip). 4) BUTTON ENDING: punchline + button visual (SCREEN: button card) - hold 3s. 5) Hard out, next bit.",3-5 graphics/clips + SFX pack; macro wiring; manual fallback for each beat.
,Mid,Bit,Sketch,G,No,Do a short stupid TED talk,"Developed bit: Short stupid TED talk. Structure: screen sells the premise, escalation beat, button ending. Give it 1-2 minutes max and a hard out.","Build as a macro: 2-4 button presses in sequence (premise visual, escalation, button ending). Manual fallback for each step.",Rehearse cue timing; keep a cut-away button if the room turns.,"1) SETUP: premise line (SCREEN: premise visual). 2) ESCALATE: 2-3 beats, each a screen change (SCREEN: beat cards/clips) with a laugh break after each. 3) TURN: the surprise beat (SCREEN: switcboard flip). 4) BUTTON ENDING: punchline + button visual (SCREEN: button card) - hold 3s. 5) Hard out, next bit.",3-5 graphics/clips + SFX pack; macro wiring; manual fallback for each beat.
,Mid,Bit,Commercial,G,No,Have a joke competition with a kid where they wear a head case and have good jokes there,"Full bit: Have a joke competition with a kid where they wear a head case and have good jokes there. Structure: screen sells the premise, escalation beat, button ending. Give it 1-2 minutes max and a hard out.","Build as a macro: 2-4 button presses in sequence (premise visual, escalation, button ending). Manual fallback for each step.",Rehearse cue timing; keep a cut-away button if the room turns.,"1) SETUP: premise line (SCREEN: premise visual). 2) ESCALATE: 2-3 beats, each a screen change (SCREEN: beat cards/clips) with a laugh break after each. 3) TURN: the surprise beat (SCREEN: switcboard flip). 4) BUTTON ENDING: punchline + button visual (SCREEN: button card) - hold 3s. 5) Hard out, next bit.",Goo/slime overlay animation; splat SFX; cleanup note for real props.
,Mid,Bit,Music,G,No,Send an embarrassing text to the wrong person,"Full bit: Send an embarrassing text to the wrong person. Structure: screen sells the premise, escalation beat, button ending. Give it 1-2 minutes max and a hard out.","Music cue stack: backing track + on-screen lyrics (bouncing ball where noted); lighting macro per song, out on the final sting.",Rehearse cue timing; keep a cut-away button if the room turns.,"1) SETUP: premise line (SCREEN: premise visual). 2) ESCALATE: 2-3 beats, each a screen change (SCREEN: beat cards/clips) with a laugh break after each. 3) TURN: the surprise beat (SCREEN: switcboard flip). 4) BUTTON ENDING: punchline + button visual (SCREEN: button card) - hold 3s. 5) Hard out, next bit.",Backing track (custom/licensed); lyric overlay template; bouncing-ball animation; song lighting macro; final sting SFX.
,Mid,Bit,Commercial,G,y,Talk to Dead aunt Polly and find out why she is now voting for Democrats,"Set piece: Talk to Dead aunt Polly and find out why she is now voting for Democrats. Structure: screen sells the premise, escalation beat, button ending. Give it 1-2 minutes max and a hard out.","Build as a macro: 2-4 button presses in sequence (premise visual, escalation, button ending). Manual fallback for each step.",Rehearse cue timing; keep a cut-away button if the room turns.,"1) SETUP: premise line (SCREEN: premise visual). 2) ESCALATE: 2-3 beats, each a screen change (SCREEN: beat cards/clips) with a laugh break after each. 3) TURN: the surprise beat (SCREEN: switcboard flip). 4) BUTTON ENDING: punchline + button visual (SCREEN: button card) - hold 3s. 5) Hard out, next bit.",3-5 graphics/clips + SFX pack; macro wiring; manual fallback for each beat.
,Mid,Bit,Sketch,G,No,Hit back if comedians slam  Ie make Rosie a farting cow that causes global warming,"Set piece: Hit back if comedians slam Ie make Rosie a farting cow that causes global warming. Structure: screen sells the premise, escalation beat, button ending. Give it 1-2 minutes max and a hard out.","Build as a macro: 2-4 button presses in sequence (premise visual, escalation, button ending). Manual fallback for each step.",Rehearse cue timing; keep a cut-away button if the room turns.,"1) SETUP: premise line (SCREEN: premise visual). 2) ESCALATE: 2-3 beats, each a screen change (SCREEN: beat cards/clips) with a laugh break after each. 3) TURN: the surprise beat (SCREEN: switcboard flip). 4) BUTTON ENDING: punchline + button visual (SCREEN: button card) - hold 3s. 5) Hard out, next bit.",3-5 graphics/clips + SFX pack; macro wiring; manual fallback for each beat.
,Easy,Dance Break,Music,G,No,Dance break  Gene gene dancing machine,"Dance break: Dance break Gene gene dancing machine. High-energy reset between bits - screens carry the visuals/lyrics, performer sells the moves, out before it wears out.",Music track + lighting macro + on-screen visuals on one button; hard-stop button for early outs.,"High energy, short window - 30-60 seconds max.",1) Music fires (SCREEN: title card + lighting macro). 2) 30-45s of moves; screens carry lyrics/visuals (SCREEN: lyric loop) - laugh breaks land on each section change. 3) Final pose on the sting (SCREEN: freeze/stamp). 4) Out fast - don't wear it out.,Backing track; lighting macro; on-screen visual loop; hard-stop button.
,Mid,Bit,History,G,No,Do something Shakespearean,"Set piece: Do something Shakespearean. Structure: screen sells the premise, escalation beat, button ending. Give it 1-2 minutes max and a hard out.","Build as a macro: 2-4 button presses in sequence (premise visual, escalation, button ending). Manual fallback for each step.",Rehearse cue timing; keep a cut-away button if the room turns.,"1) SETUP: premise line (SCREEN: premise visual). 2) ESCALATE: 2-3 beats, each a screen change (SCREEN: beat cards/clips) with a laugh break after each. 3) TURN: the surprise beat (SCREEN: switcboard flip). 4) BUTTON ENDING: punchline + button visual (SCREEN: button card) - hold 3s. 5) Hard out, next bit.",3-5 graphics/clips + SFX pack; macro wiring; manual fallback for each beat.
,Mid,Bit,Music,G,No,Do popup video things as singing or something,"Developed bit: Do popup video things as singing or something. Structure: screen sells the premise, escalation beat, button ending. Give it 1-2 minutes max and a hard out.","Music cue stack: backing track + on-screen lyrics (bouncing ball where noted); lighting macro per song, out on the final sting.",Rehearse cue timing; keep a cut-away button if the room turns.,"1) SETUP: premise line (SCREEN: premise visual). 2) ESCALATE: 2-3 beats, each a screen change (SCREEN: beat cards/clips) with a laugh break after each. 3) TURN: the surprise beat (SCREEN: switcboard flip). 4) BUTTON ENDING: punchline + button visual (SCREEN: button card) - hold 3s. 5) Hard out, next bit.",Backing track (custom/licensed); lyric overlay template; bouncing-ball animation; song lighting macro; final sting SFX.
,Easy,Gag,Commercial,G,No,"Headphones, LA LA LA","Sight gag: Headphones, LA LA LA. Plays fast - the button fires the visual, the reaction shot lands it, move on.",One app button fires the visual + SFX together; keep a neutral-face reset button next to it.,One beat maximum - gags die when they linger.,"1) Quick setup line (SCREEN: neutral). 2) BUTTON: visual fires (SCREEN: gag visual + SFX). 3) Reaction shot - hold (LAUGH BREAK 3-5s). 4) Reset face, move on.",1 visual card/PNG or short clip + 1 SFX; bound to a single button.
,Mid,Bit,Sketch,G,No,"Joke burglar with mask (Well excuse me, I know you are but what a i)","Developed bit: Joke burglar with mask (Well excuse me, I know you are but what a i). Structure: screen sells the premise, escalation beat, button ending. Give it 1-2 minutes max and a hard out.","Build as a macro: 2-4 button presses in sequence (premise visual, escalation, button ending). Manual fallback for each step.",Rehearse cue timing; keep a cut-away button if the room turns.,"1) SETUP: premise line (SCREEN: premise visual). 2) ESCALATE: 2-3 beats, each a screen change (SCREEN: beat cards/clips) with a laugh break after each. 3) TURN: the surprise beat (SCREEN: switcboard flip). 4) BUTTON ENDING: punchline + button visual (SCREEN: button card) - hold 3s. 5) Hard out, next bit.",Face-filter pack (list per bit); head-tracking calibration; front-light note.
,Mid,Bit,Politics,G,y,MSNPC - news with meme face,"Set piece: MSNPC - news with meme face. Structure: screen sells the premise, escalation beat, button ending. Give it 1-2 minutes max and a hard out.","Breaking-news package: urgent sting, lower-thirds, ticker on rear screens; head anchors with suit graphic. Abort button restores normal face.",Rehearse cue timing; keep a cut-away button if the room turns.,"1) SETUP: premise line (SCREEN: premise visual). 2) ESCALATE: 2-3 beats, each a screen change (SCREEN: beat cards/clips) with a laugh break after each. 3) TURN: the surprise beat (SCREEN: switcboard flip). 4) BUTTON ENDING: punchline + button visual (SCREEN: button card) - hold 3s. 5) Hard out, next bit.",News sting SFX; lower-third template pack; ticker graphic; anchor-suit face card; ABORT card.
,Mid,Bit,Politics,G,y,Do Joe Biden meme where he sneaks up behind HC and smells air,"Developed bit: Do Joe Biden meme where he sneaks up behind HC and smells air. Structure: screen sells the premise, escalation beat, button ending. Give it 1-2 minutes max and a hard out.","Character-voice preset: distorted face + edited VO clips on buttons; keep it punchline-forward, never a lecture.",Political likeness: punchlines must be bipartisan or self-deprecating; venues book the room they want back.,"1) SETUP: premise line (SCREEN: premise visual). 2) ESCALATE: 2-3 beats, each a screen change (SCREEN: beat cards/clips) with a laugh break after each. 3) TURN: the surprise beat (SCREEN: switcboard flip). 4) BUTTON ENDING: punchline + button visual (SCREEN: button card) - hold 3s. 5) Hard out, next bit.",Character-voice preset (face distortion); edited VO clip buttons; punchline-first script.
,Mid,Bit,History,G,No,History of Clowns,"Set piece: History of Clowns. Structure: screen sells the premise, escalation beat, button ending. Give it 1-2 minutes max and a hard out.","Build as a macro: 2-4 button presses in sequence (premise visual, escalation, button ending). Manual fallback for each step.",Rehearse cue timing; keep a cut-away button if the room turns.,"1) SETUP: premise line (SCREEN: premise visual). 2) ESCALATE: 2-3 beats, each a screen change (SCREEN: beat cards/clips) with a laugh break after each. 3) TURN: the surprise beat (SCREEN: switcboard flip). 4) BUTTON ENDING: punchline + button visual (SCREEN: button card) - hold 3s. 5) Hard out, next bit.",3-5 graphics/clips + SFX pack; macro wiring; manual fallback for each beat.
,Mid,Bit,Music,G,No,Tribute song to passed comics(like Tim Conway) similar to Sandler's Farley song,"Developed bit: Tribute song to passed comics(like Tim Conway) similar to Sandler's Farley song. Structure: screen sells the premise, escalation beat, button ending. Give it 1-2 minutes max and a hard out.","Music cue stack: backing track + on-screen lyrics (bouncing ball where noted); lighting macro per song, out on the final sting.",Rehearse cue timing; keep a cut-away button if the room turns.,"1) SETUP: premise line (SCREEN: premise visual). 2) ESCALATE: 2-3 beats, each a screen change (SCREEN: beat cards/clips) with a laugh break after each. 3) TURN: the surprise beat (SCREEN: switcboard flip). 4) BUTTON ENDING: punchline + button visual (SCREEN: button card) - hold 3s. 5) Hard out, next bit.",Backing track (custom/licensed); lyric overlay template; bouncing-ball animation; song lighting macro; final sting SFX.
,Easy,Gag,Commercial,G,No,Honarary Head Case (put a 12 pack box on head),"Quick gag: Honarary Head Case (put a 12 pack box on head). Plays fast - the button fires the visual, the reaction shot lands it, move on.",One app button fires the visual + SFX together; keep a neutral-face reset button next to it.,One beat maximum - gags die when they linger.,"1) Silent setup - just look at the crowd (SCREEN: neutral). 2) BUTTON: visual fires (SCREEN: gag visual + SFX). 3) Reaction shot - hold (LAUGH BREAK 3-5s). 4) Reset face, move on.",1 visual card/PNG or short clip + 1 SFX; bound to a single button.
,Easy,Gag,Audience,G,No,Have an audience member put the 12 pack box on their head and say it’s the Head Case home edition,"Sight gag: Have an audience member put the 12 pack box on their head and say it’s the Head Case home edition. Plays fast - the button fires the visual, the reaction shot lands it, move on.","Audience-cam pass-through to head/rear screens; rehearse crop/freeze on a stand-in, keep latency under ~200ms.",One beat maximum - gags die when they linger.,"1) Quick setup line (SCREEN: neutral). 2) BUTTON: visual fires (SCREEN: gag visual + SFX). 3) Reaction shot - hold (LAUGH BREAK 3-5s). 4) Reset face, move on.",1 visual card/PNG or short clip + 1 SFX; bound to a single button.
,Hard,Bit,SciFi,G,No,Blue Man Group style digital effects/ non talking robots,"Developed bit: Blue Man Group style digital effects/ non talking robots. Structure: screen sells the premise, escalation beat, button ending. Give it 1-2 minutes max and a hard out.","Build as a macro: 2-4 button presses in sequence (premise visual, escalation, button ending). Manual fallback for each step.",Rehearse cue timing; keep a cut-away button if the room turns.,"1) SETUP: premise line (SCREEN: premise visual). 2) ESCALATE: 2-3 beats, each a screen change (SCREEN: beat cards/clips) with a laugh break after each. 3) TURN: the surprise beat (SCREEN: switcboard flip). 4) BUTTON ENDING: punchline + button visual (SCREEN: button card) - hold 3s. 5) Hard out, next bit.",3-5 graphics/clips + SFX pack; macro wiring; manual fallback for each beat.
,Hard,Bit,Sketch,G,No,"Do the Blue Man Group, but with talking","Set piece: Do the Blue Man Group, but with talking. Structure: screen sells the premise, escalation beat, button ending. Give it 1-2 minutes max and a hard out.","Build as a macro: 2-4 button presses in sequence (premise visual, escalation, button ending). Manual fallback for each step.",Rehearse cue timing; keep a cut-away button if the room turns.,"1) SETUP: premise line (SCREEN: premise visual). 2) ESCALATE: 2-3 beats, each a screen change (SCREEN: beat cards/clips) with a laugh break after each. 3) TURN: the surprise beat (SCREEN: switcboard flip). 4) BUTTON ENDING: punchline + button visual (SCREEN: button card) - hold 3s. 5) Hard out, next bit.",3-5 graphics/clips + SFX pack; macro wiring; manual fallback for each beat.
,Mid,Bit,Audience,G,No,"Say I’m so bored, then do the Instagram ask me a question, having the audience yell them out","Set piece: Say I’m so bored, then do the Instagram ask me a question, having the audience yell them out. Structure: screen sells the premise, escalation beat, button ending. Give it 1-2 minutes max and a hard out.","Face-filter stack: each filter on its own app button, cycle order rehearsed; camera-tracked filters need good front-light on the head.","IP/likeness caution: parody hard, don't clone names/voices/logos verbatim; pre-cleared or self-made assets only.","1) SETUP: premise line (SCREEN: premise visual). 2) ESCALATE: 2-3 beats, each a screen change (SCREEN: beat cards/clips) with a laugh break after each. 3) TURN: the surprise beat (SCREEN: switcboard flip). 4) BUTTON ENDING: punchline + button visual (SCREEN: button card) - hold 3s. 5) Hard out, next bit.",Face-filter pack (list per bit); head-tracking calibration; front-light note.
,Mid,Bit,Tech-Call,G,No,"I don’t want to talk to Alexa, can I talk to Balexa (black woman)","Set piece: I don’t want to talk to Alexa, can I talk to Balexa (black woman). Structure: screen sells the premise, escalation beat, button ending. Give it 1-2 minutes max and a hard out.","Voice-assistant gag: trigger phrase fires pre-recorded deadpan answer clip + listening-dots UI on the face; wrong-answer timing is rehearsed, not ad-libbed.",Rehearse cue timing; keep a cut-away button if the room turns.,"1) SETUP: premise line (SCREEN: premise visual). 2) ESCALATE: 2-3 beats, each a screen change (SCREEN: beat cards/clips) with a laugh break after each. 3) TURN: the surprise beat (SCREEN: switcboard flip). 4) BUTTON ENDING: punchline + button visual (SCREEN: button card) - hold 3s. 5) Hard out, next bit.",Pre-recorded deadpan assistant answer clips; listening-dots UI animation; trigger-phrase SFX.
,Easy,Line,OneLiner,G,No,"Today is HC birthday. HC is 1 today, accidentally touch power button, HC is 0","One-liner: Today is HC birthday. HC is 1 today, accidentally touch power button, HC is 0. Fire it as a quick hit between bits; flash a caption or stinger on the face to sell the beat, then keep moving.",Optional: flash the punchline as a lower-third caption after it lands. Delivery-only otherwise.,Delivery-only; adjust to room temperature on the fly.,"1) Setup line delivers the premise (SCREEN: neutral face). 2) Punchline - land it, don't step on it. 3) Optional: flash caption of the punchline (SCREEN: lower-third) (LAUGH BREAK). 4) Move on.",Holiday graphic pack; themed music cue; balloon/party SFX.
,Easy,Line,OneLiner,G,No,"Whos on First, What did she say ""I know"" joke, MeToo joke","One-liner: Whos on First, What did she say ""I know"" joke, MeToo joke. Fire it as a quick hit between bits; flash a caption or stinger on the face to sell the beat, then keep moving.",Optional: flash the punchline as a lower-third caption after it lands. Delivery-only otherwise.,Delivery-only; adjust to room temperature on the fly.,"1) Setup line delivers the premise (SCREEN: neutral face). 2) Punchline - land it, don't step on it. 3) Optional: flash caption of the punchline (SCREEN: lower-third) (LAUGH BREAK). 4) Move on.",Optional punchline caption (lower-third PNG). Delivery-only otherwise.
,Hard,Bit,SciFi,G,No,"Make an outlandish claim.. Don't believe me , let's go to the tape.. Then show an Deepfake or something","Full bit: Make an outlandish claim.. Don't believe me , let's go to the tape.. Then show an Deepfake or something. Structure: screen sells the premise, escalation beat, button ending. Give it 1-2 minutes max and a hard out.","Build as a macro: 2-4 button presses in sequence (premise visual, escalation, button ending). Manual fallback for each step.",Rehearse cue timing; keep a cut-away button if the room turns.,"1) SETUP: premise line (SCREEN: premise visual). 2) ESCALATE: 2-3 beats, each a screen change (SCREEN: beat cards/clips) with a laugh break after each. 3) TURN: the surprise beat (SCREEN: switcboard flip). 4) BUTTON ENDING: punchline + button visual (SCREEN: button card) - hold 3s. 5) Hard out, next bit.",3-5 graphics/clips + SFX pack; macro wiring; manual fallback for each beat.
,Mid,Bit,Music,G,No,"Do a good/evil song with mixed genres(like Old Town Road did), maybe similar to Linkin Park, make the evil side ridiculous like Wranglers on my booty","Set piece: Good/evil song with mixed genres(like Old Town Road did), maybe similar to Linkin Park, make the evil side ridiculous like Wranglers on my booty. Structure: screen sells the premise, escalation beat, button ending. Give it 1-2 minutes max and a hard out.","Music cue stack: backing track + on-screen lyrics (bouncing ball where noted); lighting macro per song, out on the final sting.","IP/likeness caution: parody hard, don't clone names/voices/logos verbatim; pre-cleared or self-made assets only.","1) SETUP: premise line (SCREEN: premise visual). 2) ESCALATE: 2-3 beats, each a screen change (SCREEN: beat cards/clips) with a laugh break after each. 3) TURN: the surprise beat (SCREEN: switcboard flip). 4) BUTTON ENDING: punchline + button visual (SCREEN: button card) - hold 3s. 5) Hard out, next bit.",Backing track (custom/licensed); lyric overlay template; bouncing-ball animation; song lighting macro; final sting SFX. Goo/slime overlay animation; splat SFX; cleanup note for real props.
,Mid,Bit,Commercial,G,No,Do a commercial like the eMeth SNL skit (Head Case digital short),"Developed bit: Commercial like the eMeth SNL skit (Head Case digital short). Structure: screen sells the premise, escalation beat, button ending. Give it 1-2 minutes max and a hard out.","Build as a macro: 2-4 button presses in sequence (premise visual, escalation, button ending). Manual fallback for each step.",Rehearse cue timing; keep a cut-away button if the room turns.,"1) SETUP: premise line (SCREEN: premise visual). 2) ESCALATE: 2-3 beats, each a screen change (SCREEN: beat cards/clips) with a laugh break after each. 3) TURN: the surprise beat (SCREEN: switcboard flip). 4) BUTTON ENDING: punchline + button visual (SCREEN: button card) - hold 3s. 5) Hard out, next bit.",3-5 graphics/clips + SFX pack; macro wiring; manual fallback for each beat.
,Mid,Bit,Politics,G,y,"Break between bits with living memes, like where the superhero has the Lego ice of 2 liberal buttons to press","Developed bit: Break between bits with living memes, like where the superhero has the Lego ice of 2 liberal buttons to press. Structure: screen sells the premise, escalation beat, button ending. Give it 1-2 minutes max and a hard out.","Character-voice preset: distorted face + edited VO clips on buttons; keep it punchline-forward, never a lecture.",Rehearse cue timing; keep a cut-away button if the room turns.,"1) SETUP: premise line (SCREEN: premise visual). 2) ESCALATE: 2-3 beats, each a screen change (SCREEN: beat cards/clips) with a laugh break after each. 3) TURN: the surprise beat (SCREEN: switcboard flip). 4) BUTTON ENDING: punchline + button visual (SCREEN: button card) - hold 3s. 5) Hard out, next bit.",Character-voice preset (face distortion); edited VO clip buttons; punchline-first script.
,Mid,Bit,Politics,G,No,"Do a commentary during a news report, similar to Jimmy Fallon Journey skit, or Lionel Harris","Set piece: Commentary during a news report, similar to Jimmy Fallon Journey skit, or Lionel Harris. Structure: screen sells the premise, escalation beat, button ending. Give it 1-2 minutes max and a hard out.","Breaking-news package: urgent sting, lower-thirds, ticker on rear screens; head anchors with suit graphic. Abort button restores normal face.","IP/likeness caution: parody hard, don't clone names/voices/logos verbatim; pre-cleared or self-made assets only.","1) SETUP: premise line (SCREEN: premise visual). 2) ESCALATE: 2-3 beats, each a screen change (SCREEN: beat cards/clips) with a laugh break after each. 3) TURN: the surprise beat (SCREEN: switcboard flip). 4) BUTTON ENDING: punchline + button visual (SCREEN: button card) - hold 3s. 5) Hard out, next bit.",News sting SFX; lower-third template pack; ticker graphic; anchor-suit face card; ABORT card.
,Easy,Line,Politics,G,y,"Have SJW/Antifa threaten to throw a Dilly Bar or Bananan split (or a concrete, because it's hard)","One-liner: Have SJW/Antifa threaten to throw a Dilly Bar or Bananan split (or a concrete, because it's hard). Fire it as a quick hit between bits; flash a caption or stinger on the face to sell the beat, then keep moving.","Character-voice preset: distorted face + edited VO clips on buttons; keep it punchline-forward, never a lecture.",Delivery-only; adjust to room temperature on the fly.,"1) Setup line delivers the premise (SCREEN: neutral face). 2) Punchline - land it, don't step on it. 3) Optional: flash caption of the punchline (SCREEN: lower-third) (LAUGH BREAK). 4) Move on.",Character-voice preset (face distortion); edited VO clip buttons; punchline-first script.
,Mid,Bit,SciFi,G,No,"There was an old skit where someone paid someone some money, and they then paid the next guy, and so on. (Update to Venmo, etc)","Set piece: There was an old skit where someone paid someone some money, and they then paid the next guy, and so on. (Update to Venmo, etc). Structure: screen sells the premise, escalation beat, button ending. Give it 1-2 minutes max and a hard out.","System-glitch presets: BSOD, buffering wheel, test-pattern - each on its own button with matching SFX; face restores with a reboot chime.","IP/likeness caution: parody hard, don't clone names/voices/logos verbatim; pre-cleared or self-made assets only.","1) SETUP: premise line (SCREEN: premise visual). 2) ESCALATE: 2-3 beats, each a screen change (SCREEN: beat cards/clips) with a laugh break after each. 3) TURN: the surprise beat (SCREEN: switcboard flip). 4) BUTTON ENDING: punchline + button visual (SCREEN: button card) - hold 3s. 5) Hard out, next bit.",BSOD card; buffering spinner animation; color-bars card; power-down + reboot chimes.
,Mid,Bit,Sketch,G,No,Do something Cyrano De Bergerac,"Developed bit: Do something Cyrano De Bergerac. Structure: screen sells the premise, escalation beat, button ending. Give it 1-2 minutes max and a hard out.","Build as a macro: 2-4 button presses in sequence (premise visual, escalation, button ending). Manual fallback for each step.",Rehearse cue timing; keep a cut-away button if the room turns.,"1) SETUP: premise line (SCREEN: premise visual). 2) ESCALATE: 2-3 beats, each a screen change (SCREEN: beat cards/clips) with a laugh break after each. 3) TURN: the surprise beat (SCREEN: switcboard flip). 4) BUTTON ENDING: punchline + button visual (SCREEN: button card) - hold 3s. 5) Hard out, next bit.",3-5 graphics/clips + SFX pack; macro wiring; manual fallback for each beat.
,Mid,Bit,Sketch,G,No,"Have the virtue signal up in the sky like the bat signal, then have a superhero Virtueman appear","Developed bit: Have the virtue signal up in the sky like the bat signal, then have a superhero Virtueman appear. Structure: screen sells the premise, escalation beat, button ending. Give it 1-2 minutes max and a hard out.","Build as a macro: 2-4 button presses in sequence (premise visual, escalation, button ending). Manual fallback for each step.",Rehearse cue timing; keep a cut-away button if the room turns.,"1) SETUP: premise line (SCREEN: premise visual). 2) ESCALATE: 2-3 beats, each a screen change (SCREEN: beat cards/clips) with a laugh break after each. 3) TURN: the surprise beat (SCREEN: switcboard flip). 4) BUTTON ENDING: punchline + button visual (SCREEN: button card) - hold 3s. 5) Hard out, next bit.",3-5 graphics/clips + SFX pack; macro wiring; manual fallback for each beat.
,Easy,Gag,Commercial,G,No,Attach a lighted wingspan thing on my back as an added effect,"Button gag: Attach a lighted wingspan thing on my back as an added effect. Plays fast - the button fires the visual, the reaction shot lands it, move on.",One app button fires the visual + SFX together; keep a neutral-face reset button next to it.,One beat maximum - gags die when they linger.,"1) React to a real moment in the room (SCREEN: neutral). 2) BUTTON: visual fires (SCREEN: gag visual + SFX). 3) Reaction shot - hold (LAUGH BREAK 3-5s). 4) Reset face, move on.",1 visual card/PNG or short clip + 1 SFX; bound to a single button.
,Mid,Bit,Tech-Call,G,No,"Repeatedly ask Alexa to do something and have her reply.. ""I don't understand"", etc","Developed bit: Repeatedly ask Alexa to do something and have her reply.. ""I don't understand"", etc. Structure: screen sells the premise, escalation beat, button ending. Give it 1-2 minutes max and a hard out.","Voice-assistant gag: trigger phrase fires pre-recorded deadpan answer clip + listening-dots UI on the face; wrong-answer timing is rehearsed, not ad-libbed.",Rehearse cue timing; keep a cut-away button if the room turns.,"1) SETUP: premise line (SCREEN: premise visual). 2) ESCALATE: 2-3 beats, each a screen change (SCREEN: beat cards/clips) with a laugh break after each. 3) TURN: the surprise beat (SCREEN: switcboard flip). 4) BUTTON ENDING: punchline + button visual (SCREEN: button card) - hold 3s. 5) Hard out, next bit.",Pre-recorded deadpan assistant answer clips; listening-dots UI animation; trigger-phrase SFX.
,Mid,Bit,SciFi,G,No,Chucky 'Childs Play' has an issue with AI,"Full bit: Chucky 'Childs Play' has an issue with AI. Structure: screen sells the premise, escalation beat, button ending. Give it 1-2 minutes max and a hard out.","Game-show package: scoreboard overlay, lock-in buzzer SFX, board graphics on rear screens; contestant buttons mirror the app.",Rehearse cue timing; keep a cut-away button if the room turns.,"1) SETUP: premise line (SCREEN: premise visual). 2) ESCALATE: 2-3 beats, each a screen change (SCREEN: beat cards/clips) with a laugh break after each. 3) TURN: the surprise beat (SCREEN: switcboard flip). 4) BUTTON ENDING: punchline + button visual (SCREEN: button card) - hold 3s. 5) Hard out, next bit.",3-5 graphics/clips + SFX pack; macro wiring; manual fallback for each beat.
,Mid,Bit,Commercial,G,No,"For a kids birthday, have him tell a joke, then retell it bigger with a mini headcase on","Full bit: For a kids birthday, have him tell a joke, then retell it bigger with a mini headcase on. Structure: screen sells the premise, escalation beat, button ending. Give it 1-2 minutes max and a hard out.","Build as a macro: 2-4 button presses in sequence (premise visual, escalation, button ending). Manual fallback for each step.",Rehearse cue timing; keep a cut-away button if the room turns.,"1) SETUP: premise line (SCREEN: premise visual). 2) ESCALATE: 2-3 beats, each a screen change (SCREEN: beat cards/clips) with a laugh break after each. 3) TURN: the surprise beat (SCREEN: switcboard flip). 4) BUTTON ENDING: punchline + button visual (SCREEN: button card) - hold 3s. 5) Hard out, next bit.",Holiday graphic pack; themed music cue; balloon/party SFX.
,Mid,Bit,SciFi,G,No,"Do a robot face character like Norby(robot startup), be a lovable robot that gives kids/people bad advice, named Rombo","Full bit: Robot face character like Norby(robot startup), be a lovable robot that gives kids/people bad advice, named Rombo. Structure: screen sells the premise, escalation beat, button ending. Give it 1-2 minutes max and a hard out.","Build as a macro: 2-4 button presses in sequence (premise visual, escalation, button ending). Manual fallback for each step.",Rehearse cue timing; keep a cut-away button if the room turns.,"1) SETUP: premise line (SCREEN: premise visual). 2) ESCALATE: 2-3 beats, each a screen change (SCREEN: beat cards/clips) with a laugh break after each. 3) TURN: the surprise beat (SCREEN: switcboard flip). 4) BUTTON ENDING: punchline + button visual (SCREEN: button card) - hold 3s. 5) Hard out, next bit.",3-5 graphics/clips + SFX pack; macro wiring; manual fallback for each beat.
,Mid,Bit,Sketch,G,No,Dog cone of shame,"Set piece: Dog cone of shame. Structure: screen sells the premise, escalation beat, button ending. Give it 1-2 minutes max and a hard out.","Build as a macro: 2-4 button presses in sequence (premise visual, escalation, button ending). Manual fallback for each step.",Rehearse cue timing; keep a cut-away button if the room turns.,"1) SETUP: premise line (SCREEN: premise visual). 2) ESCALATE: 2-3 beats, each a screen change (SCREEN: beat cards/clips) with a laugh break after each. 3) TURN: the surprise beat (SCREEN: switcboard flip). 4) BUTTON ENDING: punchline + button visual (SCREEN: button card) - hold 3s. 5) Hard out, next bit.",3-5 graphics/clips + SFX pack; macro wiring; manual fallback for each beat.
,Mid,Bit,Politics,G,y,"Do something reptilian like eat a fly with a long tongue, maybe as Hillary","Full bit: Do something reptilian like eat a fly with a long tongue, maybe as Hillary. Structure: screen sells the premise, escalation beat, button ending. Give it 1-2 minutes max and a hard out.","Character-voice preset: distorted face + edited VO clips on buttons; keep it punchline-forward, never a lecture.",Political likeness: punchlines must be bipartisan or self-deprecating; venues book the room they want back.,"1) SETUP: premise line (SCREEN: premise visual). 2) ESCALATE: 2-3 beats, each a screen change (SCREEN: beat cards/clips) with a laugh break after each. 3) TURN: the surprise beat (SCREEN: switcboard flip). 4) BUTTON ENDING: punchline + button visual (SCREEN: button card) - hold 3s. 5) Hard out, next bit.",Character-voice preset (face distortion); edited VO clip buttons; punchline-first script. Animated bug overlay (loops around head); swat/zip SFX.
,Mid,Bit,Sketch,G,No,Do you a YouTube apology video or some of the cliché type of video,"Full bit: Do you a YouTube apology video or some of the cliché type of video. Structure: screen sells the premise, escalation beat, button ending. Give it 1-2 minutes max and a hard out.","Build as a macro: 2-4 button presses in sequence (premise visual, escalation, button ending). Manual fallback for each step.",Rehearse cue timing; keep a cut-away button if the room turns.,"1) SETUP: premise line (SCREEN: premise visual). 2) ESCALATE: 2-3 beats, each a screen change (SCREEN: beat cards/clips) with a laugh break after each. 3) TURN: the surprise beat (SCREEN: switcboard flip). 4) BUTTON ENDING: punchline + button visual (SCREEN: button card) - hold 3s. 5) Hard out, next bit.",3-5 graphics/clips + SFX pack; macro wiring; manual fallback for each beat.
,Easy,Heckler,Audience,G,No,If can’t understand a heckler put up a drive they menu and speaker and do a bit,"Heckler response: If can’t understand a heckler put up a drive they menu and speaker and do a bit. One button, one beat, back to material. The screen sells it; don't get dragged into a duel.","Burn preset: thug-life sticker/grade + 'ohhh' sting SFX on one button; fire once, then back to material.","Target selection matters: friendly repeat offenders only, never protected-class material.","1) Heckler fires (SCREEN: neutral). 2) One-line acknowledgment. 3) BUTTON: preset fires (SCREEN: response visual + SFX) (LAUGH BREAK). 4) Auto/manual reset, immediately back to material - no duel.",Thug-life sticker pack; 'ohhh' sting SFX; auto-reset burn preset.
,Mid,Bit,Music,G,No,"Do worlds best ventriloquist, do a rap with 2 socks, then stick one in mouth","Set piece: Do worlds best ventriloquist, do a rap with 2 socks, then stick one in mouth. Structure: screen sells the premise, escalation beat, button ending. Give it 1-2 minutes max and a hard out.","Music cue stack: backing track + on-screen lyrics (bouncing ball where noted); lighting macro per song, out on the final sting.",Rehearse cue timing; keep a cut-away button if the room turns.,"1) SETUP: premise line (SCREEN: premise visual). 2) ESCALATE: 2-3 beats, each a screen change (SCREEN: beat cards/clips) with a laugh break after each. 3) TURN: the surprise beat (SCREEN: switcboard flip). 4) BUTTON ENDING: punchline + button visual (SCREEN: button card) - hold 3s. 5) Hard out, next bit.",Backing track (custom/licensed); lyric overlay template; bouncing-ball animation; song lighting macro; final sting SFX.
,Mid,Bit,Music,G,No,"Do worlds greatest magician, best singer(break glass), more bests","Set piece: Do worlds greatest magician, best singer(break glass), more bests. Structure: screen sells the premise, escalation beat, button ending. Give it 1-2 minutes max and a hard out.","Music cue stack: backing track + on-screen lyrics (bouncing ball where noted); lighting macro per song, out on the final sting.",Rehearse cue timing; keep a cut-away button if the room turns.,"1) SETUP: premise line (SCREEN: premise visual). 2) ESCALATE: 2-3 beats, each a screen change (SCREEN: beat cards/clips) with a laugh break after each. 3) TURN: the surprise beat (SCREEN: switcboard flip). 4) BUTTON ENDING: punchline + button visual (SCREEN: button card) - hold 3s. 5) Hard out, next bit.",Backing track (custom/licensed); lyric overlay template; bouncing-ball animation; song lighting macro; final sting SFX.
,Mid,Bit,Spooky,G,No,Get put on hold for a long time and have my face age maybe finally becoming a skeleton,"Developed bit: Get put on hold for a long time and have my face age maybe finally becoming a skeleton. Structure: screen sells the premise, escalation beat, button ending. Give it 1-2 minutes max and a hard out.","X-ray/skeleton filter on the head; snap-on with a scanner SFX, one beat, off.",Rehearse cue timing; keep a cut-away button if the room turns.,"1) SETUP: premise line (SCREEN: premise visual). 2) ESCALATE: 2-3 beats, each a screen change (SCREEN: beat cards/clips) with a laugh break after each. 3) TURN: the surprise beat (SCREEN: switcboard flip). 4) BUTTON ENDING: punchline + button visual (SCREEN: button card) - hold 3s. 5) Hard out, next bit.",X-ray/skeleton face filter; scanner SFX.
,Mid,Bit,Commercial,G,No,"Do a tribute to the dean Martin Road, by roasting celebrities. Maybe as Foster Brooks","Developed bit: Tribute to the dean Martin Road, by roasting celebrities. Maybe as Foster Brooks. Structure: screen sells the premise, escalation beat, button ending. Give it 1-2 minutes max and a hard out.","Build as a macro: 2-4 button presses in sequence (premise visual, escalation, button ending). Manual fallback for each step.",Rehearse cue timing; keep a cut-away button if the room turns.,"1) SETUP: premise line (SCREEN: premise visual). 2) ESCALATE: 2-3 beats, each a screen change (SCREEN: beat cards/clips) with a laugh break after each. 3) TURN: the surprise beat (SCREEN: switcboard flip). 4) BUTTON ENDING: punchline + button visual (SCREEN: button card) - hold 3s. 5) Hard out, next bit.",3-5 graphics/clips + SFX pack; macro wiring; manual fallback for each beat.
,Mid,Bit,Sketch,G,No,When doing deep thinking put a lot of floating formulas or words on face,"Full bit: When doing deep thinking put a lot of floating formulas or words on face. Structure: screen sells the premise, escalation beat, button ending. Give it 1-2 minutes max and a hard out.","Build as a macro: 2-4 button presses in sequence (premise visual, escalation, button ending). Manual fallback for each step.",Rehearse cue timing; keep a cut-away button if the room turns.,"1) SETUP: premise line (SCREEN: premise visual). 2) ESCALATE: 2-3 beats, each a screen change (SCREEN: beat cards/clips) with a laugh break after each. 3) TURN: the surprise beat (SCREEN: switcboard flip). 4) BUTTON ENDING: punchline + button visual (SCREEN: button card) - hold 3s. 5) Hard out, next bit.",3-5 graphics/clips + SFX pack; macro wiring; manual fallback for each beat.
,Mid,Bit,Sketch,G,No,"Battery low warning, screen dims, impending death (similar to low health)","Developed bit: Battery low warning, screen dims, impending death (similar to low health). Structure: screen sells the premise, escalation beat, button ending. Give it 1-2 minutes max and a hard out.",Power/battery presets: dim-to-black with power-down SFX; restore via color-bars beat so the blackout reads intentional.,Rehearse cue timing; keep a cut-away button if the room turns.,"1) SETUP: premise line (SCREEN: premise visual). 2) ESCALATE: 2-3 beats, each a screen change (SCREEN: beat cards/clips) with a laugh break after each. 3) TURN: the surprise beat (SCREEN: switcboard flip). 4) BUTTON ENDING: punchline + button visual (SCREEN: button card) - hold 3s. 5) Hard out, next bit.",Battery-low banner; dim-to-black preset; power-down chime; restore color-bars beat.
,Mid,Bit,Sketch,G,No,"Meme machine, Meme machine,  Funny pic slides in, Meme comes out With background music","Full bit: Meme machine, Meme machine, Funny pic slides in, Meme comes out With background music. Structure: screen sells the premise, escalation beat, button ending. Give it 1-2 minutes max and a hard out.","Build as a macro: 2-4 button presses in sequence (premise visual, escalation, button ending). Manual fallback for each step.",Rehearse cue timing; keep a cut-away button if the room turns.,"1) SETUP: premise line (SCREEN: premise visual). 2) ESCALATE: 2-3 beats, each a screen change (SCREEN: beat cards/clips) with a laugh break after each. 3) TURN: the surprise beat (SCREEN: switcboard flip). 4) BUTTON ENDING: punchline + button visual (SCREEN: button card) - hold 3s. 5) Hard out, next bit.",3-5 graphics/clips + SFX pack; macro wiring; manual fallback for each beat.
,Mid,Bit,Music,G,No,Marshmallow DJ head/ or similar,"Developed bit: Marshmallow DJ head/ or similar. Structure: screen sells the premise, escalation beat, button ending. Give it 1-2 minutes max and a hard out.","Music cue stack: backing track + on-screen lyrics (bouncing ball where noted); lighting macro per song, out on the final sting.",Rehearse cue timing; keep a cut-away button if the room turns.,"1) SETUP: premise line (SCREEN: premise visual). 2) ESCALATE: 2-3 beats, each a screen change (SCREEN: beat cards/clips) with a laugh break after each. 3) TURN: the surprise beat (SCREEN: switcboard flip). 4) BUTTON ENDING: punchline + button visual (SCREEN: button card) - hold 3s. 5) Hard out, next bit.",Backing track (custom/licensed); lyric overlay template; bouncing-ball animation; song lighting macro; final sting SFX.
,Mid,Bit,Sketch,G,No,Run real fast to go back in time and retell a joke that is screwed up,"Developed bit: Run real fast to go back in time and retell a joke that is screwed up. Structure: screen sells the premise, escalation beat, button ending. Give it 1-2 minutes max and a hard out.","Build as a macro: 2-4 button presses in sequence (premise visual, escalation, button ending). Manual fallback for each step.",Rehearse cue timing; keep a cut-away button if the room turns.,"1) SETUP: premise line (SCREEN: premise visual). 2) ESCALATE: 2-3 beats, each a screen change (SCREEN: beat cards/clips) with a laugh break after each. 3) TURN: the surprise beat (SCREEN: switcboard flip). 4) BUTTON ENDING: punchline + button visual (SCREEN: button card) - hold 3s. 5) Hard out, next bit.",3-5 graphics/clips + SFX pack; macro wiring; manual fallback for each beat.
,Mid,Bit,SciFi,G,No,Have a super villain named ‘Math’ that defeats stupid lefty free plans,"Set piece: Have a super villain named ‘Math’ that defeats stupid lefty free plans. Structure: screen sells the premise, escalation beat, button ending. Give it 1-2 minutes max and a hard out.","Build as a macro: 2-4 button presses in sequence (premise visual, escalation, button ending). Manual fallback for each step.",Rehearse cue timing; keep a cut-away button if the room turns.,"1) SETUP: premise line (SCREEN: premise visual). 2) ESCALATE: 2-3 beats, each a screen change (SCREEN: beat cards/clips) with a laugh break after each. 3) TURN: the surprise beat (SCREEN: switcboard flip). 4) BUTTON ENDING: punchline + button visual (SCREEN: button card) - hold 3s. 5) Hard out, next bit.",3-5 graphics/clips + SFX pack; macro wiring; manual fallback for each beat.
,Mid,Bit,Sketch,G,No,"Do something silent like Mr Bean, interacting with things on a walk maybe","Full bit: Do something silent like Mr Bean, interacting with things on a walk maybe. Structure: screen sells the premise, escalation beat, button ending. Give it 1-2 minutes max and a hard out.","Build as a macro: 2-4 button presses in sequence (premise visual, escalation, button ending). Manual fallback for each step.",Rehearse cue timing; keep a cut-away button if the room turns.,"1) SETUP: premise line (SCREEN: premise visual). 2) ESCALATE: 2-3 beats, each a screen change (SCREEN: beat cards/clips) with a laugh break after each. 3) TURN: the surprise beat (SCREEN: switcboard flip). 4) BUTTON ENDING: punchline + button visual (SCREEN: button card) - hold 3s. 5) Hard out, next bit.",3-5 graphics/clips + SFX pack; macro wiring; manual fallback for each beat.
,Mid,Bit,Music,G,No,"Separate parts of the show with big graphics , ‘New Material’ with a booming thunderous voice","Developed bit: Separate parts of the show with big graphics , ‘New Material’ with a booming thunderous voice. Structure: screen sells the premise, escalation beat, button ending. Give it 1-2 minutes max and a hard out.","Music cue stack: backing track + on-screen lyrics (bouncing ball where noted); lighting macro per song, out on the final sting. + Pyro-SFX cue: screens flash + concussive SFX while the performer sells the blast; no real pyro needed.",Rehearse cue timing; keep a cut-away button if the room turns.,"1) SETUP: premise line (SCREEN: premise visual). 2) ESCALATE: 2-3 beats, each a screen change (SCREEN: beat cards/clips) with a laugh break after each. 3) TURN: the surprise beat (SCREEN: switcboard flip). 4) BUTTON ENDING: punchline + button visual (SCREEN: button card) - hold 3s. 5) Hard out, next bit.",Flash-frame clip; concussive SFX; screens white-flash macro (no real pyro).
,Mid,Bit,Sketch,G,No,Maybe have a fact checker guy,"Developed bit: Maybe have a fact checker guy. Structure: screen sells the premise, escalation beat, button ending. Give it 1-2 minutes max and a hard out.","Build as a macro: 2-4 button presses in sequence (premise visual, escalation, button ending). Manual fallback for each step.",Rehearse cue timing; keep a cut-away button if the room turns.,"1) SETUP: premise line (SCREEN: premise visual). 2) ESCALATE: 2-3 beats, each a screen change (SCREEN: beat cards/clips) with a laugh break after each. 3) TURN: the surprise beat (SCREEN: switcboard flip). 4) BUTTON ENDING: punchline + button visual (SCREEN: button card) - hold 3s. 5) Hard out, next bit.",3-5 graphics/clips + SFX pack; macro wiring; manual fallback for each beat.
,Mid,Bit,Sketch,G,No,"Comedy timeout, play something educational and really boring","Set piece: Comedy timeout, play something educational and really boring. Structure: screen sells the premise, escalation beat, button ending. Give it 1-2 minutes max and a hard out.","Game-show package: scoreboard overlay, lock-in buzzer SFX, board graphics on rear screens; contestant buttons mirror the app.","IP/likeness caution: parody hard, don't clone names/voices/logos verbatim; pre-cleared or self-made assets only.","1) SETUP: premise line (SCREEN: premise visual). 2) ESCALATE: 2-3 beats, each a screen change (SCREEN: beat cards/clips) with a laugh break after each. 3) TURN: the surprise beat (SCREEN: switcboard flip). 4) BUTTON ENDING: punchline + button visual (SCREEN: button card) - hold 3s. 5) Hard out, next bit.",3-5 graphics/clips + SFX pack; macro wiring; manual fallback for each beat.
,Mid,Bit,Sketch,G,No,Be interrupted by stupid points of personal privilege like the DSA video,"Full bit: Be interrupted by stupid points of personal privilege like the DSA video. Structure: screen sells the premise, escalation beat, button ending. Give it 1-2 minutes max and a hard out.","Build as a macro: 2-4 button presses in sequence (premise visual, escalation, button ending). Manual fallback for each step.",Rehearse cue timing; keep a cut-away button if the room turns.,"1) SETUP: premise line (SCREEN: premise visual). 2) ESCALATE: 2-3 beats, each a screen change (SCREEN: beat cards/clips) with a laugh break after each. 3) TURN: the surprise beat (SCREEN: switcboard flip). 4) BUTTON ENDING: punchline + button visual (SCREEN: button card) - hold 3s. 5) Hard out, next bit.",3-5 graphics/clips + SFX pack; macro wiring; manual fallback for each beat.
,Mid,Bit,Tech-Call,G,No,Have an evil speedster like Zoom show up and threaten if not funny,"Set piece: Have an evil speedster like Zoom show up and threaten if not funny. Structure: screen sells the premise, escalation beat, button ending. Give it 1-2 minutes max and a hard out.","Fake-call UI overlay (FaceTime/Zoom style): ringtone SFX, answer/decline buttons, pre-recorded caller clips cut as clean answers on their own buttons.",Rehearse cue timing; keep a cut-away button if the room turns.,"1) SETUP: premise line (SCREEN: premise visual). 2) ESCALATE: 2-3 beats, each a screen change (SCREEN: beat cards/clips) with a laugh break after each. 3) TURN: the surprise beat (SCREEN: switcboard flip). 4) BUTTON ENDING: punchline + button visual (SCREEN: button card) - hold 3s. 5) Hard out, next bit.","Fake-call UI overlay (PSD); ringtone SFX; 3-5 pre-recorded caller clips (15-30s each, cut as clean answers); FaceTime-style UI soundbed."
,Mid,Bit,Sketch,G,No,Do some sort of the flash-”vibe” power to see what is going on somewhere,"Full bit: Sort of the flash-”vibe” power to see what is going on somewhere. Structure: screen sells the premise, escalation beat, button ending. Give it 1-2 minutes max and a hard out.","Build as a macro: 2-4 button presses in sequence (premise visual, escalation, button ending). Manual fallback for each step.",Rehearse cue timing; keep a cut-away button if the room turns.,"1) SETUP: premise line (SCREEN: premise visual). 2) ESCALATE: 2-3 beats, each a screen change (SCREEN: beat cards/clips) with a laugh break after each. 3) TURN: the surprise beat (SCREEN: switcboard flip). 4) BUTTON ENDING: punchline + button visual (SCREEN: button card) - hold 3s. 5) Hard out, next bit.",3-5 graphics/clips + SFX pack; macro wiring; manual fallback for each beat.
,Mid,Bit,SciFi,G,No,How many legs does a dog have if you count the tail at the leg. Courtesy Abraham Lincoln,"Developed bit: How many legs does a dog have if you count the tail at the leg. Courtesy Abraham Lincoln. Structure: screen sells the premise, escalation beat, button ending. Give it 1-2 minutes max and a hard out.","Build as a macro: 2-4 button presses in sequence (premise visual, escalation, button ending). Manual fallback for each step.",Rehearse cue timing; keep a cut-away button if the room turns.,"1) SETUP: premise line (SCREEN: premise visual). 2) ESCALATE: 2-3 beats, each a screen change (SCREEN: beat cards/clips) with a laugh break after each. 3) TURN: the surprise beat (SCREEN: switcboard flip). 4) BUTTON ENDING: punchline + button visual (SCREEN: button card) - hold 3s. 5) Hard out, next bit.",3-5 graphics/clips + SFX pack; macro wiring; manual fallback for each beat.
,Mid,Bit,Music,G,No,"answer questions with a song lyric, then lead into the song.. ie Are you going to the bathroom? ok, when you get to the bottom you go back to the top of the slide then you stop and you turn and you go for a ride, til you get to the bottom and I see you again... Helter Skelter","Set piece: Answer questions with a song lyric, then lead into the song.. ie Are you going to the bathroom? ok, when you get to the bottom you go back to the top of the slide then you stop and you turn and you go for a ride, til you get to the bottom and I see you again... Helter Skelter. Structure: screen sells the premise, escalation beat, button ending. Give it 1-2 minutes max and a hard out.","Music cue stack: backing track + on-screen lyrics (bouncing ball where noted); lighting macro per song, out on the final sting.",Rehearse cue timing; keep a cut-away button if the room turns.,"1) SETUP: premise line (SCREEN: premise visual). 2) ESCALATE: 2-3 beats, each a screen change (SCREEN: beat cards/clips) with a laugh break after each. 3) TURN: the surprise beat (SCREEN: switcboard flip). 4) BUTTON ENDING: punchline + button visual (SCREEN: button card) - hold 3s. 5) Hard out, next bit.",Backing track (custom/licensed); lyric overlay template; bouncing-ball animation; song lighting macro; final sting SFX.
,Mid,Bit,Commercial,G,No,Give myself a high five by putting my hand next to head insid case and digital hand,"Set piece: Give myself a high five by putting my hand next to head insid case and digital hand. Structure: screen sells the premise, escalation beat, button ending. Give it 1-2 minutes max and a hard out.","Build as a macro: 2-4 button presses in sequence (premise visual, escalation, button ending). Manual fallback for each step.",Rehearse cue timing; keep a cut-away button if the room turns.,"1) SETUP: premise line (SCREEN: premise visual). 2) ESCALATE: 2-3 beats, each a screen change (SCREEN: beat cards/clips) with a laugh break after each. 3) TURN: the surprise beat (SCREEN: switcboard flip). 4) BUTTON ENDING: punchline + button visual (SCREEN: button card) - hold 3s. 5) Hard out, next bit.",3-5 graphics/clips + SFX pack; macro wiring; manual fallback for each beat.
,Mid,Bit,SciFi,G,No,"Become transformed in to an evil villain , and then tell mean hate jokes , like against left handers , gingers","Full bit: Become transformed in to an evil villain , and then tell mean hate jokes , like against left handers , gingers. Structure: screen sells the premise, escalation beat, button ending. Give it 1-2 minutes max and a hard out.","Build as a macro: 2-4 button presses in sequence (premise visual, escalation, button ending). Manual fallback for each step.","Identity material: punch at the absurdity or the power, never at the people; expect walk-outs if it reads mean.","1) SETUP: premise line (SCREEN: premise visual). 2) ESCALATE: 2-3 beats, each a screen change (SCREEN: beat cards/clips) with a laugh break after each. 3) TURN: the surprise beat (SCREEN: switcboard flip). 4) BUTTON ENDING: punchline + button visual (SCREEN: button card) - hold 3s. 5) Hard out, next bit.",3-5 graphics/clips + SFX pack; macro wiring; manual fallback for each beat.
,Mid,Bit,Audience,G,No,Storytime: then show pics of people in audience. Probably good at company functions,"Developed bit: Storytime: then show pics of people in audience. Probably good at company functions. Structure: screen sells the premise, escalation beat, button ending. Give it 1-2 minutes max and a hard out.","Build as a macro: 2-4 button presses in sequence (premise visual, escalation, button ending). Manual fallback for each step.",Rehearse cue timing; keep a cut-away button if the room turns.,"1) SETUP: premise line (SCREEN: premise visual). 2) ESCALATE: 2-3 beats, each a screen change (SCREEN: beat cards/clips) with a laugh break after each. 3) TURN: the surprise beat (SCREEN: switcboard flip). 4) BUTTON ENDING: punchline + button visual (SCREEN: button card) - hold 3s. 5) Hard out, next bit.",Goo/slime overlay animation; splat SFX; cleanup note for real props.
,Mid,Bit,Sketch,G,No,They aren’t laughing with you they’re laughing at you . Have people pointing and laughing,"Full bit: They aren’t laughing with you they’re laughing at you . Have people pointing and laughing. Structure: screen sells the premise, escalation beat, button ending. Give it 1-2 minutes max and a hard out.","Build as a macro: 2-4 button presses in sequence (premise visual, escalation, button ending). Manual fallback for each step.",Rehearse cue timing; keep a cut-away button if the room turns.,"1) SETUP: premise line (SCREEN: premise visual). 2) ESCALATE: 2-3 beats, each a screen change (SCREEN: beat cards/clips) with a laugh break after each. 3) TURN: the surprise beat (SCREEN: switcboard flip). 4) BUTTON ENDING: punchline + button visual (SCREEN: button card) - hold 3s. 5) Hard out, next bit.",3-5 graphics/clips + SFX pack; macro wiring; manual fallback for each beat.
,Mid,Bit,Sketch,G,No,Have a funny countdown ... like before a comeback...something funny coming in 3.2.1,"Full bit: Have a funny countdown ... like before a comeback...something funny coming in 3.2.1. Structure: screen sells the premise, escalation beat, button ending. Give it 1-2 minutes max and a hard out.","Burn preset: thug-life sticker/grade + 'ohhh' sting SFX on one button; fire once, then back to material. + Countdown graphic on the face with tick SFX; the payoff fires on zero - rehearse the hold.",Rehearse cue timing; keep a cut-away button if the room turns.,"1) SETUP: premise line (SCREEN: premise visual). 2) ESCALATE: 2-3 beats, each a screen change (SCREEN: beat cards/clips) with a laugh break after each. 3) TURN: the surprise beat (SCREEN: switcboard flip). 4) BUTTON ENDING: punchline + button visual (SCREEN: button card) - hold 3s. 5) Hard out, next bit.",Countdown graphic (3-2-1); tick SFX; zero-point payoff cue. Thug-life sticker pack; 'ohhh' sting SFX; auto-reset burn preset.
,Mid,Bit,Sketch,G,No,Talk to a Nigerian scammer,"Set piece: Talk to a Nigerian scammer. Structure: screen sells the premise, escalation beat, button ending. Give it 1-2 minutes max and a hard out.","Build as a macro: 2-4 button presses in sequence (premise visual, escalation, button ending). Manual fallback for each step.",Rehearse cue timing; keep a cut-away button if the room turns.,"1) SETUP: premise line (SCREEN: premise visual). 2) ESCALATE: 2-3 beats, each a screen change (SCREEN: beat cards/clips) with a laugh break after each. 3) TURN: the surprise beat (SCREEN: switcboard flip). 4) BUTTON ENDING: punchline + button visual (SCREEN: button card) - hold 3s. 5) Hard out, next bit.",3-5 graphics/clips + SFX pack; macro wiring; manual fallback for each beat.
,Mid,Bit,Tech-Call,G,No,"Have everyone hold their phone home buttons, then say call mom","Developed bit: Have everyone hold their phone home buttons, then say call mom. Structure: screen sells the premise, escalation beat, button ending. Give it 1-2 minutes max and a hard out.","Fake-call UI overlay (FaceTime/Zoom style): ringtone SFX, answer/decline buttons, pre-recorded caller clips cut as clean answers on their own buttons.",Rehearse cue timing; keep a cut-away button if the room turns.,"1) SETUP: premise line (SCREEN: premise visual). 2) ESCALATE: 2-3 beats, each a screen change (SCREEN: beat cards/clips) with a laugh break after each. 3) TURN: the surprise beat (SCREEN: switcboard flip). 4) BUTTON ENDING: punchline + button visual (SCREEN: button card) - hold 3s. 5) Hard out, next bit.",3-5 graphics/clips + SFX pack; macro wiring; manual fallback for each beat.
,Mid,Bit,SciFi,G,No,Talk to a hologram,"Developed bit: Talk to a hologram. Structure: screen sells the premise, escalation beat, button ending. Give it 1-2 minutes max and a hard out.","Build as a macro: 2-4 button presses in sequence (premise visual, escalation, button ending). Manual fallback for each step.",Rehearse cue timing; keep a cut-away button if the room turns.,"1) SETUP: premise line (SCREEN: premise visual). 2) ESCALATE: 2-3 beats, each a screen change (SCREEN: beat cards/clips) with a laugh break after each. 3) TURN: the surprise beat (SCREEN: switcboard flip). 4) BUTTON ENDING: punchline + button visual (SCREEN: button card) - hold 3s. 5) Hard out, next bit.",Space/cockpit background plates; abduction beam clip; sci-fi SFX pack.
,Mid,Bit,Politics,G,y,"Paul Patson, running for President","Full bit: Paul Patson, running for President. Structure: screen sells the premise, escalation beat, button ending. Give it 1-2 minutes max and a hard out.","Character-voice preset: distorted face + edited VO clips on buttons; keep it punchline-forward, never a lecture.",Rehearse cue timing; keep a cut-away button if the room turns.,"1) SETUP: premise line (SCREEN: premise visual). 2) ESCALATE: 2-3 beats, each a screen change (SCREEN: beat cards/clips) with a laugh break after each. 3) TURN: the surprise beat (SCREEN: switcboard flip). 4) BUTTON ENDING: punchline + button visual (SCREEN: button card) - hold 3s. 5) Hard out, next bit.",Character-voice preset (face distortion); edited VO clip buttons; punchline-first script.
,Mid,Bit,Sketch,G,No,"Blur out d* pics filter, when talking onscreen to someone","Developed bit: Blur out d* pics filter, when talking onscreen to someone. Structure: screen sells the premise, escalation beat, button ending. Give it 1-2 minutes max and a hard out.","Face-filter stack: each filter on its own app button, cycle order rehearsed; camera-tracked filters need good front-light on the head.",Rehearse cue timing; keep a cut-away button if the room turns.,"1) SETUP: premise line (SCREEN: premise visual). 2) ESCALATE: 2-3 beats, each a screen change (SCREEN: beat cards/clips) with a laugh break after each. 3) TURN: the surprise beat (SCREEN: switcboard flip). 4) BUTTON ENDING: punchline + button visual (SCREEN: button card) - hold 3s. 5) Hard out, next bit.",Face-filter pack (list per bit); head-tracking calibration; front-light note.
,Mid,Bit,Politics,G,y,"Have the emoticons protest that they are being politicized (rainbow, equal sign, squirt gun, hashtag, colored ribbons) unicorn, cows, earth are afraid(peace sign was victory, ok sign)","Full bit: Have the emoticons protest that they are being politicized (rainbow, equal sign, squirt gun, hashtag, colored ribbons) unicorn, cows, earth are afraid(peace sign was victory, ok sign). Structure: screen sells the premise, escalation beat, button ending. Give it 1-2 minutes max and a hard out.","Character-voice preset: distorted face + edited VO clips on buttons; keep it punchline-forward, never a lecture.","Gun material: keep it cartoonish, zero realistic mimicry; venues and insurers are touchy.","1) SETUP: premise line (SCREEN: premise visual). 2) ESCALATE: 2-3 beats, each a screen change (SCREEN: beat cards/clips) with a laugh break after each. 3) TURN: the surprise beat (SCREEN: switcboard flip). 4) BUTTON ENDING: punchline + button visual (SCREEN: button card) - hold 3s. 5) Hard out, next bit.",Character-voice preset (face distortion); edited VO clip buttons; punchline-first script.
,Hard,Bit,Audience,G,No,Use a pic from the audience and picture reenactment to have an argument with them (ie girlfriend/breakup),"Set piece: Use a pic from the audience and picture reenactment to have an argument with them (ie girlfriend/breakup). Structure: screen sells the premise, escalation beat, button ending. Give it 1-2 minutes max and a hard out.","Build as a macro: 2-4 button presses in sequence (premise visual, escalation, button ending). Manual fallback for each step.",Rehearse cue timing; keep a cut-away button if the room turns.,"1) SETUP: premise line (SCREEN: premise visual). 2) ESCALATE: 2-3 beats, each a screen change (SCREEN: beat cards/clips) with a laugh break after each. 3) TURN: the surprise beat (SCREEN: switcboard flip). 4) BUTTON ENDING: punchline + button visual (SCREEN: button card) - hold 3s. 5) Hard out, next bit.",3-5 graphics/clips + SFX pack; macro wiring; manual fallback for each beat.
,Mid,Bit,Game,G,No,"Have a wheel of comedy, that spins pics of different comedians(HC, Headini, HC Ventriloquist, etc)","Set piece: Have a wheel of comedy, that spins pics of different comedians(HC, Headini, HC Ventriloquist, etc). Structure: screen sells the premise, escalation beat, button ending. Give it 1-2 minutes max and a hard out.","Game-show package: scoreboard overlay, lock-in buzzer SFX, board graphics on rear screens; contestant buttons mirror the app.",Rehearse cue timing; keep a cut-away button if the room turns.,"1) SETUP: premise line (SCREEN: premise visual). 2) ESCALATE: 2-3 beats, each a screen change (SCREEN: beat cards/clips) with a laugh break after each. 3) TURN: the surprise beat (SCREEN: switcboard flip). 4) BUTTON ENDING: punchline + button visual (SCREEN: button card) - hold 3s. 5) Hard out, next bit.",Scoreboard overlay; buzzer/lock-in SFX; board/category graphics; contestant app config.
,Mid,Bit,Sketch,G,No,"Have a DonRickles insult comedy character, mean like the JeffRoss roasts...","Developed bit: Have a DonRickles insult comedy character, mean like the JeffRoss roasts.... Structure: screen sells the premise, escalation beat, button ending. Give it 1-2 minutes max and a hard out.","Build as a macro: 2-4 button presses in sequence (premise visual, escalation, button ending). Manual fallback for each step.",Rehearse cue timing; keep a cut-away button if the room turns.,"1) SETUP: premise line (SCREEN: premise visual). 2) ESCALATE: 2-3 beats, each a screen change (SCREEN: beat cards/clips) with a laugh break after each. 3) TURN: the surprise beat (SCREEN: switcboard flip). 4) BUTTON ENDING: punchline + button visual (SCREEN: button card) - hold 3s. 5) Hard out, next bit.",3-5 graphics/clips + SFX pack; macro wiring; manual fallback for each beat.
,Mid,Bit,Sketch,G,No,"Stop abbreving, you’re exaging, what hap, no prob, bruh","Full bit: Stop abbreving, you’re exaging, what hap, no prob, bruh. Structure: screen sells the premise, escalation beat, button ending. Give it 1-2 minutes max and a hard out.","Build as a macro: 2-4 button presses in sequence (premise visual, escalation, button ending). Manual fallback for each step.",Rehearse cue timing; keep a cut-away button if the room turns.,"1) SETUP: premise line (SCREEN: premise visual). 2) ESCALATE: 2-3 beats, each a screen change (SCREEN: beat cards/clips) with a laugh break after each. 3) TURN: the surprise beat (SCREEN: switcboard flip). 4) BUTTON ENDING: punchline + button visual (SCREEN: button card) - hold 3s. 5) Hard out, next bit.",3-5 graphics/clips + SFX pack; macro wiring; manual fallback for each beat.
,Mid,Bit,SciFi,G,No,Lets see what Randy Quaid has to say,"Developed bit: Lets see what Randy Quaid has to say. Structure: screen sells the premise, escalation beat, button ending. Give it 1-2 minutes max and a hard out.","Build as a macro: 2-4 button presses in sequence (premise visual, escalation, button ending). Manual fallback for each step.",Rehearse cue timing; keep a cut-away button if the room turns.,"1) SETUP: premise line (SCREEN: premise visual). 2) ESCALATE: 2-3 beats, each a screen change (SCREEN: beat cards/clips) with a laugh break after each. 3) TURN: the surprise beat (SCREEN: switcboard flip). 4) BUTTON ENDING: punchline + button visual (SCREEN: button card) - hold 3s. 5) Hard out, next bit.",3-5 graphics/clips + SFX pack; macro wiring; manual fallback for each beat.
,Mid,Bit,Sketch,G,No,Do a bit where I fact check funny memes,"Full bit: Bit where I fact check funny memes. Structure: screen sells the premise, escalation beat, button ending. Give it 1-2 minutes max and a hard out.","Build as a macro: 2-4 button presses in sequence (premise visual, escalation, button ending). Manual fallback for each step.",Rehearse cue timing; keep a cut-away button if the room turns.,"1) SETUP: premise line (SCREEN: premise visual). 2) ESCALATE: 2-3 beats, each a screen change (SCREEN: beat cards/clips) with a laugh break after each. 3) TURN: the surprise beat (SCREEN: switcboard flip). 4) BUTTON ENDING: punchline + button visual (SCREEN: button card) - hold 3s. 5) Hard out, next bit.",3-5 graphics/clips + SFX pack; macro wiring; manual fallback for each beat.
,Mid,Bit,Sketch,G,No,This is what I meant by flawed logic. Do some crazy ideas like the 'we have to eat the babies to stop climate change' troll,"Full bit: This is what I meant by flawed logic. Do some crazy ideas like the 'we have to eat the babies to stop climate change' troll. Structure: screen sells the premise, escalation beat, button ending. Give it 1-2 minutes max and a hard out.","Build as a macro: 2-4 button presses in sequence (premise visual, escalation, button ending). Manual fallback for each step.",Rehearse cue timing; keep a cut-away button if the room turns.,"1) SETUP: premise line (SCREEN: premise visual). 2) ESCALATE: 2-3 beats, each a screen change (SCREEN: beat cards/clips) with a laugh break after each. 3) TURN: the surprise beat (SCREEN: switcboard flip). 4) BUTTON ENDING: punchline + button visual (SCREEN: button card) - hold 3s. 5) Hard out, next bit.",3-5 graphics/clips + SFX pack; macro wiring; manual fallback for each beat.
,Mid,Bit,Sketch,G,No,Do play by play at the oppression olympics,"Full bit: Do play by play at the oppression olympics. Structure: screen sells the premise, escalation beat, button ending. Give it 1-2 minutes max and a hard out.","Game-show package: scoreboard overlay, lock-in buzzer SFX, board graphics on rear screens; contestant buttons mirror the app.",Rehearse cue timing; keep a cut-away button if the room turns.,"1) SETUP: premise line (SCREEN: premise visual). 2) ESCALATE: 2-3 beats, each a screen change (SCREEN: beat cards/clips) with a laugh break after each. 3) TURN: the surprise beat (SCREEN: switcboard flip). 4) BUTTON ENDING: punchline + button visual (SCREEN: button card) - hold 3s. 5) Hard out, next bit.",3-5 graphics/clips + SFX pack; macro wiring; manual fallback for each beat.
,Mid,Bit,Commercial,G,No,"Mr Cliche, Do a old time country guy who uses cowboy sayings, or a bad humor guy who keeps saying stupid cliches","Full bit: Mr Cliche, Do a old time country guy who uses cowboy sayings, or a bad humor guy who keeps saying stupid cliches. Structure: screen sells the premise, escalation beat, button ending. Give it 1-2 minutes max and a hard out.","Build as a macro: 2-4 button presses in sequence (premise visual, escalation, button ending). Manual fallback for each step.",Rehearse cue timing; keep a cut-away button if the room turns.,"1) SETUP: premise line (SCREEN: premise visual). 2) ESCALATE: 2-3 beats, each a screen change (SCREEN: beat cards/clips) with a laugh break after each. 3) TURN: the surprise beat (SCREEN: switcboard flip). 4) BUTTON ENDING: punchline + button visual (SCREEN: button card) - hold 3s. 5) Hard out, next bit.",3-5 graphics/clips + SFX pack; macro wiring; manual fallback for each beat.
,Mid,Bit,Audience,G,No,"Do a John Edwards like thing, get a picture of the audience member relative then have the picture talk","Full bit: John Edwards like thing, get a picture of the audience member relative then have the picture talk. Structure: screen sells the premise, escalation beat, button ending. Give it 1-2 minutes max and a hard out.","Audience-cam pass-through to head/rear screens; rehearse crop/freeze on a stand-in, keep latency under ~200ms.",Rehearse cue timing; keep a cut-away button if the room turns.,"1) SETUP: premise line (SCREEN: premise visual). 2) ESCALATE: 2-3 beats, each a screen change (SCREEN: beat cards/clips) with a laugh break after each. 3) TURN: the surprise beat (SCREEN: switcboard flip). 4) BUTTON ENDING: punchline + button visual (SCREEN: button card) - hold 3s. 5) Hard out, next bit.",3-5 graphics/clips + SFX pack; macro wiring; manual fallback for each beat.
,Mid,Bit,Music,PG,No,"Have some evil character play with color contrast settings until im bblackface, then start 80's rapping","Full bit: Have some evil character play with color contrast settings until im bblackface, then start 80's rapping. Structure: screen sells the premise, escalation beat, button ending. Give it 1-2 minutes max and a hard out.","Game-show package: scoreboard overlay, lock-in buzzer SFX, board graphics on rear screens; contestant buttons mirror the app. + Music cue stack: backing track + on-screen lyrics (bouncing ball where noted); lighting macro per song, out on the final sting.",BLACKFACE-ADJACENT: serious venue/broadcast risk; rework or cut - there is almost always a better version of this joke.,"1) SETUP: premise line (SCREEN: premise visual). 2) ESCALATE: 2-3 beats, each a screen change (SCREEN: beat cards/clips) with a laugh break after each. 3) TURN: the surprise beat (SCREEN: switcboard flip). 4) BUTTON ENDING: punchline + button visual (SCREEN: button card) - hold 3s. 5) Hard out, next bit.",3-5 graphics/clips + SFX pack; macro wiring; manual fallback for each beat.
,Mid,Bit,Commercial,G,No,It's time to play are you dumber than a 5th grader,"Developed bit: It's time to play are you dumber than a 5th grader. Structure: screen sells the premise, escalation beat, button ending. Give it 1-2 minutes max and a hard out.","Game-show package: scoreboard overlay, lock-in buzzer SFX, board graphics on rear screens; contestant buttons mirror the app.",Rehearse cue timing; keep a cut-away button if the room turns.,"1) SETUP: premise line (SCREEN: premise visual). 2) ESCALATE: 2-3 beats, each a screen change (SCREEN: beat cards/clips) with a laugh break after each. 3) TURN: the surprise beat (SCREEN: switcboard flip). 4) BUTTON ENDING: punchline + button visual (SCREEN: button card) - hold 3s. 5) Hard out, next bit.",3-5 graphics/clips + SFX pack; macro wiring; manual fallback for each beat.
,Mid,Bit,Sketch,G,No,Have a cute face filter that turns into exploding zits or face melting,"Full bit: Have a cute face filter that turns into exploding zits or face melting. Structure: screen sells the premise, escalation beat, button ending. Give it 1-2 minutes max and a hard out.","Face-filter stack: each filter on its own app button, cycle order rehearsed; camera-tracked filters need good front-light on the head.",Rehearse cue timing; keep a cut-away button if the room turns.,"1) SETUP: premise line (SCREEN: premise visual). 2) ESCALATE: 2-3 beats, each a screen change (SCREEN: beat cards/clips) with a laugh break after each. 3) TURN: the surprise beat (SCREEN: switcboard flip). 4) BUTTON ENDING: punchline + button visual (SCREEN: button card) - hold 3s. 5) Hard out, next bit.",Face-filter pack (list per bit); head-tracking calibration; front-light note.
,Mid,Bit,Commercial,G,No,Evolution of breasts because of 2 headed babies,"Developed bit: Evolution of breasts because of 2 headed babies. Structure: screen sells the premise, escalation beat, button ending. Give it 1-2 minutes max and a hard out.","Build as a macro: 2-4 button presses in sequence (premise visual, escalation, button ending). Manual fallback for each step.",Rehearse cue timing; keep a cut-away button if the room turns.,"1) SETUP: premise line (SCREEN: premise visual). 2) ESCALATE: 2-3 beats, each a screen change (SCREEN: beat cards/clips) with a laugh break after each. 3) TURN: the surprise beat (SCREEN: switcboard flip). 4) BUTTON ENDING: punchline + button visual (SCREEN: button card) - hold 3s. 5) Hard out, next bit.",3-5 graphics/clips + SFX pack; macro wiring; manual fallback for each beat.
,Mid,Bit,Spooky,G,No,Golden girls reboot with skeletons,"Set piece: Golden girls reboot with skeletons. Structure: screen sells the premise, escalation beat, button ending. Give it 1-2 minutes max and a hard out.","System-glitch presets: BSOD, buffering wheel, test-pattern - each on its own button with matching SFX; face restores with a reboot chime. + X-ray/skeleton filter on the head; snap-on with a scanner SFX, one beat, off.",Rehearse cue timing; keep a cut-away button if the room turns.,"1) SETUP: premise line (SCREEN: premise visual). 2) ESCALATE: 2-3 beats, each a screen change (SCREEN: beat cards/clips) with a laugh break after each. 3) TURN: the surprise beat (SCREEN: switcboard flip). 4) BUTTON ENDING: punchline + button visual (SCREEN: button card) - hold 3s. 5) Hard out, next bit.",BSOD card; buffering spinner animation; color-bars card; power-down + reboot chimes. X-ray/skeleton face filter; scanner SFX.
,Hard,Bit,History,G,No,"Have a time traveler from the 1980s visit excited to see breakthrus like flying cars, only to see that we've removed women from tampon packages, etc","Set piece: Have a time traveler from the 1980s visit excited to see breakthrus like flying cars, only to see that we've removed women from tampon packages, etc. Structure: screen sells the premise, escalation beat, button ending. Give it 1-2 minutes max and a hard out.","Build as a macro: 2-4 button presses in sequence (premise visual, escalation, button ending). Manual fallback for each step.",Rehearse cue timing; keep a cut-away button if the room turns.,"1) SETUP: premise line (SCREEN: premise visual). 2) ESCALATE: 2-3 beats, each a screen change (SCREEN: beat cards/clips) with a laugh break after each. 3) TURN: the surprise beat (SCREEN: switcboard flip). 4) BUTTON ENDING: punchline + button visual (SCREEN: button card) - hold 3s. 5) Hard out, next bit.",3-5 graphics/clips + SFX pack; macro wiring; manual fallback for each beat.
,Mid,Bit,Sketch,G,No,Motorboat at Flash speed,"Full bit: Motorboat at Flash speed. Structure: screen sells the premise, escalation beat, button ending. Give it 1-2 minutes max and a hard out.","Build as a macro: 2-4 button presses in sequence (premise visual, escalation, button ending). Manual fallback for each step.",Rehearse cue timing; keep a cut-away button if the room turns.,"1) SETUP: premise line (SCREEN: premise visual). 2) ESCALATE: 2-3 beats, each a screen change (SCREEN: beat cards/clips) with a laugh break after each. 3) TURN: the surprise beat (SCREEN: switcboard flip). 4) BUTTON ENDING: punchline + button visual (SCREEN: button card) - hold 3s. 5) Hard out, next bit.",3-5 graphics/clips + SFX pack; macro wiring; manual fallback for each beat.
,Mid,Bit,Audience,G,No,"Do various characters like a Russian comrade, etc. Tell a joke or do an impression and have the audience swipe left or swipe right","Set piece: Do various characters like a Russian comrade, etc. Tell a joke or do an impression and have the audience swipe left or swipe right. Structure: screen sells the premise, escalation beat, button ending. Give it 1-2 minutes max and a hard out.","Build as a macro: 2-4 button presses in sequence (premise visual, escalation, button ending). Manual fallback for each step.",Rehearse cue timing; keep a cut-away button if the room turns.,"1) SETUP: premise line (SCREEN: premise visual). 2) ESCALATE: 2-3 beats, each a screen change (SCREEN: beat cards/clips) with a laugh break after each. 3) TURN: the surprise beat (SCREEN: switcboard flip). 4) BUTTON ENDING: punchline + button visual (SCREEN: button card) - hold 3s. 5) Hard out, next bit.",3-5 graphics/clips + SFX pack; macro wiring; manual fallback for each beat.
,Mid,Bit,Music,G,No,"Have a character call me OK Boomer, then call a meeting to come up with a comeback, then say Ok Z-tard (with big graphics)","Developed bit: Have a character call me OK Boomer, then call a meeting to come up with a comeback, then say Ok Z-tard (with big graphics). Structure: screen sells the premise, escalation beat, button ending. Give it 1-2 minutes max and a hard out.","Fake-call UI overlay (FaceTime/Zoom style): ringtone SFX, answer/decline buttons, pre-recorded caller clips cut as clean answers on their own buttons. + Music cue stack: backing track + on-screen lyrics (bouncing ball where noted); lighting macro per song, out on the final sting. + Pyro-SFX cue: screens flash + concussive SFX while the performer sells the blast; no real pyro needed.",Rehearse cue timing; keep a cut-away button if the room turns.,"1) SETUP: premise line (SCREEN: premise visual). 2) ESCALATE: 2-3 beats, each a screen change (SCREEN: beat cards/clips) with a laugh break after each. 3) TURN: the surprise beat (SCREEN: switcboard flip). 4) BUTTON ENDING: punchline + button visual (SCREEN: button card) - hold 3s. 5) Hard out, next bit.",Flash-frame clip; concussive SFX; screens white-flash macro (no real pyro). Thug-life sticker pack; 'ohhh' sting SFX; auto-reset burn preset.
,Mid,Bit,Sketch,G,No,Tell trigger jokes with triggers and explosions going off,"Set piece: Tell trigger jokes with triggers and explosions going off. Structure: screen sells the premise, escalation beat, button ending. Give it 1-2 minutes max and a hard out.",Pyro-SFX cue: screens flash + concussive SFX while the performer sells the blast; no real pyro needed.,Rehearse cue timing; keep a cut-away button if the room turns.,"1) SETUP: premise line (SCREEN: premise visual). 2) ESCALATE: 2-3 beats, each a screen change (SCREEN: beat cards/clips) with a laugh break after each. 3) TURN: the surprise beat (SCREEN: switcboard flip). 4) BUTTON ENDING: punchline + button visual (SCREEN: button card) - hold 3s. 5) Hard out, next bit.",Flash-frame clip; concussive SFX; screens white-flash macro (no real pyro).
,Mid,Bit,Sketch,G,No,show gas mask and smoke to accuse someone of smelling,"Developed bit: Show gas mask and smoke to accuse someone of smelling. Structure: screen sells the premise, escalation beat, button ending. Give it 1-2 minutes max and a hard out.","Build as a macro: 2-4 button presses in sequence (premise visual, escalation, button ending). Manual fallback for each step.",Rehearse cue timing; keep a cut-away button if the room turns.,"1) SETUP: premise line (SCREEN: premise visual). 2) ESCALATE: 2-3 beats, each a screen change (SCREEN: beat cards/clips) with a laugh break after each. 3) TURN: the surprise beat (SCREEN: switcboard flip). 4) BUTTON ENDING: punchline + button visual (SCREEN: button card) - hold 3s. 5) Hard out, next bit.",Face-filter pack (list per bit); head-tracking calibration; front-light note.
,Mid,Bit,Music,G,No,"Have an embarrassing ringtone for someone, then answer  (i e I like big butts, ‘Hi Mom’)","Full bit: Have an embarrassing ringtone for someone, then answer (i e I like big butts, ‘Hi Mom’). Structure: screen sells the premise, escalation beat, button ending. Give it 1-2 minutes max and a hard out.","Music cue stack: backing track + on-screen lyrics (bouncing ball where noted); lighting macro per song, out on the final sting.",Rehearse cue timing; keep a cut-away button if the room turns.,"1) SETUP: premise line (SCREEN: premise visual). 2) ESCALATE: 2-3 beats, each a screen change (SCREEN: beat cards/clips) with a laugh break after each. 3) TURN: the surprise beat (SCREEN: switcboard flip). 4) BUTTON ENDING: punchline + button visual (SCREEN: button card) - hold 3s. 5) Hard out, next bit.",Backing track (custom/licensed); lyric overlay template; bouncing-ball animation; song lighting macro; final sting SFX.
,Mid,Bit,Music,G,No,"Do a masked singer funny song with clues and reveal, dead person reveal a skeleton","Developed bit: Masked singer funny song with clues and reveal, dead person reveal a skeleton. Structure: screen sells the premise, escalation beat, button ending. Give it 1-2 minutes max and a hard out.","Music cue stack: backing track + on-screen lyrics (bouncing ball where noted); lighting macro per song, out on the final sting. + X-ray/skeleton filter on the head; snap-on with a scanner SFX, one beat, off.",Rehearse cue timing; keep a cut-away button if the room turns.,"1) SETUP: premise line (SCREEN: premise visual). 2) ESCALATE: 2-3 beats, each a screen change (SCREEN: beat cards/clips) with a laugh break after each. 3) TURN: the surprise beat (SCREEN: switcboard flip). 4) BUTTON ENDING: punchline + button visual (SCREEN: button card) - hold 3s. 5) Hard out, next bit.",Backing track (custom/licensed); lyric overlay template; bouncing-ball animation; song lighting macro; final sting SFX. X-ray/skeleton face filter; scanner SFX.
,Mid,Bit,Audience,G,No,Do a spooky/funny computer vision thing with the audience can,"Developed bit: Spooky/funny computer vision thing with the audience can. Structure: screen sells the premise, escalation beat, button ending. Give it 1-2 minutes max and a hard out.","Build as a macro: 2-4 button presses in sequence (premise visual, escalation, button ending). Manual fallback for each step.",Rehearse cue timing; keep a cut-away button if the room turns.,"1) SETUP: premise line (SCREEN: premise visual). 2) ESCALATE: 2-3 beats, each a screen change (SCREEN: beat cards/clips) with a laugh break after each. 3) TURN: the surprise beat (SCREEN: switcboard flip). 4) BUTTON ENDING: punchline + button visual (SCREEN: button card) - hold 3s. 5) Hard out, next bit.",3-5 graphics/clips + SFX pack; macro wiring; manual fallback for each beat.
,Mid,Bit,Sketch,G,No,Do the whole set with a big baby face filter,"Developed bit: Do the whole set with a big baby face filter. Structure: screen sells the premise, escalation beat, button ending. Give it 1-2 minutes max and a hard out.","Face-filter stack: each filter on its own app button, cycle order rehearsed; camera-tracked filters need good front-light on the head.",Rehearse cue timing; keep a cut-away button if the room turns.,"1) SETUP: premise line (SCREEN: premise visual). 2) ESCALATE: 2-3 beats, each a screen change (SCREEN: beat cards/clips) with a laugh break after each. 3) TURN: the surprise beat (SCREEN: switcboard flip). 4) BUTTON ENDING: punchline + button visual (SCREEN: button card) - hold 3s. 5) Hard out, next bit.",Face-filter pack (list per bit); head-tracking calibration; front-light note.
,Mid,Bit,Audience,G,No,Fly a drone with camera(or fake a cloaked drone) over the audience and shoot laser at them,"Developed bit: Fly a drone with camera(or fake a cloaked drone) over the audience and shoot laser at them. Structure: screen sells the premise, escalation beat, button ending. Give it 1-2 minutes max and a hard out.","Action-loop preset: rear screens run the attack/game clip, head shows game HUD; choreograph safe directions, nothing real gets fired. + Drone POV feed to screens (or fake 'cloaked drone' footage); venue approval + spotter required, never flies over heads.","Safety: venue approval, insurance, spotter; never over the crowd.","1) SETUP: premise line (SCREEN: premise visual). 2) ESCALATE: 2-3 beats, each a screen change (SCREEN: beat cards/clips) with a laugh break after each. 3) TURN: the surprise beat (SCREEN: switcboard flip). 4) BUTTON ENDING: punchline + button visual (SCREEN: button card) - hold 3s. 5) Hard out, next bit.",Zombie/attack loop clip (green-screen elements); game-HUD overlay; hit SFX; direction choreography note. Drone-cam feed pipeline OR pre-shot 'fake drone' footage; venue approval + spotter. Animated bug overlay (loops around head); swat/zip SFX.
,Mid,Bit,Music,G,No,Using poster board with a hole cut for someone’s face... us projection tracking and mapping to turnt them into head case,"Developed bit: Using poster board with a hole cut for someone’s face... us projection tracking and mapping to turnt them into head case. Structure: screen sells the premise, escalation beat, button ending. Give it 1-2 minutes max and a hard out.","Music cue stack: backing track + on-screen lyrics (bouncing ball where noted); lighting macro per song, out on the final sting.",Rehearse cue timing; keep a cut-away button if the room turns.,"1) SETUP: premise line (SCREEN: premise visual). 2) ESCALATE: 2-3 beats, each a screen change (SCREEN: beat cards/clips) with a laugh break after each. 3) TURN: the surprise beat (SCREEN: switcboard flip). 4) BUTTON ENDING: punchline + button visual (SCREEN: button card) - hold 3s. 5) Hard out, next bit.",Backing track (custom/licensed); lyric overlay template; bouncing-ball animation; song lighting macro; final sting SFX.
,Mid,Bit,Sketch,G,No,Show clips with Boomer Esiason and just keep saying ok boomer,"Developed bit: Show clips with Boomer Esiason and just keep saying ok boomer. Structure: screen sells the premise, escalation beat, button ending. Give it 1-2 minutes max and a hard out.",Pyro-SFX cue: screens flash + concussive SFX while the performer sells the blast; no real pyro needed.,Rehearse cue timing; keep a cut-away button if the room turns.,"1) SETUP: premise line (SCREEN: premise visual). 2) ESCALATE: 2-3 beats, each a screen change (SCREEN: beat cards/clips) with a laugh break after each. 3) TURN: the surprise beat (SCREEN: switcboard flip). 4) BUTTON ENDING: punchline + button visual (SCREEN: button card) - hold 3s. 5) Hard out, next bit.",Flash-frame clip; concussive SFX; screens white-flash macro (no real pyro).
,Mid,Bit,Audience,G,No,Take a face pic of someone in the audience and then get in a Twitter war with them. Pretending they have made fake post insults about the show.,"Full bit: Take a face pic of someone in the audience and then get in a Twitter war with them. Pretending they have made fake post insults about the show.. Structure: screen sells the premise, escalation beat, button ending. Give it 1-2 minutes max and a hard out.","Build as a macro: 2-4 button presses in sequence (premise visual, escalation, button ending). Manual fallback for each step.","IP/likeness caution: parody hard, don't clone names/voices/logos verbatim; pre-cleared or self-made assets only.","1) SETUP: premise line (SCREEN: premise visual). 2) ESCALATE: 2-3 beats, each a screen change (SCREEN: beat cards/clips) with a laugh break after each. 3) TURN: the surprise beat (SCREEN: switcboard flip). 4) BUTTON ENDING: punchline + button visual (SCREEN: button card) - hold 3s. 5) Hard out, next bit.",3-5 graphics/clips + SFX pack; macro wiring; manual fallback for each beat.
,Mid,Bit,Sketch,G,No,Show a tally of fines for offensive jokes,"Full bit: Show a tally of fines for offensive jokes. Structure: screen sells the premise, escalation beat, button ending. Give it 1-2 minutes max and a hard out.","Build as a macro: 2-4 button presses in sequence (premise visual, escalation, button ending). Manual fallback for each step.",Rehearse cue timing; keep a cut-away button if the room turns.,"1) SETUP: premise line (SCREEN: premise visual). 2) ESCALATE: 2-3 beats, each a screen change (SCREEN: beat cards/clips) with a laugh break after each. 3) TURN: the surprise beat (SCREEN: switcboard flip). 4) BUTTON ENDING: punchline + button visual (SCREEN: button card) - hold 3s. 5) Hard out, next bit.",3-5 graphics/clips + SFX pack; macro wiring; manual fallback for each beat.
,Mid,Bit,Tech-Call,G,No,FaceTime to satan,"Developed bit: FaceTime to satan. Structure: screen sells the premise, escalation beat, button ending. Give it 1-2 minutes max and a hard out.","Fake-call UI overlay (FaceTime/Zoom style): ringtone SFX, answer/decline buttons, pre-recorded caller clips cut as clean answers on their own buttons.","Religious material: land the punchline on the situation, not the faith; expect some walk-outs either direction.","1) SETUP: premise line (SCREEN: premise visual). 2) ESCALATE: 2-3 beats, each a screen change (SCREEN: beat cards/clips) with a laugh break after each. 3) TURN: the surprise beat (SCREEN: switcboard flip). 4) BUTTON ENDING: punchline + button visual (SCREEN: button card) - hold 3s. 5) Hard out, next bit.","Fake-call UI overlay (PSD); ringtone SFX; 3-5 pre-recorded caller clips (15-30s each, cut as clean answers); FaceTime-style UI soundbed. Church backdrop plate; choir/organ sting; smart-script review."
,Mid,Bit,Tech-Call,G,No,Conference call with god and satan,"Set piece: Conference call with god and satan. Structure: screen sells the premise, escalation beat, button ending. Give it 1-2 minutes max and a hard out.","Fake-call UI overlay (FaceTime/Zoom style): ringtone SFX, answer/decline buttons, pre-recorded caller clips cut as clean answers on their own buttons.","Religious material: land the punchline on the situation, not the faith; expect some walk-outs either direction.","1) SETUP: premise line (SCREEN: premise visual). 2) ESCALATE: 2-3 beats, each a screen change (SCREEN: beat cards/clips) with a laugh break after each. 3) TURN: the surprise beat (SCREEN: switcboard flip). 4) BUTTON ENDING: punchline + button visual (SCREEN: button card) - hold 3s. 5) Hard out, next bit.","Fake-call UI overlay (PSD); ringtone SFX; 3-5 pre-recorded caller clips (15-30s each, cut as clean answers); FaceTime-style UI soundbed. Church backdrop plate; choir/organ sting; smart-script review."
,Mid,Bit,Audience,G,No,Attach my head to a drone to fly out in the audience,"Developed bit: Attach my head to a drone to fly out in the audience. Structure: screen sells the premise, escalation beat, button ending. Give it 1-2 minutes max and a hard out.","Drone POV feed to screens (or fake 'cloaked drone' footage); venue approval + spotter required, never flies over heads.","Safety: venue approval, insurance, spotter; never over the crowd.","1) SETUP: premise line (SCREEN: premise visual). 2) ESCALATE: 2-3 beats, each a screen change (SCREEN: beat cards/clips) with a laugh break after each. 3) TURN: the surprise beat (SCREEN: switcboard flip). 4) BUTTON ENDING: punchline + button visual (SCREEN: button card) - hold 3s. 5) Hard out, next bit.",Drone-cam feed pipeline OR pre-shot 'fake drone' footage; venue approval + spotter. Animated bug overlay (loops around head); swat/zip SFX.
,Mid,Bit,Sketch,G,No,Do a tribute to Dice Clay hickory dickory dock but more like the musical drummer boy that king and Country do,"Developed bit: Tribute to Dice Clay hickory dickory dock but more like the musical drummer boy that king and Country do. Structure: screen sells the premise, escalation beat, button ending. Give it 1-2 minutes max and a hard out.","Build as a macro: 2-4 button presses in sequence (premise visual, escalation, button ending). Manual fallback for each step.",Rehearse cue timing; keep a cut-away button if the room turns.,"1) SETUP: premise line (SCREEN: premise visual). 2) ESCALATE: 2-3 beats, each a screen change (SCREEN: beat cards/clips) with a laugh break after each. 3) TURN: the surprise beat (SCREEN: switcboard flip). 4) BUTTON ENDING: punchline + button visual (SCREEN: button card) - hold 3s. 5) Hard out, next bit.",3-5 graphics/clips + SFX pack; macro wiring; manual fallback for each beat.
,Mid,Bit,SciFi,G,No,Listen to voice mails that famous people have left me,"Set piece: Listen to voice mails that famous people have left me. Structure: screen sells the premise, escalation beat, button ending. Give it 1-2 minutes max and a hard out.","Build as a macro: 2-4 button presses in sequence (premise visual, escalation, button ending). Manual fallback for each step.",Rehearse cue timing; keep a cut-away button if the room turns.,"1) SETUP: premise line (SCREEN: premise visual). 2) ESCALATE: 2-3 beats, each a screen change (SCREEN: beat cards/clips) with a laugh break after each. 3) TURN: the surprise beat (SCREEN: switcboard flip). 4) BUTTON ENDING: punchline + button visual (SCREEN: button card) - hold 3s. 5) Hard out, next bit.",3-5 graphics/clips + SFX pack; macro wiring; manual fallback for each beat.
,Mid,Bit,Tech-Call,G,No,Have funny relevant ringtones when I get a call (I always feel like somebody is watching me when the boss calls),"Full bit: Have funny relevant ringtones when I get a call (I always feel like somebody is watching me when the boss calls). Structure: screen sells the premise, escalation beat, button ending. Give it 1-2 minutes max and a hard out.","Fake-call UI overlay (FaceTime/Zoom style): ringtone SFX, answer/decline buttons, pre-recorded caller clips cut as clean answers on their own buttons.",Rehearse cue timing; keep a cut-away button if the room turns.,"1) SETUP: premise line (SCREEN: premise visual). 2) ESCALATE: 2-3 beats, each a screen change (SCREEN: beat cards/clips) with a laugh break after each. 3) TURN: the surprise beat (SCREEN: switcboard flip). 4) BUTTON ENDING: punchline + button visual (SCREEN: button card) - hold 3s. 5) Hard out, next bit.",3-5 graphics/clips + SFX pack; macro wiring; manual fallback for each beat.
,Mid,Bit,Music,G,No,Have a big dance number o the screen behind,"Set piece: Have a big dance number o the screen behind. Structure: screen sells the premise, escalation beat, button ending. Give it 1-2 minutes max and a hard out.","Build as a macro: 2-4 button presses in sequence (premise visual, escalation, button ending). Manual fallback for each step.",Rehearse cue timing; keep a cut-away button if the room turns.,"1) SETUP: premise line (SCREEN: premise visual). 2) ESCALATE: 2-3 beats, each a screen change (SCREEN: beat cards/clips) with a laugh break after each. 3) TURN: the surprise beat (SCREEN: switcboard flip). 4) BUTTON ENDING: punchline + button visual (SCREEN: button card) - hold 3s. 5) Hard out, next bit.",3-5 graphics/clips + SFX pack; macro wiring; manual fallback for each beat.
,Mid,Bit,Sketch,G,No,"Run thru an absurdly long credits, social media and hashtags list at the end","Developed bit: Run thru an absurdly long credits, social media and hashtags list at the end. Structure: screen sells the premise, escalation beat, button ending. Give it 1-2 minutes max and a hard out.","Build as a macro: 2-4 button presses in sequence (premise visual, escalation, button ending). Manual fallback for each step.",Rehearse cue timing; keep a cut-away button if the room turns.,"1) SETUP: premise line (SCREEN: premise visual). 2) ESCALATE: 2-3 beats, each a screen change (SCREEN: beat cards/clips) with a laugh break after each. 3) TURN: the surprise beat (SCREEN: switcboard flip). 4) BUTTON ENDING: punchline + button visual (SCREEN: button card) - hold 3s. 5) Hard out, next bit.",3-5 graphics/clips + SFX pack; macro wiring; manual fallback for each beat.
,Hard,Bit,History,G,No,"Do a history of TV, and fake news, and music videos with clips running in old style tv screens","Full bit: History of TV, and fake news, and music videos with clips running in old style tv screens. Structure: screen sells the premise, escalation beat, button ending. Give it 1-2 minutes max and a hard out.","Breaking-news package: urgent sting, lower-thirds, ticker on rear screens; head anchors with suit graphic. Abort button restores normal face.",Rehearse cue timing; keep a cut-away button if the room turns.,"1) SETUP: premise line (SCREEN: premise visual). 2) ESCALATE: 2-3 beats, each a screen change (SCREEN: beat cards/clips) with a laugh break after each. 3) TURN: the surprise beat (SCREEN: switcboard flip). 4) BUTTON ENDING: punchline + button visual (SCREEN: button card) - hold 3s. 5) Hard out, next bit.",News sting SFX; lower-third template pack; ticker graphic; anchor-suit face card; ABORT card.
,Mid,Bit,Sketch,G,No,Jump the shark video,"Set piece: Jump the shark video. Structure: screen sells the premise, escalation beat, button ending. Give it 1-2 minutes max and a hard out.","Build as a macro: 2-4 button presses in sequence (premise visual, escalation, button ending). Manual fallback for each step.",Rehearse cue timing; keep a cut-away button if the room turns.,"1) SETUP: premise line (SCREEN: premise visual). 2) ESCALATE: 2-3 beats, each a screen change (SCREEN: beat cards/clips) with a laugh break after each. 3) TURN: the surprise beat (SCREEN: switcboard flip). 4) BUTTON ENDING: punchline + button visual (SCREEN: button card) - hold 3s. 5) Hard out, next bit.",3-5 graphics/clips + SFX pack; macro wiring; manual fallback for each beat.
,Mid,Bit,Sketch,G,No,Secret message in a picture sentence,"Set piece: Secret message in a picture sentence. Structure: screen sells the premise, escalation beat, button ending. Give it 1-2 minutes max and a hard out.","Build as a macro: 2-4 button presses in sequence (premise visual, escalation, button ending). Manual fallback for each step.",Rehearse cue timing; keep a cut-away button if the room turns.,"1) SETUP: premise line (SCREEN: premise visual). 2) ESCALATE: 2-3 beats, each a screen change (SCREEN: beat cards/clips) with a laugh break after each. 3) TURN: the surprise beat (SCREEN: switcboard flip). 4) BUTTON ENDING: punchline + button visual (SCREEN: button card) - hold 3s. 5) Hard out, next bit.",3-5 graphics/clips + SFX pack; macro wiring; manual fallback for each beat.
,Mid,Bit,Sketch,G,No,Closed captions in pig latin,"Full bit: Closed captions in pig latin. Structure: screen sells the premise, escalation beat, button ending. Give it 1-2 minutes max and a hard out.",Caption/translator overlay: live or pre-typed captions on the lower third; pre-type the punchline mistranslations.,Rehearse cue timing; keep a cut-away button if the room turns.,"1) SETUP: premise line (SCREEN: premise visual). 2) ESCALATE: 2-3 beats, each a screen change (SCREEN: beat cards/clips) with a laugh break after each. 3) TURN: the surprise beat (SCREEN: switcboard flip). 4) BUTTON ENDING: punchline + button visual (SCREEN: button card) - hold 3s. 5) Hard out, next bit.",Caption overlay template; brandable font pack; pre-typed punchline captions.
,Mid,Bit,Sketch,G,No,Or say something insulting and have the closed caption in correct English,"Developed bit: Or say something insulting and have the closed caption in correct English. Structure: screen sells the premise, escalation beat, button ending. Give it 1-2 minutes max and a hard out.",Caption/translator overlay: live or pre-typed captions on the lower third; pre-type the punchline mistranslations.,Rehearse cue timing; keep a cut-away button if the room turns.,"1) SETUP: premise line (SCREEN: premise visual). 2) ESCALATE: 2-3 beats, each a screen change (SCREEN: beat cards/clips) with a laugh break after each. 3) TURN: the surprise beat (SCREEN: switcboard flip). 4) BUTTON ENDING: punchline + button visual (SCREEN: button card) - hold 3s. 5) Hard out, next bit.",Caption overlay template; brandable font pack; pre-typed punchline captions.
,Mid,Bit,Sketch,G,No,Use the cat face filter,"Full bit: Use the cat face filter. Structure: screen sells the premise, escalation beat, button ending. Give it 1-2 minutes max and a hard out.","Face-filter stack: each filter on its own app button, cycle order rehearsed; camera-tracked filters need good front-light on the head.",Rehearse cue timing; keep a cut-away button if the room turns.,"1) SETUP: premise line (SCREEN: premise visual). 2) ESCALATE: 2-3 beats, each a screen change (SCREEN: beat cards/clips) with a laugh break after each. 3) TURN: the surprise beat (SCREEN: switcboard flip). 4) BUTTON ENDING: punchline + button visual (SCREEN: button card) - hold 3s. 5) Hard out, next bit.",Face-filter pack (list per bit); head-tracking calibration; front-light note.
,Mid,Bit,Tech-Call,G,No,Talk to someone on the ring doorbell,"Developed bit: Talk to someone on the ring doorbell. Structure: screen sells the premise, escalation beat, button ending. Give it 1-2 minutes max and a hard out.","Fake-call UI overlay (FaceTime/Zoom style): ringtone SFX, answer/decline buttons, pre-recorded caller clips cut as clean answers on their own buttons.","IP/likeness caution: parody hard, don't clone names/voices/logos verbatim; pre-cleared or self-made assets only.","1) SETUP: premise line (SCREEN: premise visual). 2) ESCALATE: 2-3 beats, each a screen change (SCREEN: beat cards/clips) with a laugh break after each. 3) TURN: the surprise beat (SCREEN: switcboard flip). 4) BUTTON ENDING: punchline + button visual (SCREEN: button card) - hold 3s. 5) Hard out, next bit.","Fake-call UI overlay (PSD); ringtone SFX; 3-5 pre-recorded caller clips (15-30s each, cut as clean answers); FaceTime-style UI soundbed."
,Mid,Bit,Music,G,No,do Ben Folds like live rap song to people online,"Developed bit: Do Ben Folds like live rap song to people online. Structure: screen sells the premise, escalation beat, button ending. Give it 1-2 minutes max and a hard out.","Music cue stack: backing track + on-screen lyrics (bouncing ball where noted); lighting macro per song, out on the final sting.",Rehearse cue timing; keep a cut-away button if the room turns.,"1) SETUP: premise line (SCREEN: premise visual). 2) ESCALATE: 2-3 beats, each a screen change (SCREEN: beat cards/clips) with a laugh break after each. 3) TURN: the surprise beat (SCREEN: switcboard flip). 4) BUTTON ENDING: punchline + button visual (SCREEN: button card) - hold 3s. 5) Hard out, next bit.",Backing track (custom/licensed); lyric overlay template; bouncing-ball animation; song lighting macro; final sting SFX.
,Mid,Bit,Sketch,G,No,"Put a stop sign on and cross the street, or signal lights and direct traffic","Full bit: Put a stop sign on and cross the street, or signal lights and direct traffic. Structure: screen sells the premise, escalation beat, button ending. Give it 1-2 minutes max and a hard out.","Build as a macro: 2-4 button presses in sequence (premise visual, escalation, button ending). Manual fallback for each step.",Rehearse cue timing; keep a cut-away button if the room turns.,"1) SETUP: premise line (SCREEN: premise visual). 2) ESCALATE: 2-3 beats, each a screen change (SCREEN: beat cards/clips) with a laugh break after each. 3) TURN: the surprise beat (SCREEN: switcboard flip). 4) BUTTON ENDING: punchline + button visual (SCREEN: button card) - hold 3s. 5) Hard out, next bit.",3-5 graphics/clips + SFX pack; macro wiring; manual fallback for each beat.
,Mid,Bit,Audience,G,No,"Honk sound when walking thru crowd, reverse beeping when backing up","Developed bit: Honk sound when walking thru crowd, reverse beeping when backing up. Structure: screen sells the premise, escalation beat, button ending. Give it 1-2 minutes max and a hard out.","Build as a macro: 2-4 button presses in sequence (premise visual, escalation, button ending). Manual fallback for each step.",Rehearse cue timing; keep a cut-away button if the room turns.,"1) SETUP: premise line (SCREEN: premise visual). 2) ESCALATE: 2-3 beats, each a screen change (SCREEN: beat cards/clips) with a laugh break after each. 3) TURN: the surprise beat (SCREEN: switcboard flip). 4) BUTTON ENDING: punchline + button visual (SCREEN: button card) - hold 3s. 5) Hard out, next bit.",3-5 graphics/clips + SFX pack; macro wiring; manual fallback for each beat.
,Mid,Bit,Music,G,No,Do a funny masked singer reveal,"Full bit: Funny masked singer reveal. Structure: screen sells the premise, escalation beat, button ending. Give it 1-2 minutes max and a hard out.","Music cue stack: backing track + on-screen lyrics (bouncing ball where noted); lighting macro per song, out on the final sting.",Rehearse cue timing; keep a cut-away button if the room turns.,"1) SETUP: premise line (SCREEN: premise visual). 2) ESCALATE: 2-3 beats, each a screen change (SCREEN: beat cards/clips) with a laugh break after each. 3) TURN: the surprise beat (SCREEN: switcboard flip). 4) BUTTON ENDING: punchline + button visual (SCREEN: button card) - hold 3s. 5) Hard out, next bit.",Backing track (custom/licensed); lyric overlay template; bouncing-ball animation; song lighting macro; final sting SFX.
,Mid,Bit,Audience,G,No,Do a funny audience I'd like that agt one,"Full bit: Funny audience I'd like that agt one. Structure: screen sells the premise, escalation beat, button ending. Give it 1-2 minutes max and a hard out.","Build as a macro: 2-4 button presses in sequence (premise visual, escalation, button ending). Manual fallback for each step.",Rehearse cue timing; keep a cut-away button if the room turns.,"1) SETUP: premise line (SCREEN: premise visual). 2) ESCALATE: 2-3 beats, each a screen change (SCREEN: beat cards/clips) with a laugh break after each. 3) TURN: the surprise beat (SCREEN: switcboard flip). 4) BUTTON ENDING: punchline + button visual (SCREEN: button card) - hold 3s. 5) Hard out, next bit.",3-5 graphics/clips + SFX pack; macro wiring; manual fallback for each beat.
,Mid,Bit,Sketch,G,No,Steven hawking,"Full bit: Steven hawking. Structure: screen sells the premise, escalation beat, button ending. Give it 1-2 minutes max and a hard out.","Build as a macro: 2-4 button presses in sequence (premise visual, escalation, button ending). Manual fallback for each step.",Rehearse cue timing; keep a cut-away button if the room turns.,"1) SETUP: premise line (SCREEN: premise visual). 2) ESCALATE: 2-3 beats, each a screen change (SCREEN: beat cards/clips) with a laugh break after each. 3) TURN: the surprise beat (SCREEN: switcboard flip). 4) BUTTON ENDING: punchline + button visual (SCREEN: button card) - hold 3s. 5) Hard out, next bit.",3-5 graphics/clips + SFX pack; macro wiring; manual fallback for each beat.
,Mid,Bit,Game,G,No,Survey of funniest living comedian between Ron Dickles and Don Rickles,"Set piece: Survey of funniest living comedian between Ron Dickles and Don Rickles. Structure: screen sells the premise, escalation beat, button ending. Give it 1-2 minutes max and a hard out.","Game-show package: scoreboard overlay, lock-in buzzer SFX, board graphics on rear screens; contestant buttons mirror the app.",Rehearse cue timing; keep a cut-away button if the room turns.,"1) SETUP: premise line (SCREEN: premise visual). 2) ESCALATE: 2-3 beats, each a screen change (SCREEN: beat cards/clips) with a laugh break after each. 3) TURN: the surprise beat (SCREEN: switcboard flip). 4) BUTTON ENDING: punchline + button visual (SCREEN: button card) - hold 3s. 5) Hard out, next bit.",Scoreboard overlay; buzzer/lock-in SFX; board/category graphics; contestant app config.
,Mid,Bit,Commercial,G,No,"Do emperor Palpatine or Darth Vader, I have a bad feeling about this","Developed bit: Do emperor Palpatine or Darth Vader, I have a bad feeling about this. Structure: screen sells the premise, escalation beat, button ending. Give it 1-2 minutes max and a hard out.","Build as a macro: 2-4 button presses in sequence (premise visual, escalation, button ending). Manual fallback for each step.","IP/likeness caution: parody hard, don't clone names/voices/logos verbatim; pre-cleared or self-made assets only.","1) SETUP: premise line (SCREEN: premise visual). 2) ESCALATE: 2-3 beats, each a screen change (SCREEN: beat cards/clips) with a laugh break after each. 3) TURN: the surprise beat (SCREEN: switcboard flip). 4) BUTTON ENDING: punchline + button visual (SCREEN: button card) - hold 3s. 5) Hard out, next bit.",3-5 graphics/clips + SFX pack; macro wiring; manual fallback for each beat.
,Mid,Bit,Tech-Call,G,No,Alexa change the subject,"Developed bit: Alexa change the subject. Structure: screen sells the premise, escalation beat, button ending. Give it 1-2 minutes max and a hard out.","Voice-assistant gag: trigger phrase fires pre-recorded deadpan answer clip + listening-dots UI on the face; wrong-answer timing is rehearsed, not ad-libbed.",Rehearse cue timing; keep a cut-away button if the room turns.,"1) SETUP: premise line (SCREEN: premise visual). 2) ESCALATE: 2-3 beats, each a screen change (SCREEN: beat cards/clips) with a laugh break after each. 3) TURN: the surprise beat (SCREEN: switcboard flip). 4) BUTTON ENDING: punchline + button visual (SCREEN: button card) - hold 3s. 5) Hard out, next bit.",Pre-recorded deadpan assistant answer clips; listening-dots UI animation; trigger-phrase SFX.
,Mid,Bit,Sketch,G,No,Slow mo or rewind,"Set piece: Slow mo or rewind. Structure: screen sells the premise, escalation beat, button ending. Give it 1-2 minutes max and a hard out.",Playback FX preset: slow-mo/rewind/freeze on the face with tape SFX; performer moves match the speed for the sell.,Rehearse cue timing; keep a cut-away button if the room turns.,"1) SETUP: premise line (SCREEN: premise visual). 2) ESCALATE: 2-3 beats, each a screen change (SCREEN: beat cards/clips) with a laugh break after each. 3) TURN: the surprise beat (SCREEN: switcboard flip). 4) BUTTON ENDING: punchline + button visual (SCREEN: button card) - hold 3s. 5) Hard out, next bit.",Playback FX preset (slow-mo/rewind/freeze) + tape SFX; matched-movement rehearsal note.
,Mid,Bit,Sketch,G,No,"A full show can be nonsensical seques with a full theme, like Bo Burnham","Set piece: A full show can be nonsensical seques with a full theme, like Bo Burnham. Structure: screen sells the premise, escalation beat, button ending. Give it 1-2 minutes max and a hard out.","Burn preset: thug-life sticker/grade + 'ohhh' sting SFX on one button; fire once, then back to material.",Rehearse cue timing; keep a cut-away button if the room turns.,"1) SETUP: premise line (SCREEN: premise visual). 2) ESCALATE: 2-3 beats, each a screen change (SCREEN: beat cards/clips) with a laugh break after each. 3) TURN: the surprise beat (SCREEN: switcboard flip). 4) BUTTON ENDING: punchline + button visual (SCREEN: button card) - hold 3s. 5) Hard out, next bit.",Thug-life sticker pack; 'ohhh' sting SFX; auto-reset burn preset.
,Mid,Bit,Music,G,No,switch between multiple characters and parts of a song,"Set piece: Switch between multiple characters and parts of a song. Structure: screen sells the premise, escalation beat, button ending. Give it 1-2 minutes max and a hard out.","Music cue stack: backing track + on-screen lyrics (bouncing ball where noted); lighting macro per song, out on the final sting.",Rehearse cue timing; keep a cut-away button if the room turns.,"1) SETUP: premise line (SCREEN: premise visual). 2) ESCALATE: 2-3 beats, each a screen change (SCREEN: beat cards/clips) with a laugh break after each. 3) TURN: the surprise beat (SCREEN: switcboard flip). 4) BUTTON ENDING: punchline + button visual (SCREEN: button card) - hold 3s. 5) Hard out, next bit.",Backing track (custom/licensed); lyric overlay template; bouncing-ball animation; song lighting macro; final sting SFX.
,Mid,Bit,Sketch,G,No,Do a childrens tv show host,"Set piece: Childrens tv show host. Structure: screen sells the premise, escalation beat, button ending. Give it 1-2 minutes max and a hard out.","Build as a macro: 2-4 button presses in sequence (premise visual, escalation, button ending). Manual fallback for each step.",Rehearse cue timing; keep a cut-away button if the room turns.,"1) SETUP: premise line (SCREEN: premise visual). 2) ESCALATE: 2-3 beats, each a screen change (SCREEN: beat cards/clips) with a laugh break after each. 3) TURN: the surprise beat (SCREEN: switcboard flip). 4) BUTTON ENDING: punchline + button visual (SCREEN: button card) - hold 3s. 5) Hard out, next bit.",3-5 graphics/clips + SFX pack; macro wiring; manual fallback for each beat.
,Mid,Bit,Sketch,G,No,Run Temple Run behind me,"Developed bit: Run Temple Run behind me. Structure: screen sells the premise, escalation beat, button ending. Give it 1-2 minutes max and a hard out.","Action-loop preset: rear screens run the attack/game clip, head shows game HUD; choreograph safe directions, nothing real gets fired.",Rehearse cue timing; keep a cut-away button if the room turns.,"1) SETUP: premise line (SCREEN: premise visual). 2) ESCALATE: 2-3 beats, each a screen change (SCREEN: beat cards/clips) with a laugh break after each. 3) TURN: the surprise beat (SCREEN: switcboard flip). 4) BUTTON ENDING: punchline + button visual (SCREEN: button card) - hold 3s. 5) Hard out, next bit.",Zombie/attack loop clip (green-screen elements); game-HUD overlay; hit SFX; direction choreography note.
,Mid,Bit,Sketch,G,No,"Go back in time, getting younger until in the womb, talking about how its my dna","Developed bit: Go back in time, getting younger until in the womb, talking about how its my dna. Structure: screen sells the premise, escalation beat, button ending. Give it 1-2 minutes max and a hard out.","Build as a macro: 2-4 button presses in sequence (premise visual, escalation, button ending). Manual fallback for each step.",Rehearse cue timing; keep a cut-away button if the room turns.,"1) SETUP: premise line (SCREEN: premise visual). 2) ESCALATE: 2-3 beats, each a screen change (SCREEN: beat cards/clips) with a laugh break after each. 3) TURN: the surprise beat (SCREEN: switcboard flip). 4) BUTTON ENDING: punchline + button visual (SCREEN: button card) - hold 3s. 5) Hard out, next bit.",3-5 graphics/clips + SFX pack; macro wiring; manual fallback for each beat.
,Mid,Bit,Sketch,G,No,Fall for a scam from a foreigner,"Developed bit: Fall for a scam from a foreigner. Structure: screen sells the premise, escalation beat, button ending. Give it 1-2 minutes max and a hard out.","Build as a macro: 2-4 button presses in sequence (premise visual, escalation, button ending). Manual fallback for each step.",Rehearse cue timing; keep a cut-away button if the room turns.,"1) SETUP: premise line (SCREEN: premise visual). 2) ESCALATE: 2-3 beats, each a screen change (SCREEN: beat cards/clips) with a laugh break after each. 3) TURN: the surprise beat (SCREEN: switcboard flip). 4) BUTTON ENDING: punchline + button visual (SCREEN: button card) - hold 3s. 5) Hard out, next bit.",3-5 graphics/clips + SFX pack; macro wiring; manual fallback for each beat.
,Mid,Bit,Music,G,No,"Like Jekyl/Hide, Left Brain, Right Brain, Do Song- City/Country, Man Woman, Repub/Dem,","Set piece: Like Jekyl/Hide, Left Brain, Right Brain, Do Song- City/Country, Man Woman, Repub/Dem,. Structure: screen sells the premise, escalation beat, button ending. Give it 1-2 minutes max and a hard out.","Music cue stack: backing track + on-screen lyrics (bouncing ball where noted); lighting macro per song, out on the final sting.",Rehearse cue timing; keep a cut-away button if the room turns.,"1) SETUP: premise line (SCREEN: premise visual). 2) ESCALATE: 2-3 beats, each a screen change (SCREEN: beat cards/clips) with a laugh break after each. 3) TURN: the surprise beat (SCREEN: switcboard flip). 4) BUTTON ENDING: punchline + button visual (SCREEN: button card) - hold 3s. 5) Hard out, next bit.",Backing track (custom/licensed); lyric overlay template; bouncing-ball animation; song lighting macro; final sting SFX.
,Mid,Bit,Sketch,G,No,"accidentaly say 'OK Gaggle', get a whispery answer from the old Google before the censoring","Developed bit: Accidentaly say 'OK Gaggle', get a whispery answer from the old Google before the censoring. Structure: screen sells the premise, escalation beat, button ending. Give it 1-2 minutes max and a hard out.","Voice-assistant gag: trigger phrase fires pre-recorded deadpan answer clip + listening-dots UI on the face; wrong-answer timing is rehearsed, not ad-libbed.","IP/likeness caution: parody hard, don't clone names/voices/logos verbatim; pre-cleared or self-made assets only.","1) SETUP: premise line (SCREEN: premise visual). 2) ESCALATE: 2-3 beats, each a screen change (SCREEN: beat cards/clips) with a laugh break after each. 3) TURN: the surprise beat (SCREEN: switcboard flip). 4) BUTTON ENDING: punchline + button visual (SCREEN: button card) - hold 3s. 5) Hard out, next bit.",Pre-recorded deadpan assistant answer clips; listening-dots UI animation; trigger-phrase SFX. Goo/slime overlay animation; splat SFX; cleanup note for real props.
,Mid,Bit,Music,G,No,Hypocrisy song  Where say one thing then say the opposite,"Developed bit: Hypocrisy song Where say one thing then say the opposite. Structure: screen sells the premise, escalation beat, button ending. Give it 1-2 minutes max and a hard out.","Music cue stack: backing track + on-screen lyrics (bouncing ball where noted); lighting macro per song, out on the final sting.",Rehearse cue timing; keep a cut-away button if the room turns.,"1) SETUP: premise line (SCREEN: premise visual). 2) ESCALATE: 2-3 beats, each a screen change (SCREEN: beat cards/clips) with a laugh break after each. 3) TURN: the surprise beat (SCREEN: switcboard flip). 4) BUTTON ENDING: punchline + button visual (SCREEN: button card) - hold 3s. 5) Hard out, next bit.",Backing track (custom/licensed); lyric overlay template; bouncing-ball animation; song lighting macro; final sting SFX.
,Mid,Bit,Tech-Call,R,No,"Say something to a reporter, then show the report where it's completely out of context, then have protectors run with it wearing something like pussy hats( maybe turd caps) use the turd burglar joke","Set piece: Say something to a reporter, then show the report where it's completely out of context, then have protectors run with it wearing something like pussy hats( maybe turd caps) use the turd burglar joke. Structure: screen sells the premise, escalation beat, button ending. Give it 1-2 minutes max and a hard out.","Breaking-news package: urgent sting, lower-thirds, ticker on rear screens; head anchors with suit graphic. Abort button restores normal face.","IP/likeness caution: parody hard, don't clone names/voices/logos verbatim; pre-cleared or self-made assets only.","1) SETUP: premise line (SCREEN: premise visual). 2) ESCALATE: 2-3 beats, each a screen change (SCREEN: beat cards/clips) with a laugh break after each. 3) TURN: the surprise beat (SCREEN: switcboard flip). 4) BUTTON ENDING: punchline + button visual (SCREEN: button card) - hold 3s. 5) Hard out, next bit.",News sting SFX; lower-third template pack; ticker graphic; anchor-suit face card; ABORT card.
,Mid,Bit,Sketch,G,No,Have a word cloud show up when lots of people are throwing out suggestions,"Developed bit: Have a word cloud show up when lots of people are throwing out suggestions. Structure: screen sells the premise, escalation beat, button ending. Give it 1-2 minutes max and a hard out.","Build as a macro: 2-4 button presses in sequence (premise visual, escalation, button ending). Manual fallback for each step.",Rehearse cue timing; keep a cut-away button if the room turns.,"1) SETUP: premise line (SCREEN: premise visual). 2) ESCALATE: 2-3 beats, each a screen change (SCREEN: beat cards/clips) with a laugh break after each. 3) TURN: the surprise beat (SCREEN: switcboard flip). 4) BUTTON ENDING: punchline + button visual (SCREEN: button card) - hold 3s. 5) Hard out, next bit.",3-5 graphics/clips + SFX pack; macro wiring; manual fallback for each beat.
,Mid,Bit,Sketch,G,No,New superhero that changes genders from genderboy to gendergirl,"Set piece: New superhero that changes genders from genderboy to gendergirl. Structure: screen sells the premise, escalation beat, button ending. Give it 1-2 minutes max and a hard out.","Build as a macro: 2-4 button presses in sequence (premise visual, escalation, button ending). Manual fallback for each step.","Identity material: punch at the absurdity or the power, never at the people; expect walk-outs if it reads mean.","1) SETUP: premise line (SCREEN: premise visual). 2) ESCALATE: 2-3 beats, each a screen change (SCREEN: beat cards/clips) with a laugh break after each. 3) TURN: the surprise beat (SCREEN: switcboard flip). 4) BUTTON ENDING: punchline + button visual (SCREEN: button card) - hold 3s. 5) Hard out, next bit.",3-5 graphics/clips + SFX pack; macro wiring; manual fallback for each beat.
,Mid,Bit,Sketch,G,No,Which emoticon are you mask? Poop is the answer,"Developed bit: Which emoticon are you mask? Poop is the answer. Structure: screen sells the premise, escalation beat, button ending. Give it 1-2 minutes max and a hard out.","Build as a macro: 2-4 button presses in sequence (premise visual, escalation, button ending). Manual fallback for each step.",Rehearse cue timing; keep a cut-away button if the room turns.,"1) SETUP: premise line (SCREEN: premise visual). 2) ESCALATE: 2-3 beats, each a screen change (SCREEN: beat cards/clips) with a laugh break after each. 3) TURN: the surprise beat (SCREEN: switcboard flip). 4) BUTTON ENDING: punchline + button visual (SCREEN: button card) - hold 3s. 5) Hard out, next bit.",Face-filter pack (list per bit); head-tracking calibration; front-light note.
,Mid,Bit,Sketch,G,No,Staring contest with the bug eye mask 135-0,"Full bit: Staring contest with the bug eye mask 135-0. Structure: screen sells the premise, escalation beat, button ending. Give it 1-2 minutes max and a hard out.","Build as a macro: 2-4 button presses in sequence (premise visual, escalation, button ending). Manual fallback for each step.","IP/likeness caution: parody hard, don't clone names/voices/logos verbatim; pre-cleared or self-made assets only.","1) SETUP: premise line (SCREEN: premise visual). 2) ESCALATE: 2-3 beats, each a screen change (SCREEN: beat cards/clips) with a laugh break after each. 3) TURN: the surprise beat (SCREEN: switcboard flip). 4) BUTTON ENDING: punchline + button visual (SCREEN: button card) - hold 3s. 5) Hard out, next bit.",Face-filter pack (list per bit); head-tracking calibration; front-light note.
,Mid,Bit,Music,PG,No,"Song called 'Fake', fake news, fake O, fake boobs, fake comedy , deep fakes.., fake until youmake it, fake laughs","Developed bit: Song called 'Fake', fake news, fake O, fake boobs, fake comedy , deep fakes.., fake until youmake it, fake laughs. Structure: screen sells the premise, escalation beat, button ending. Give it 1-2 minutes max and a hard out.","Music cue stack: backing track + on-screen lyrics (bouncing ball where noted); lighting macro per song, out on the final sting. + Breaking-news package: urgent sting, lower-thirds, ticker on rear screens; head anchors with suit graphic. Abort button restores normal face.",Rehearse cue timing; keep a cut-away button if the room turns.,"1) SETUP: premise line (SCREEN: premise visual). 2) ESCALATE: 2-3 beats, each a screen change (SCREEN: beat cards/clips) with a laugh break after each. 3) TURN: the surprise beat (SCREEN: switcboard flip). 4) BUTTON ENDING: punchline + button visual (SCREEN: button card) - hold 3s. 5) Hard out, next bit.",News sting SFX; lower-third template pack; ticker graphic; anchor-suit face card; ABORT card. Backing track (custom/licensed); lyric overlay template; bouncing-ball animation; song lighting macro; final sting SFX.
,Mid,Bit,Sketch,PG,No,Kill Yourself subliminal message,"Set piece: Kill Yourself subliminal message. Structure: screen sells the premise, escalation beat, button ending. Give it 1-2 minutes max and a hard out.","Build as a macro: 2-4 button presses in sequence (premise visual, escalation, button ending). Manual fallback for each step.","SELF-HARM ADJACENT: workshop the phrasing hard - the punchline must hit the absurdity of the wording, never play as real ideation; drop it if the room is fragile.","1) SETUP: premise line (SCREEN: premise visual). 2) ESCALATE: 2-3 beats, each a screen change (SCREEN: beat cards/clips) with a laugh break after each. 3) TURN: the surprise beat (SCREEN: switcboard flip). 4) BUTTON ENDING: punchline + button visual (SCREEN: button card) - hold 3s. 5) Hard out, next bit.",3-5 graphics/clips + SFX pack; macro wiring; manual fallback for each beat.
,Mid,Bit,Tech-Call,G,No,"Look deep into my eyes, zoom into eyes to see something funny","Set piece: Look deep into my eyes, zoom into eyes to see something funny. Structure: screen sells the premise, escalation beat, button ending. Give it 1-2 minutes max and a hard out.","Fake-call UI overlay (FaceTime/Zoom style): ringtone SFX, answer/decline buttons, pre-recorded caller clips cut as clean answers on their own buttons.",Rehearse cue timing; keep a cut-away button if the room turns.,"1) SETUP: premise line (SCREEN: premise visual). 2) ESCALATE: 2-3 beats, each a screen change (SCREEN: beat cards/clips) with a laugh break after each. 3) TURN: the surprise beat (SCREEN: switcboard flip). 4) BUTTON ENDING: punchline + button visual (SCREEN: button card) - hold 3s. 5) Hard out, next bit.","Fake-call UI overlay (PSD); ringtone SFX; 3-5 pre-recorded caller clips (15-30s each, cut as clean answers); FaceTime-style UI soundbed."
,Mid,Bit,Game,G,No,Be the referee that is going over the ground rules of sportsball before the game starts,"Developed bit: Be the referee that is going over the ground rules of sportsball before the game starts. Structure: screen sells the premise, escalation beat, button ending. Give it 1-2 minutes max and a hard out.","Game-show package: scoreboard overlay, lock-in buzzer SFX, board graphics on rear screens; contestant buttons mirror the app.",Rehearse cue timing; keep a cut-away button if the room turns.,"1) SETUP: premise line (SCREEN: premise visual). 2) ESCALATE: 2-3 beats, each a screen change (SCREEN: beat cards/clips) with a laugh break after each. 3) TURN: the surprise beat (SCREEN: switcboard flip). 4) BUTTON ENDING: punchline + button visual (SCREEN: button card) - hold 3s. 5) Hard out, next bit.",3-5 graphics/clips + SFX pack; macro wiring; manual fallback for each beat.
,Mid,Bit,Commercial,G,No,"Also be a sportsball player, as an homage to the shouldamapads bit","Full bit: Also be a sportsball player, as an homage to the shouldamapads bit. Structure: screen sells the premise, escalation beat, button ending. Give it 1-2 minutes max and a hard out.","Game-show package: scoreboard overlay, lock-in buzzer SFX, board graphics on rear screens; contestant buttons mirror the app.",Rehearse cue timing; keep a cut-away button if the room turns.,"1) SETUP: premise line (SCREEN: premise visual). 2) ESCALATE: 2-3 beats, each a screen change (SCREEN: beat cards/clips) with a laugh break after each. 3) TURN: the surprise beat (SCREEN: switcboard flip). 4) BUTTON ENDING: punchline + button visual (SCREEN: button card) - hold 3s. 5) Hard out, next bit.",3-5 graphics/clips + SFX pack; macro wiring; manual fallback for each beat.
,Mid,Bit,Spooky,G,No,"Have strobe lights going, have a guy hitting on a girl, add some scary faces that show up between strobes","Full bit: Have strobe lights going, have a guy hitting on a girl, add some scary faces that show up between strobes. Structure: screen sells the premise, escalation beat, button ending. Give it 1-2 minutes max and a hard out.","Build as a macro: 2-4 button presses in sequence (premise visual, escalation, button ending). Manual fallback for each step.",Photosensitivity: announce strobes or keep under ~3 flashes/sec.,"1) SETUP: premise line (SCREEN: premise visual). 2) ESCALATE: 2-3 beats, each a screen change (SCREEN: beat cards/clips) with a laugh break after each. 3) TURN: the surprise beat (SCREEN: switcboard flip). 4) BUTTON ENDING: punchline + button visual (SCREEN: button card) - hold 3s. 5) Hard out, next bit.",Strobe lighting cue; photosensitivity announcement slide.
,Mid,Bit,Commercial,G,No,Have Dmx par lights pop up from my head for light show,"Set piece: Have Dmx par lights pop up from my head for light show. Structure: screen sells the premise, escalation beat, button ending. Give it 1-2 minutes max and a hard out.","Build as a macro: 2-4 button presses in sequence (premise visual, escalation, button ending). Manual fallback for each step.",Rehearse cue timing; keep a cut-away button if the room turns.,"1) SETUP: premise line (SCREEN: premise visual). 2) ESCALATE: 2-3 beats, each a screen change (SCREEN: beat cards/clips) with a laugh break after each. 3) TURN: the surprise beat (SCREEN: switcboard flip). 4) BUTTON ENDING: punchline + button visual (SCREEN: button card) - hold 3s. 5) Hard out, next bit.",3-5 graphics/clips + SFX pack; macro wiring; manual fallback for each beat.
,Mid,Bit,Sketch,G,No,Put a led tape on the back for ambience,"Set piece: Put a led tape on the back for ambience. Structure: screen sells the premise, escalation beat, button ending. Give it 1-2 minutes max and a hard out.","Build as a macro: 2-4 button presses in sequence (premise visual, escalation, button ending). Manual fallback for each step.",Rehearse cue timing; keep a cut-away button if the room turns.,"1) SETUP: premise line (SCREEN: premise visual). 2) ESCALATE: 2-3 beats, each a screen change (SCREEN: beat cards/clips) with a laugh break after each. 3) TURN: the surprise beat (SCREEN: switcboard flip). 4) BUTTON ENDING: punchline + button visual (SCREEN: button card) - hold 3s. 5) Hard out, next bit.",3-5 graphics/clips + SFX pack; macro wiring; manual fallback for each beat.
,Easy,Heckler,Audience,G,No,Shine dmx spotlight on heckler,"Heckler response: Shine dmx spotlight on heckler. One button, one beat, back to material. The screen sells it; don't get dragged into a duel.","Burn preset: thug-life sticker/grade + 'ohhh' sting SFX on one button; fire once, then back to material.","Target selection matters: friendly repeat offenders only, never protected-class material.","1) Heckler fires (SCREEN: neutral). 2) One-line acknowledgment. 3) BUTTON: preset fires (SCREEN: response visual + SFX) (LAUGH BREAK). 4) Auto/manual reset, immediately back to material - no duel.",Thug-life sticker pack; 'ohhh' sting SFX; auto-reset burn preset.
,Mid,Bit,Commercial,G,No,"do one of those random snapchat on the head filters (which disney character, etc)","Full bit: Do one of those random snapchat on the head filters (which disney character, etc). Structure: screen sells the premise, escalation beat, button ending. Give it 1-2 minutes max and a hard out.","Face-filter stack: each filter on its own app button, cycle order rehearsed; camera-tracked filters need good front-light on the head.","IP/likeness caution: parody hard, don't clone names/voices/logos verbatim; pre-cleared or self-made assets only.","1) SETUP: premise line (SCREEN: premise visual). 2) ESCALATE: 2-3 beats, each a screen change (SCREEN: beat cards/clips) with a laugh break after each. 3) TURN: the surprise beat (SCREEN: switcboard flip). 4) BUTTON ENDING: punchline + button visual (SCREEN: button card) - hold 3s. 5) Hard out, next bit.",Face-filter pack (list per bit); head-tracking calibration; front-light note.
,Mid,Bit,Music,G,No,Flashback song to younger headcase scenes,"Set piece: Flashback song to younger headcase scenes. Structure: screen sells the premise, escalation beat, button ending. Give it 1-2 minutes max and a hard out.","Music cue stack: backing track + on-screen lyrics (bouncing ball where noted); lighting macro per song, out on the final sting.",Rehearse cue timing; keep a cut-away button if the room turns.,"1) SETUP: premise line (SCREEN: premise visual). 2) ESCALATE: 2-3 beats, each a screen change (SCREEN: beat cards/clips) with a laugh break after each. 3) TURN: the surprise beat (SCREEN: switcboard flip). 4) BUTTON ENDING: punchline + button visual (SCREEN: button card) - hold 3s. 5) Hard out, next bit.",Backing track (custom/licensed); lyric overlay template; bouncing-ball animation; song lighting macro; final sting SFX.
,Mid,Bit,Sketch,G,No,Do a gender identity reveal,"Set piece: Gender identity reveal. Structure: screen sells the premise, escalation beat, button ending. Give it 1-2 minutes max and a hard out.","Build as a macro: 2-4 button presses in sequence (premise visual, escalation, button ending). Manual fallback for each step.","Identity material: punch at the absurdity or the power, never at the people; expect walk-outs if it reads mean.","1) SETUP: premise line (SCREEN: premise visual). 2) ESCALATE: 2-3 beats, each a screen change (SCREEN: beat cards/clips) with a laugh break after each. 3) TURN: the surprise beat (SCREEN: switcboard flip). 4) BUTTON ENDING: punchline + button visual (SCREEN: button card) - hold 3s. 5) Hard out, next bit.",3-5 graphics/clips + SFX pack; macro wiring; manual fallback for each beat.
,Mid,Bit,Sketch,G,No,Do a stupid flash mob proposal,"Developed bit: Stupid flash mob proposal. Structure: screen sells the premise, escalation beat, button ending. Give it 1-2 minutes max and a hard out.","Build as a macro: 2-4 button presses in sequence (premise visual, escalation, button ending). Manual fallback for each step.",Rehearse cue timing; keep a cut-away button if the room turns.,"1) SETUP: premise line (SCREEN: premise visual). 2) ESCALATE: 2-3 beats, each a screen change (SCREEN: beat cards/clips) with a laugh break after each. 3) TURN: the surprise beat (SCREEN: switcboard flip). 4) BUTTON ENDING: punchline + button visual (SCREEN: button card) - hold 3s. 5) Hard out, next bit.",3-5 graphics/clips + SFX pack; macro wiring; manual fallback for each beat.
,Mid,Bit,Sketch,G,No,Could do a thing where I'm in the command center and others are checking in with me for instructions,"Developed bit: Could do a thing where I'm in the command center and others are checking in with me for instructions. Structure: screen sells the premise, escalation beat, button ending. Give it 1-2 minutes max and a hard out.","Build as a macro: 2-4 button presses in sequence (premise visual, escalation, button ending). Manual fallback for each step.",Rehearse cue timing; keep a cut-away button if the room turns.,"1) SETUP: premise line (SCREEN: premise visual). 2) ESCALATE: 2-3 beats, each a screen change (SCREEN: beat cards/clips) with a laugh break after each. 3) TURN: the surprise beat (SCREEN: switcboard flip). 4) BUTTON ENDING: punchline + button visual (SCREEN: button card) - hold 3s. 5) Hard out, next bit.",3-5 graphics/clips + SFX pack; macro wiring; manual fallback for each beat.
,Mid,Bit,Sketch,G,No,Do an Oscar acceptance speech,"Developed bit: Oscar acceptance speech. Structure: screen sells the premise, escalation beat, button ending. Give it 1-2 minutes max and a hard out.","Build as a macro: 2-4 button presses in sequence (premise visual, escalation, button ending). Manual fallback for each step.",Rehearse cue timing; keep a cut-away button if the room turns.,"1) SETUP: premise line (SCREEN: premise visual). 2) ESCALATE: 2-3 beats, each a screen change (SCREEN: beat cards/clips) with a laugh break after each. 3) TURN: the surprise beat (SCREEN: switcboard flip). 4) BUTTON ENDING: punchline + button visual (SCREEN: button card) - hold 3s. 5) Hard out, next bit.",3-5 graphics/clips + SFX pack; macro wiring; manual fallback for each beat.
,Mid,Bit,Politics,G,No,Stoner news like hippy dippy weatherman,"Set piece: Stoner news like hippy dippy weatherman. Structure: screen sells the premise, escalation beat, button ending. Give it 1-2 minutes max and a hard out.","Breaking-news package: urgent sting, lower-thirds, ticker on rear screens; head anchors with suit graphic. Abort button restores normal face.",Rehearse cue timing; keep a cut-away button if the room turns.,"1) SETUP: premise line (SCREEN: premise visual). 2) ESCALATE: 2-3 beats, each a screen change (SCREEN: beat cards/clips) with a laugh break after each. 3) TURN: the surprise beat (SCREEN: switcboard flip). 4) BUTTON ENDING: punchline + button visual (SCREEN: button card) - hold 3s. 5) Hard out, next bit.",News sting SFX; lower-third template pack; ticker graphic; anchor-suit face card; ABORT card.
,Mid,Bit,Sketch,G,No,#ICare like #Deep and or Deep thoughts,"Full bit: #ICare like #Deep and or Deep thoughts. Structure: screen sells the premise, escalation beat, button ending. Give it 1-2 minutes max and a hard out.","Build as a macro: 2-4 button presses in sequence (premise visual, escalation, button ending). Manual fallback for each step.",Rehearse cue timing; keep a cut-away button if the room turns.,"1) SETUP: premise line (SCREEN: premise visual). 2) ESCALATE: 2-3 beats, each a screen change (SCREEN: beat cards/clips) with a laugh break after each. 3) TURN: the surprise beat (SCREEN: switcboard flip). 4) BUTTON ENDING: punchline + button visual (SCREEN: button card) - hold 3s. 5) Hard out, next bit.",3-5 graphics/clips + SFX pack; macro wiring; manual fallback for each beat.
,Mid,Bit,SciFi,G,No,Fight a villain who then suffocates HC then do a whole hc is dead thing life flashes,"Developed bit: Fight a villain who then suffocates HC then do a whole hc is dead thing life flashes. Structure: screen sells the premise, escalation beat, button ending. Give it 1-2 minutes max and a hard out.","Build as a macro: 2-4 button presses in sequence (premise visual, escalation, button ending). Manual fallback for each step.",Rehearse cue timing; keep a cut-away button if the room turns.,"1) SETUP: premise line (SCREEN: premise visual). 2) ESCALATE: 2-3 beats, each a screen change (SCREEN: beat cards/clips) with a laugh break after each. 3) TURN: the surprise beat (SCREEN: switcboard flip). 4) BUTTON ENDING: punchline + button visual (SCREEN: button card) - hold 3s. 5) Hard out, next bit.",3-5 graphics/clips + SFX pack; macro wiring; manual fallback for each beat.
,Mid,Bit,Sketch,G,No,"Have someones phone in my pocket, tex them that I have it","Full bit: Have someones phone in my pocket, tex them that I have it. Structure: screen sells the premise, escalation beat, button ending. Give it 1-2 minutes max and a hard out.","Build as a macro: 2-4 button presses in sequence (premise visual, escalation, button ending). Manual fallback for each step.",Rehearse cue timing; keep a cut-away button if the room turns.,"1) SETUP: premise line (SCREEN: premise visual). 2) ESCALATE: 2-3 beats, each a screen change (SCREEN: beat cards/clips) with a laugh break after each. 3) TURN: the surprise beat (SCREEN: switcboard flip). 4) BUTTON ENDING: punchline + button visual (SCREEN: button card) - hold 3s. 5) Hard out, next bit.",3-5 graphics/clips + SFX pack; macro wiring; manual fallback for each beat.
,Mid,Bit,Tech-Call,G,No,"Text someone i'm doing a show, dont text me, then have them keep texting me","Developed bit: Text someone i'm doing a show, dont text me, then have them keep texting me. Structure: screen sells the premise, escalation beat, button ending. Give it 1-2 minutes max and a hard out.","Build as a macro: 2-4 button presses in sequence (premise visual, escalation, button ending). Manual fallback for each step.",Rehearse cue timing; keep a cut-away button if the room turns.,"1) SETUP: premise line (SCREEN: premise visual). 2) ESCALATE: 2-3 beats, each a screen change (SCREEN: beat cards/clips) with a laugh break after each. 3) TURN: the surprise beat (SCREEN: switcboard flip). 4) BUTTON ENDING: punchline + button visual (SCREEN: button card) - hold 3s. 5) Hard out, next bit.",3-5 graphics/clips + SFX pack; macro wiring; manual fallback for each beat.
,Mid,Bit,Tech-Call,G,No,Satan should call from 666-1212,"Full bit: Satan should call from 666-1212. Structure: screen sells the premise, escalation beat, button ending. Give it 1-2 minutes max and a hard out.","Fake-call UI overlay (FaceTime/Zoom style): ringtone SFX, answer/decline buttons, pre-recorded caller clips cut as clean answers on their own buttons.","Religious material: land the punchline on the situation, not the faith; expect some walk-outs either direction.","1) SETUP: premise line (SCREEN: premise visual). 2) ESCALATE: 2-3 beats, each a screen change (SCREEN: beat cards/clips) with a laugh break after each. 3) TURN: the surprise beat (SCREEN: switcboard flip). 4) BUTTON ENDING: punchline + button visual (SCREEN: button card) - hold 3s. 5) Hard out, next bit.",Church backdrop plate; choir/organ sting; smart-script review.
,Mid,Bit,Commercial,G,No,"I am not a butthead, not a dickface. Yes you are, then show filter of butthead, etc","Set piece: I am not a butthead, not a dickface. Yes you are, then show filter of butthead, etc. Structure: screen sells the premise, escalation beat, button ending. Give it 1-2 minutes max and a hard out.","Face-filter stack: each filter on its own app button, cycle order rehearsed; camera-tracked filters need good front-light on the head.",Rehearse cue timing; keep a cut-away button if the room turns.,"1) SETUP: premise line (SCREEN: premise visual). 2) ESCALATE: 2-3 beats, each a screen change (SCREEN: beat cards/clips) with a laugh break after each. 3) TURN: the surprise beat (SCREEN: switcboard flip). 4) BUTTON ENDING: punchline + button visual (SCREEN: button card) - hold 3s. 5) Hard out, next bit.",Face-filter pack (list per bit); head-tracking calibration; front-light note.
,Mid,Bit,Music,G,y,Do a who got to first fluid using changing he she pronouns,"Full bit: Who got to first fluid using changing he she pronouns. Structure: screen sells the premise, escalation beat, button ending. Give it 1-2 minutes max and a hard out.","Music cue stack: backing track + on-screen lyrics (bouncing ball where noted); lighting macro per song, out on the final sting.","Identity material: punch at the absurdity or the power, never at the people; expect walk-outs if it reads mean.","1) SETUP: premise line (SCREEN: premise visual). 2) ESCALATE: 2-3 beats, each a screen change (SCREEN: beat cards/clips) with a laugh break after each. 3) TURN: the surprise beat (SCREEN: switcboard flip). 4) BUTTON ENDING: punchline + button visual (SCREEN: button card) - hold 3s. 5) Hard out, next bit.",Backing track (custom/licensed); lyric overlay template; bouncing-ball animation; song lighting macro; final sting SFX.
,Mid,Bit,Commercial,G,No,Do a mini mike joke by just showing the top half of head,"Developed bit: Mini mike joke by just showing the top half of head. Structure: screen sells the premise, escalation beat, button ending. Give it 1-2 minutes max and a hard out.","Build as a macro: 2-4 button presses in sequence (premise visual, escalation, button ending). Manual fallback for each step.",Rehearse cue timing; keep a cut-away button if the room turns.,"1) SETUP: premise line (SCREEN: premise visual). 2) ESCALATE: 2-3 beats, each a screen change (SCREEN: beat cards/clips) with a laugh break after each. 3) TURN: the surprise beat (SCREEN: switcboard flip). 4) BUTTON ENDING: punchline + button visual (SCREEN: button card) - hold 3s. 5) Hard out, next bit.",3-5 graphics/clips + SFX pack; macro wiring; manual fallback for each beat.
,Mid,Bit,Sketch,G,No,Do a bit in a Hazmat suit like the boy in the bubble,"Developed bit: Bit in a Hazmat suit like the boy in the bubble. Structure: screen sells the premise, escalation beat, button ending. Give it 1-2 minutes max and a hard out.","Build as a macro: 2-4 button presses in sequence (premise visual, escalation, button ending). Manual fallback for each step.",Rehearse cue timing; keep a cut-away button if the room turns.,"1) SETUP: premise line (SCREEN: premise visual). 2) ESCALATE: 2-3 beats, each a screen change (SCREEN: beat cards/clips) with a laugh break after each. 3) TURN: the surprise beat (SCREEN: switcboard flip). 4) BUTTON ENDING: punchline + button visual (SCREEN: button card) - hold 3s. 5) Hard out, next bit.",3-5 graphics/clips + SFX pack; macro wiring; manual fallback for each beat.
,Mid,Bit,Sketch,G,No,White savior,"Set piece: White savior. Structure: screen sells the premise, escalation beat, button ending. Give it 1-2 minutes max and a hard out.","Build as a macro: 2-4 button presses in sequence (premise visual, escalation, button ending). Manual fallback for each step.",Rehearse cue timing; keep a cut-away button if the room turns.,"1) SETUP: premise line (SCREEN: premise visual). 2) ESCALATE: 2-3 beats, each a screen change (SCREEN: beat cards/clips) with a laugh break after each. 3) TURN: the surprise beat (SCREEN: switcboard flip). 4) BUTTON ENDING: punchline + button visual (SCREEN: button card) - hold 3s. 5) Hard out, next bit.",3-5 graphics/clips + SFX pack; macro wiring; manual fallback for each beat.
,Mid,Bit,History,G,No,Worlds greatest impressionist. Do differ famous people even from history saying one liners,"Developed bit: Worlds greatest impressionist. Do differ famous people even from history saying one liners. Structure: screen sells the premise, escalation beat, button ending. Give it 1-2 minutes max and a hard out.","Build as a macro: 2-4 button presses in sequence (premise visual, escalation, button ending). Manual fallback for each step.",Rehearse cue timing; keep a cut-away button if the room turns.,"1) SETUP: premise line (SCREEN: premise visual). 2) ESCALATE: 2-3 beats, each a screen change (SCREEN: beat cards/clips) with a laugh break after each. 3) TURN: the surprise beat (SCREEN: switcboard flip). 4) BUTTON ENDING: punchline + button visual (SCREEN: button card) - hold 3s. 5) Hard out, next bit.",3-5 graphics/clips + SFX pack; macro wiring; manual fallback for each beat.
,Mid,Bit,Commercial,G,No,Do an unplugged version where you take the head off and just tell the same jokes,"Set piece: Unplugged version where you take the head off and just tell the same jokes. Structure: screen sells the premise, escalation beat, button ending. Give it 1-2 minutes max and a hard out.","Build as a macro: 2-4 button presses in sequence (premise visual, escalation, button ending). Manual fallback for each step.",Rehearse cue timing; keep a cut-away button if the room turns.,"1) SETUP: premise line (SCREEN: premise visual). 2) ESCALATE: 2-3 beats, each a screen change (SCREEN: beat cards/clips) with a laugh break after each. 3) TURN: the surprise beat (SCREEN: switcboard flip). 4) BUTTON ENDING: punchline + button visual (SCREEN: button card) - hold 3s. 5) Hard out, next bit.",3-5 graphics/clips + SFX pack; macro wiring; manual fallback for each beat.
,Mid,Bit,Music,G,No,"Play never have I ever with a pic taken of an audience member, using red and green I have/have not paddles","Full bit: Play never have I ever with a pic taken of an audience member, using red and green I have/have not paddles. Structure: screen sells the premise, escalation beat, button ending. Give it 1-2 minutes max and a hard out.","Audience-cam pass-through to head/rear screens; rehearse crop/freeze on a stand-in, keep latency under ~200ms. + Game-show package: scoreboard overlay, lock-in buzzer SFX, board graphics on rear screens; contestant buttons mirror the app. + Music cue stack: backing track + on-screen lyrics (bouncing ball where noted); lighting macro per song, out on the final sting.",Rehearse cue timing; keep a cut-away button if the room turns.,"1) SETUP: premise line (SCREEN: premise visual). 2) ESCALATE: 2-3 beats, each a screen change (SCREEN: beat cards/clips) with a laugh break after each. 3) TURN: the surprise beat (SCREEN: switcboard flip). 4) BUTTON ENDING: punchline + button visual (SCREEN: button card) - hold 3s. 5) Hard out, next bit.",Backing track (custom/licensed); lyric overlay template; bouncing-ball animation; song lighting macro; final sting SFX.
,Mid,Bit,Audience,G,No,Take a pic with audience member to add them to the bit and give them an ugly filter( as part of Ron Dickles insults),"Developed bit: Take a pic with audience member to add them to the bit and give them an ugly filter( as part of Ron Dickles insults). Structure: screen sells the premise, escalation beat, button ending. Give it 1-2 minutes max and a hard out.","Audience-cam pass-through to head/rear screens; rehearse crop/freeze on a stand-in, keep latency under ~200ms. + Face-filter stack: each filter on its own app button, cycle order rehearsed; camera-tracked filters need good front-light on the head.",Rehearse cue timing; keep a cut-away button if the room turns.,"1) SETUP: premise line (SCREEN: premise visual). 2) ESCALATE: 2-3 beats, each a screen change (SCREEN: beat cards/clips) with a laugh break after each. 3) TURN: the surprise beat (SCREEN: switcboard flip). 4) BUTTON ENDING: punchline + button visual (SCREEN: button card) - hold 3s. 5) Hard out, next bit.",Face-filter pack (list per bit); head-tracking calibration; front-light note.
,Easy,Prep,Sketch,G,No,It would be a lot easier to prep if they would just make edible bullets,"Offstage prep, not stage material: It would be a lot easier to prep if they would just make edible bullets. This feeds every other bit on the sheet.",No show tech. Notes doc + tag each item with a future visual.,"Gun material: keep it cartoonish, zero realistic mimicry; venues and insurers are touchy.","OFFSTAGE. 1) Draft. 2) Tag each item with a future visual preset. 3) Review monthly, prune dead material. SCREENS: none. LAUGH BREAKS: none.",Notes doc/template only.
,Easy,Prep,Politics,G,y,"Do a news special report-Coronavirus. With news, a prepper, the president of China","Offstage prep, not stage material: News special report-Coronavirus. With news, a prepper, the president of China. This feeds every other bit on the sheet.","Breaking-news package: urgent sting, lower-thirds, ticker on rear screens; head anchors with suit graphic. Abort button restores normal face. + Character-voice preset: distorted face + edited VO clips on buttons; keep it punchline-forward, never a lecture.",Do it offstage; revisit monthly.,"OFFSTAGE. 1) Draft. 2) Tag each item with a future visual preset. 3) Review monthly, prune dead material. SCREENS: none. LAUGH BREAKS: none.",News sting SFX; lower-third template pack; ticker graphic; anchor-suit face card; ABORT card. Character-voice preset (face distortion); edited VO clip buttons; punchline-first script.
,Mid,Bit,Audience,G,No,Do a Corona Cam to show virus in HC and the audience,"Developed bit: Corona Cam to show virus in HC and the audience. Structure: screen sells the premise, escalation beat, button ending. Give it 1-2 minutes max and a hard out.","Build as a macro: 2-4 button presses in sequence (premise visual, escalation, button ending). Manual fallback for each step.",Rehearse cue timing; keep a cut-away button if the room turns.,"1) SETUP: premise line (SCREEN: premise visual). 2) ESCALATE: 2-3 beats, each a screen change (SCREEN: beat cards/clips) with a laugh break after each. 3) TURN: the surprise beat (SCREEN: switcboard flip). 4) BUTTON ENDING: punchline + button visual (SCREEN: button card) - hold 3s. 5) Hard out, next bit.",3-5 graphics/clips + SFX pack; macro wiring; manual fallback for each beat.
,Mid,Bit,Sketch,G,No,Have the CEO of Corona pretend to be a reporter about the bud-light avirus,"Developed bit: Have the CEO of Corona pretend to be a reporter about the bud-light avirus. Structure: screen sells the premise, escalation beat, button ending. Give it 1-2 minutes max and a hard out.","Breaking-news package: urgent sting, lower-thirds, ticker on rear screens; head anchors with suit graphic. Abort button restores normal face.",Rehearse cue timing; keep a cut-away button if the room turns.,"1) SETUP: premise line (SCREEN: premise visual). 2) ESCALATE: 2-3 beats, each a screen change (SCREEN: beat cards/clips) with a laugh break after each. 3) TURN: the surprise beat (SCREEN: switcboard flip). 4) BUTTON ENDING: punchline + button visual (SCREEN: button card) - hold 3s. 5) Hard out, next bit.",News sting SFX; lower-third template pack; ticker graphic; anchor-suit face card; ABORT card.
,Mid,Bit,SciFi,G,No,Do a comic book character like captain obvious. Maybe captain oblivious,"Full bit: Comic book character like captain obvious. Maybe captain oblivious. Structure: screen sells the premise, escalation beat, button ending. Give it 1-2 minutes max and a hard out.","Build as a macro: 2-4 button presses in sequence (premise visual, escalation, button ending). Manual fallback for each step.",Rehearse cue timing; keep a cut-away button if the room turns.,"1) SETUP: premise line (SCREEN: premise visual). 2) ESCALATE: 2-3 beats, each a screen change (SCREEN: beat cards/clips) with a laugh break after each. 3) TURN: the surprise beat (SCREEN: switcboard flip). 4) BUTTON ENDING: punchline + button visual (SCREEN: button card) - hold 3s. 5) Hard out, next bit.",3-5 graphics/clips + SFX pack; macro wiring; manual fallback for each beat.
,Mid,Bit,Sketch,G,No,Interview with a scientist at Chinese lab with bats flying in the background,"Full bit: Interview with a scientist at Chinese lab with bats flying in the background. Structure: screen sells the premise, escalation beat, button ending. Give it 1-2 minutes max and a hard out.","Build as a macro: 2-4 button presses in sequence (premise visual, escalation, button ending). Manual fallback for each step.",Rehearse cue timing; keep a cut-away button if the room turns.,"1) SETUP: premise line (SCREEN: premise visual). 2) ESCALATE: 2-3 beats, each a screen change (SCREEN: beat cards/clips) with a laugh break after each. 3) TURN: the surprise beat (SCREEN: switcboard flip). 4) BUTTON ENDING: punchline + button visual (SCREEN: button card) - hold 3s. 5) Hard out, next bit.",3-5 graphics/clips + SFX pack; macro wiring; manual fallback for each beat.
,Mid,Bit,Sketch,G,No,"Have a conversation with food in mouth, so words are misinterpreted","Set piece: Have a conversation with food in mouth, so words are misinterpreted. Structure: screen sells the premise, escalation beat, button ending. Give it 1-2 minutes max and a hard out.","Build as a macro: 2-4 button presses in sequence (premise visual, escalation, button ending). Manual fallback for each step.",Rehearse cue timing; keep a cut-away button if the room turns.,"1) SETUP: premise line (SCREEN: premise visual). 2) ESCALATE: 2-3 beats, each a screen change (SCREEN: beat cards/clips) with a laugh break after each. 3) TURN: the surprise beat (SCREEN: switcboard flip). 4) BUTTON ENDING: punchline + button visual (SCREEN: button card) - hold 3s. 5) Hard out, next bit.",3-5 graphics/clips + SFX pack; macro wiring; manual fallback for each beat.
,Mid,Bit,Sketch,G,No,"Enter to hard music, then open with candy land place","Set piece: Enter to hard music, then open with candy land place. Structure: screen sells the premise, escalation beat, button ending. Give it 1-2 minutes max and a hard out.","Build as a macro: 2-4 button presses in sequence (premise visual, escalation, button ending). Manual fallback for each step.",Rehearse cue timing; keep a cut-away button if the room turns.,"1) SETUP: premise line (SCREEN: premise visual). 2) ESCALATE: 2-3 beats, each a screen change (SCREEN: beat cards/clips) with a laugh break after each. 3) TURN: the surprise beat (SCREEN: switcboard flip). 4) BUTTON ENDING: punchline + button visual (SCREEN: button card) - hold 3s. 5) Hard out, next bit.",3-5 graphics/clips + SFX pack; macro wiring; manual fallback for each beat.
,Mid,Bit,Politics,G,y,Do a bit where Trump is making up nicknames for everybody,"Set piece: Bit where Trump is making up nicknames for everybody. Structure: screen sells the premise, escalation beat, button ending. Give it 1-2 minutes max and a hard out.","Character-voice preset: distorted face + edited VO clips on buttons; keep it punchline-forward, never a lecture.",Political likeness: punchlines must be bipartisan or self-deprecating; venues book the room they want back.,"1) SETUP: premise line (SCREEN: premise visual). 2) ESCALATE: 2-3 beats, each a screen change (SCREEN: beat cards/clips) with a laugh break after each. 3) TURN: the surprise beat (SCREEN: switcboard flip). 4) BUTTON ENDING: punchline + button visual (SCREEN: button card) - hold 3s. 5) Hard out, next bit.",Character-voice preset (face distortion); edited VO clip buttons; punchline-first script.
,Mid,Bit,Tech-Call,G,No,Funny joke.  FaceTime warren and have her say something with smoke signals like 'stop calling me Pocahontas ',"Set piece: Funny joke. FaceTime warren and have her say something with smoke signals like 'stop calling me Pocahontas '. Structure: screen sells the premise, escalation beat, button ending. Give it 1-2 minutes max and a hard out.","Fake-call UI overlay (FaceTime/Zoom style): ringtone SFX, answer/decline buttons, pre-recorded caller clips cut as clean answers on their own buttons.","Race material: high walk-out risk; target the flawed logic, not people; test in friendly rooms before headlining venues. Political likeness: punchlines must be bipartisan or self-deprecating; venues book the room they want back.","1) SETUP: premise line (SCREEN: premise visual). 2) ESCALATE: 2-3 beats, each a screen change (SCREEN: beat cards/clips) with a laugh break after each. 3) TURN: the surprise beat (SCREEN: switcboard flip). 4) BUTTON ENDING: punchline + button visual (SCREEN: button card) - hold 3s. 5) Hard out, next bit.","Fake-call UI overlay (PSD); ringtone SFX; 3-5 pre-recorded caller clips (15-30s each, cut as clean answers); FaceTime-style UI soundbed."
,Hard,Bit,Game,G,No,Do an are you smarter than a journalist quiz show. Or something,"Set piece: Are you smarter than a journalist quiz show. Or something. Structure: screen sells the premise, escalation beat, button ending. Give it 1-2 minutes max and a hard out.","Game-show package: scoreboard overlay, lock-in buzzer SFX, board graphics on rear screens; contestant buttons mirror the app.",Rehearse cue timing; keep a cut-away button if the room turns.,"1) SETUP: premise line (SCREEN: premise visual). 2) ESCALATE: 2-3 beats, each a screen change (SCREEN: beat cards/clips) with a laugh break after each. 3) TURN: the surprise beat (SCREEN: switcboard flip). 4) BUTTON ENDING: punchline + button visual (SCREEN: button card) - hold 3s. 5) Hard out, next bit.",Scoreboard overlay; buzzer/lock-in SFX; board/category graphics; contestant app config.
,Mid,Bit,Sketch,G,No,ptsd post trauma dyslexia syndrome,"Developed bit: Ptsd post trauma dyslexia syndrome. Structure: screen sells the premise, escalation beat, button ending. Give it 1-2 minutes max and a hard out.","Build as a macro: 2-4 button presses in sequence (premise visual, escalation, button ending). Manual fallback for each step.",Rehearse cue timing; keep a cut-away button if the room turns.,"1) SETUP: premise line (SCREEN: premise visual). 2) ESCALATE: 2-3 beats, each a screen change (SCREEN: beat cards/clips) with a laugh break after each. 3) TURN: the surprise beat (SCREEN: switcboard flip). 4) BUTTON ENDING: punchline + button visual (SCREEN: button card) - hold 3s. 5) Hard out, next bit.",3-5 graphics/clips + SFX pack; macro wiring; manual fallback for each beat.
,Mid,Bit,Tech-Call,G,No,zoom meeting with the Brady Bunch,"Developed bit: Zoom meeting with the Brady Bunch. Structure: screen sells the premise, escalation beat, button ending. Give it 1-2 minutes max and a hard out.","Fake-call UI overlay (FaceTime/Zoom style): ringtone SFX, answer/decline buttons, pre-recorded caller clips cut as clean answers on their own buttons.","IP/likeness caution: parody hard, don't clone names/voices/logos verbatim; pre-cleared or self-made assets only.","1) SETUP: premise line (SCREEN: premise visual). 2) ESCALATE: 2-3 beats, each a screen change (SCREEN: beat cards/clips) with a laugh break after each. 3) TURN: the surprise beat (SCREEN: switcboard flip). 4) BUTTON ENDING: punchline + button visual (SCREEN: button card) - hold 3s. 5) Hard out, next bit.","Fake-call UI overlay (PSD); ringtone SFX; 3-5 pre-recorded caller clips (15-30s each, cut as clean answers); FaceTime-style UI soundbed."
,Mid,Bit,Politics,G,No,Do News from QNN,"Developed bit: Do News from QNN. Structure: screen sells the premise, escalation beat, button ending. Give it 1-2 minutes max and a hard out.","Breaking-news package: urgent sting, lower-thirds, ticker on rear screens; head anchors with suit graphic. Abort button restores normal face.",Rehearse cue timing; keep a cut-away button if the room turns.,"1) SETUP: premise line (SCREEN: premise visual). 2) ESCALATE: 2-3 beats, each a screen change (SCREEN: beat cards/clips) with a laugh break after each. 3) TURN: the surprise beat (SCREEN: switcboard flip). 4) BUTTON ENDING: punchline + button visual (SCREEN: button card) - hold 3s. 5) Hard out, next bit.",News sting SFX; lower-third template pack; ticker graphic; anchor-suit face card; ABORT card.
,Mid,Bit,Tech-Call,G,No,Do a zoom intervention,"Developed bit: Zoom intervention. Structure: screen sells the premise, escalation beat, button ending. Give it 1-2 minutes max and a hard out.","Fake-call UI overlay (FaceTime/Zoom style): ringtone SFX, answer/decline buttons, pre-recorded caller clips cut as clean answers on their own buttons.",Rehearse cue timing; keep a cut-away button if the room turns.,"1) SETUP: premise line (SCREEN: premise visual). 2) ESCALATE: 2-3 beats, each a screen change (SCREEN: beat cards/clips) with a laugh break after each. 3) TURN: the surprise beat (SCREEN: switcboard flip). 4) BUTTON ENDING: punchline + button visual (SCREEN: button card) - hold 3s. 5) Hard out, next bit.","Fake-call UI overlay (PSD); ringtone SFX; 3-5 pre-recorded caller clips (15-30s each, cut as clean answers); FaceTime-style UI soundbed."
,Mid,Bit,Tech-Call,G,No,Do a zoom teacher conference,"Full bit: Zoom teacher conference. Structure: screen sells the premise, escalation beat, button ending. Give it 1-2 minutes max and a hard out.","Fake-call UI overlay (FaceTime/Zoom style): ringtone SFX, answer/decline buttons, pre-recorded caller clips cut as clean answers on their own buttons.",Rehearse cue timing; keep a cut-away button if the room turns.,"1) SETUP: premise line (SCREEN: premise visual). 2) ESCALATE: 2-3 beats, each a screen change (SCREEN: beat cards/clips) with a laugh break after each. 3) TURN: the surprise beat (SCREEN: switcboard flip). 4) BUTTON ENDING: punchline + button visual (SCREEN: button card) - hold 3s. 5) Hard out, next bit.","Fake-call UI overlay (PSD); ringtone SFX; 3-5 pre-recorded caller clips (15-30s each, cut as clean answers); FaceTime-style UI soundbed."
,Mid,Bit,Sketch,G,No,"Do a video where it looks like i am livestreaming my trip to Walmart on youtube, maybe like a mercinary trip to get TP","Set piece: Video where it looks like i am livestreaming my trip to Walmart on youtube, maybe like a mercinary trip to get TP. Structure: screen sells the premise, escalation beat, button ending. Give it 1-2 minutes max and a hard out.","Build as a macro: 2-4 button presses in sequence (premise visual, escalation, button ending). Manual fallback for each step.",Rehearse cue timing; keep a cut-away button if the room turns.,"1) SETUP: premise line (SCREEN: premise visual). 2) ESCALATE: 2-3 beats, each a screen change (SCREEN: beat cards/clips) with a laugh break after each. 3) TURN: the surprise beat (SCREEN: switcboard flip). 4) BUTTON ENDING: punchline + button visual (SCREEN: button card) - hold 3s. 5) Hard out, next bit.",3-5 graphics/clips + SFX pack; macro wiring; manual fallback for each beat.
,Mid,Bit,Music,G,No,"Show me in a virtual world of happiness, do small things like chewing, or smoking, or tossing a crumpled paper, or looking at a dude in the audience that becomes a beautiful girl,. that are then epic in the virtual world","Full bit: Show me in a virtual world of happiness, do small things like chewing, or smoking, or tossing a crumpled paper, or looking at a dude in the audience that becomes a beautiful girl,. that are then epic in the virtual world. Structure: screen sells the premise, escalation beat, button ending. Give it 1-2 minutes max and a hard out.","Music cue stack: backing track + on-screen lyrics (bouncing ball where noted); lighting macro per song, out on the final sting.",Rehearse cue timing; keep a cut-away button if the room turns.,"1) SETUP: premise line (SCREEN: premise visual). 2) ESCALATE: 2-3 beats, each a screen change (SCREEN: beat cards/clips) with a laugh break after each. 3) TURN: the surprise beat (SCREEN: switcboard flip). 4) BUTTON ENDING: punchline + button visual (SCREEN: button card) - hold 3s. 5) Hard out, next bit.",Backing track (custom/licensed); lyric overlay template; bouncing-ball animation; song lighting macro; final sting SFX.
,Mid,Bit,Tech-Call,G,No,Do a radio podcast with callers,"Developed bit: Radio podcast with callers. Structure: screen sells the premise, escalation beat, button ending. Give it 1-2 minutes max and a hard out.","Build as a macro: 2-4 button presses in sequence (premise visual, escalation, button ending). Manual fallback for each step.",Rehearse cue timing; keep a cut-away button if the room turns.,"1) SETUP: premise line (SCREEN: premise visual). 2) ESCALATE: 2-3 beats, each a screen change (SCREEN: beat cards/clips) with a laugh break after each. 3) TURN: the surprise beat (SCREEN: switcboard flip). 4) BUTTON ENDING: punchline + button visual (SCREEN: button card) - hold 3s. 5) Hard out, next bit.",3-5 graphics/clips + SFX pack; macro wiring; manual fallback for each beat.
,Mid,Bit,Commercial,G,No,Post some stupid black bar badge or something to Instagram to virtue signal,"Developed bit: Post some stupid black bar badge or something to Instagram to virtue signal. Structure: screen sells the premise, escalation beat, button ending. Give it 1-2 minutes max and a hard out.","Face-filter stack: each filter on its own app button, cycle order rehearsed; camera-tracked filters need good front-light on the head.","IP/likeness caution: parody hard, don't clone names/voices/logos verbatim; pre-cleared or self-made assets only.","1) SETUP: premise line (SCREEN: premise visual). 2) ESCALATE: 2-3 beats, each a screen change (SCREEN: beat cards/clips) with a laugh break after each. 3) TURN: the surprise beat (SCREEN: switcboard flip). 4) BUTTON ENDING: punchline + button visual (SCREEN: button card) - hold 3s. 5) Hard out, next bit.",Face-filter pack (list per bit); head-tracking calibration; front-light note.
,Mid,Bit,Tech-Call,PG,No,Do a Dr Bill call in show. Like worlds worst advice. Repeat after me for commitment advice. I will commit ... suicide,"Set piece: Dr Bill call in show. Like worlds worst advice. Repeat after me for commitment advice. I will commit ... suicide. Structure: screen sells the premise, escalation beat, button ending. Give it 1-2 minutes max and a hard out.","Fake-call UI overlay (FaceTime/Zoom style): ringtone SFX, answer/decline buttons, pre-recorded caller clips cut as clean answers on their own buttons.","SELF-HARM ADJACENT: workshop the phrasing hard - the punchline must hit the absurdity of the wording, never play as real ideation; drop it if the room is fragile.","1) SETUP: premise line (SCREEN: premise visual). 2) ESCALATE: 2-3 beats, each a screen change (SCREEN: beat cards/clips) with a laugh break after each. 3) TURN: the surprise beat (SCREEN: switcboard flip). 4) BUTTON ENDING: punchline + button visual (SCREEN: button card) - hold 3s. 5) Hard out, next bit.",3-5 graphics/clips + SFX pack; macro wiring; manual fallback for each beat.
,Mid,Bit,Sketch,G,No,Use a Llama face filter,"Full bit: Use a Llama face filter. Structure: screen sells the premise, escalation beat, button ending. Give it 1-2 minutes max and a hard out.","Face-filter stack: each filter on its own app button, cycle order rehearsed; camera-tracked filters need good front-light on the head.",Rehearse cue timing; keep a cut-away button if the room turns.,"1) SETUP: premise line (SCREEN: premise visual). 2) ESCALATE: 2-3 beats, each a screen change (SCREEN: beat cards/clips) with a laugh break after each. 3) TURN: the surprise beat (SCREEN: switcboard flip). 4) BUTTON ENDING: punchline + button visual (SCREEN: button card) - hold 3s. 5) Hard out, next bit.",Face-filter pack (list per bit); head-tracking calibration; front-light note.
,Mid,Bit,Music,G,No,"Do a screen share(zoom meeting), accidentally start with a bad screen, show funny data graphs","Full bit: Screen share(zoom meeting), accidentally start with a bad screen, show funny data graphs. Structure: screen sells the premise, escalation beat, button ending. Give it 1-2 minutes max and a hard out.","Fake-call UI overlay (FaceTime/Zoom style): ringtone SFX, answer/decline buttons, pre-recorded caller clips cut as clean answers on their own buttons. + Music cue stack: backing track + on-screen lyrics (bouncing ball where noted); lighting macro per song, out on the final sting.",Rehearse cue timing; keep a cut-away button if the room turns.,"1) SETUP: premise line (SCREEN: premise visual). 2) ESCALATE: 2-3 beats, each a screen change (SCREEN: beat cards/clips) with a laugh break after each. 3) TURN: the surprise beat (SCREEN: switcboard flip). 4) BUTTON ENDING: punchline + button visual (SCREEN: button card) - hold 3s. 5) Hard out, next bit.","Fake-call UI overlay (PSD); ringtone SFX; 3-5 pre-recorded caller clips (15-30s each, cut as clean answers); FaceTime-style UI soundbed."
,Mid,Bit,Tech-Call,G,No,do a zoom meeting where the participants do bad things,"Full bit: Do a zoom meeting where the participants do bad things. Structure: screen sells the premise, escalation beat, button ending. Give it 1-2 minutes max and a hard out.","Fake-call UI overlay (FaceTime/Zoom style): ringtone SFX, answer/decline buttons, pre-recorded caller clips cut as clean answers on their own buttons.",Rehearse cue timing; keep a cut-away button if the room turns.,"1) SETUP: premise line (SCREEN: premise visual). 2) ESCALATE: 2-3 beats, each a screen change (SCREEN: beat cards/clips) with a laugh break after each. 3) TURN: the surprise beat (SCREEN: switcboard flip). 4) BUTTON ENDING: punchline + button visual (SCREEN: button card) - hold 3s. 5) Hard out, next bit.","Fake-call UI overlay (PSD); ringtone SFX; 3-5 pre-recorded caller clips (15-30s each, cut as clean answers); FaceTime-style UI soundbed."
,Mid,Bit,Sketch,G,No,Near death experience,"Full bit: Near death experience. Structure: screen sells the premise, escalation beat, button ending. Give it 1-2 minutes max and a hard out.","Build as a macro: 2-4 button presses in sequence (premise visual, escalation, button ending). Manual fallback for each step.",Rehearse cue timing; keep a cut-away button if the room turns.,"1) SETUP: premise line (SCREEN: premise visual). 2) ESCALATE: 2-3 beats, each a screen change (SCREEN: beat cards/clips) with a laugh break after each. 3) TURN: the surprise beat (SCREEN: switcboard flip). 4) BUTTON ENDING: punchline + button visual (SCREEN: button card) - hold 3s. 5) Hard out, next bit.",3-5 graphics/clips + SFX pack; macro wiring; manual fallback for each beat.
,Mid,Bit,Tech-Call,G,No,"Have celebrities call Ron Dickles, then viciously insult them and have them cry","Set piece: Have celebrities call Ron Dickles, then viciously insult them and have them cry. Structure: screen sells the premise, escalation beat, button ending. Give it 1-2 minutes max and a hard out.","Fake-call UI overlay (FaceTime/Zoom style): ringtone SFX, answer/decline buttons, pre-recorded caller clips cut as clean answers on their own buttons.",Rehearse cue timing; keep a cut-away button if the room turns.,"1) SETUP: premise line (SCREEN: premise visual). 2) ESCALATE: 2-3 beats, each a screen change (SCREEN: beat cards/clips) with a laugh break after each. 3) TURN: the surprise beat (SCREEN: switcboard flip). 4) BUTTON ENDING: punchline + button visual (SCREEN: button card) - hold 3s. 5) Hard out, next bit.",3-5 graphics/clips + SFX pack; macro wiring; manual fallback for each beat.
,Mid,Bit,Sketch,G,No,"Do mr agreeable, actors should only be cast to play the race of their characters.. I agree, cancel Hamilton","Developed bit: Do mr agreeable, actors should only be cast to play the race of their characters.. I agree, cancel Hamilton. Structure: screen sells the premise, escalation beat, button ending. Give it 1-2 minutes max and a hard out.","Game-show package: scoreboard overlay, lock-in buzzer SFX, board graphics on rear screens; contestant buttons mirror the app.","Race material: high walk-out risk; target the flawed logic, not people; test in friendly rooms before headlining venues. IP/likeness caution: parody hard, don't clone names/voices/logos verbatim; pre-cleared or self-made assets only.","1) SETUP: premise line (SCREEN: premise visual). 2) ESCALATE: 2-3 beats, each a screen change (SCREEN: beat cards/clips) with a laugh break after each. 3) TURN: the surprise beat (SCREEN: switcboard flip). 4) BUTTON ENDING: punchline + button visual (SCREEN: button card) - hold 3s. 5) Hard out, next bit.",3-5 graphics/clips + SFX pack; macro wiring; manual fallback for each beat.
,Mid,Bit,Sketch,G,No,"do standup comedy as a revolutionary founder, or english noble (king)","Developed bit: Do standup comedy as a revolutionary founder, or english noble (king). Structure: screen sells the premise, escalation beat, button ending. Give it 1-2 minutes max and a hard out.","Build as a macro: 2-4 button presses in sequence (premise visual, escalation, button ending). Manual fallback for each step.",Rehearse cue timing; keep a cut-away button if the room turns.,"1) SETUP: premise line (SCREEN: premise visual). 2) ESCALATE: 2-3 beats, each a screen change (SCREEN: beat cards/clips) with a laugh break after each. 3) TURN: the surprise beat (SCREEN: switcboard flip). 4) BUTTON ENDING: punchline + button visual (SCREEN: button card) - hold 3s. 5) Hard out, next bit.",3-5 graphics/clips + SFX pack; macro wiring; manual fallback for each beat.
,Mid,Bit,Politics,G,y,do a video sjw representation of Titania McGrath,"Developed bit: Do a video sjw representation of Titania McGrath. Structure: screen sells the premise, escalation beat, button ending. Give it 1-2 minutes max and a hard out.","Character-voice preset: distorted face + edited VO clips on buttons; keep it punchline-forward, never a lecture.",Rehearse cue timing; keep a cut-away button if the room turns.,"1) SETUP: premise line (SCREEN: premise visual). 2) ESCALATE: 2-3 beats, each a screen change (SCREEN: beat cards/clips) with a laugh break after each. 3) TURN: the surprise beat (SCREEN: switcboard flip). 4) BUTTON ENDING: punchline + button visual (SCREEN: button card) - hold 3s. 5) Hard out, next bit.",Character-voice preset (face distortion); edited VO clip buttons; punchline-first script.
,Easy,Heckler,Audience,G,No,"Hecklers duel, do the 5 duel commandments, then Here comes the Comeback!, then a Message from the Queen (48:30 10 duel commandments 20:00 a message from the king 25:00 Here comes the General), You say. the price of my shows not a price that you're willing to pay. I know, I've made this whole heckling thing into a Broadway show, so gay","Heckler response: Hecklers duel, do the 5 duel commandments, then Here comes the Comeback!, then a Message from the Queen (48:30 10 duel commandments 20:00 a message from the king 25:00 Here comes the General), You say. the price of my shows not a price that you're willing to pay. I know, I've made this whole heckling thing into a Broadway show, so gay. One button, one beat, back to material. The screen sells it; don't get dragged into a duel.","Burn preset: thug-life sticker/grade + 'ohhh' sting SFX on one button; fire once, then back to material.","Identity material: punch at the absurdity or the power, never at the people; expect walk-outs if it reads mean.","1) Heckler fires (SCREEN: neutral). 2) One-line acknowledgment. 3) BUTTON: preset fires (SCREEN: response visual + SFX) (LAUGH BREAK). 4) Auto/manual reset, immediately back to material - no duel.",Thug-life sticker pack; 'ohhh' sting SFX; auto-reset burn preset.
,Mid,Bit,Game,G,No,"Where's the Line? (Gameshow) It's time to play Where's the Line.. tell jokes that push the edge until the line is crossed (maybe jokes about protected classes get there really quick with barely any offense, idk, maybe do a 1950s editions, then a 2020 edition)","Developed bit: Where's the Line? (Gameshow) It's time to play Where's the Line.. tell jokes that push the edge until the line is crossed (maybe jokes about protected classes get there really quick with barely any offense, idk, maybe do a 1950s editions, then a 2020 edition). Structure: screen sells the premise, escalation beat, button ending. Give it 1-2 minutes max and a hard out.","Game-show package: scoreboard overlay, lock-in buzzer SFX, board graphics on rear screens; contestant buttons mirror the app.",Rehearse cue timing; keep a cut-away button if the room turns.,"1) SETUP: premise line (SCREEN: premise visual). 2) ESCALATE: 2-3 beats, each a screen change (SCREEN: beat cards/clips) with a laugh break after each. 3) TURN: the surprise beat (SCREEN: switcboard flip). 4) BUTTON ENDING: punchline + button visual (SCREEN: button card) - hold 3s. 5) Hard out, next bit.",3-5 graphics/clips + SFX pack; macro wiring; manual fallback for each beat.
,Mid,Bit,Politics,G,No,"fall asleep, fish tank screen saver, talk to the fish. maybe have them be famous people fish heads like the mayor of Chicago","Full bit: Fall asleep, fish tank screen saver, talk to the fish. maybe have them be famous people fish heads like the mayor of Chicago. Structure: screen sells the premise, escalation beat, button ending. Give it 1-2 minutes max and a hard out.","Build as a macro: 2-4 button presses in sequence (premise visual, escalation, button ending). Manual fallback for each step.",Rehearse cue timing; keep a cut-away button if the room turns.,"1) SETUP: premise line (SCREEN: premise visual). 2) ESCALATE: 2-3 beats, each a screen change (SCREEN: beat cards/clips) with a laugh break after each. 3) TURN: the surprise beat (SCREEN: switcboard flip). 4) BUTTON ENDING: punchline + button visual (SCREEN: button card) - hold 3s. 5) Hard out, next bit.",3-5 graphics/clips + SFX pack; macro wiring; manual fallback for each beat.
,Mid,Bit,Music,G,No,"Cringe, cringe, it's for you , be a guy that talks in memes , talk to person using 80s slang","Set piece: Cringe, cringe, it's for you , be a guy that talks in memes , talk to person using 80s slang. Structure: screen sells the premise, escalation beat, button ending. Give it 1-2 minutes max and a hard out.","Music cue stack: backing track + on-screen lyrics (bouncing ball where noted); lighting macro per song, out on the final sting.",Rehearse cue timing; keep a cut-away button if the room turns.,"1) SETUP: premise line (SCREEN: premise visual). 2) ESCALATE: 2-3 beats, each a screen change (SCREEN: beat cards/clips) with a laugh break after each. 3) TURN: the surprise beat (SCREEN: switcboard flip). 4) BUTTON ENDING: punchline + button visual (SCREEN: button card) - hold 3s. 5) Hard out, next bit.",Backing track (custom/licensed); lyric overlay template; bouncing-ball animation; song lighting macro; final sting SFX.
,Mid,Bit,Politics,G,y,"flip thru some filters to put on some politicians, then put a truth serum filter, (the reverse pinochio), or I put on the Rowdy Roddy Piper glasses and I can see them with their evil scary face filters","Set piece: Flip thru some filters to put on some politicians, then put a truth serum filter, (the reverse pinochio), or I put on the Rowdy Roddy Piper glasses and I can see them with their evil scary face filters. Structure: screen sells the premise, escalation beat, button ending. Give it 1-2 minutes max and a hard out.","Character-voice preset: distorted face + edited VO clips on buttons; keep it punchline-forward, never a lecture. + Face-filter stack: each filter on its own app button, cycle order rehearsed; camera-tracked filters need good front-light on the head.",Rehearse cue timing; keep a cut-away button if the room turns.,"1) SETUP: premise line (SCREEN: premise visual). 2) ESCALATE: 2-3 beats, each a screen change (SCREEN: beat cards/clips) with a laugh break after each. 3) TURN: the surprise beat (SCREEN: switcboard flip). 4) BUTTON ENDING: punchline + button visual (SCREEN: button card) - hold 3s. 5) Hard out, next bit.",Face-filter pack (list per bit); head-tracking calibration; front-light note. Character-voice preset (face distortion); edited VO clip buttons; punchline-first script.
,Mid,Bit,Audience,G,No,"for pics with audience have them face me, grab their face from my cam, place in head with me","Full bit: For pics with audience have them face me, grab their face from my cam, place in head with me. Structure: screen sells the premise, escalation beat, button ending. Give it 1-2 minutes max and a hard out.","Build as a macro: 2-4 button presses in sequence (premise visual, escalation, button ending). Manual fallback for each step.",Rehearse cue timing; keep a cut-away button if the room turns.,"1) SETUP: premise line (SCREEN: premise visual). 2) ESCALATE: 2-3 beats, each a screen change (SCREEN: beat cards/clips) with a laugh break after each. 3) TURN: the surprise beat (SCREEN: switcboard flip). 4) BUTTON ENDING: punchline + button visual (SCREEN: button card) - hold 3s. 5) Hard out, next bit.",3-5 graphics/clips + SFX pack; macro wiring; manual fallback for each beat.
,Mid,Bit,Tech-Call,G,No,Do something with some fake arms or a long pole or grabber and call it 3-D,"Developed bit: Do something with some fake arms or a long pole or grabber and call it 3-D. Structure: screen sells the premise, escalation beat, button ending. Give it 1-2 minutes max and a hard out.","Fake-call UI overlay (FaceTime/Zoom style): ringtone SFX, answer/decline buttons, pre-recorded caller clips cut as clean answers on their own buttons.",Rehearse cue timing; keep a cut-away button if the room turns.,"1) SETUP: premise line (SCREEN: premise visual). 2) ESCALATE: 2-3 beats, each a screen change (SCREEN: beat cards/clips) with a laugh break after each. 3) TURN: the surprise beat (SCREEN: switcboard flip). 4) BUTTON ENDING: punchline + button visual (SCREEN: button card) - hold 3s. 5) Hard out, next bit.",3-5 graphics/clips + SFX pack; macro wiring; manual fallback for each beat.
,Mid,Bit,Sketch,G,No,"Hey your wife is beautiful,(Tell bf to cover mouth with hands then open hands and say your so beautiful)(with cam on guy, have him vomit","Developed bit: Hey your wife is beautiful,(Tell bf to cover mouth with hands then open hands and say your so beautiful)(with cam on guy, have him vomit. Structure: screen sells the premise, escalation beat, button ending. Give it 1-2 minutes max and a hard out.","Build as a macro: 2-4 button presses in sequence (premise visual, escalation, button ending). Manual fallback for each step.",Rehearse cue timing; keep a cut-away button if the room turns.,"1) SETUP: premise line (SCREEN: premise visual). 2) ESCALATE: 2-3 beats, each a screen change (SCREEN: beat cards/clips) with a laugh break after each. 3) TURN: the surprise beat (SCREEN: switcboard flip). 4) BUTTON ENDING: punchline + button visual (SCREEN: button card) - hold 3s. 5) Hard out, next bit.",Goo/slime overlay animation; splat SFX; cleanup note for real props.
,Mid,Bit,Sketch,G,No,Do an open mic with diffenet comedians,"Developed bit: Open mic with diffenet comedians. Structure: screen sells the premise, escalation beat, button ending. Give it 1-2 minutes max and a hard out.","Build as a macro: 2-4 button presses in sequence (premise visual, escalation, button ending). Manual fallback for each step.",Rehearse cue timing; keep a cut-away button if the room turns.,"1) SETUP: premise line (SCREEN: premise visual). 2) ESCALATE: 2-3 beats, each a screen change (SCREEN: beat cards/clips) with a laugh break after each. 3) TURN: the surprise beat (SCREEN: switcboard flip). 4) BUTTON ENDING: punchline + button visual (SCREEN: button card) - hold 3s. 5) Hard out, next bit.",3-5 graphics/clips + SFX pack; macro wiring; manual fallback for each beat.
,Mid,Bit,Tech-Call,G,No,"Hey it's Joe the guy who stutters all the time even though he only knows one word. Wwwwddddddhjjjjssssssffffuck, then say we should just text.. then have a text from Joe later that says the same thing","Set piece: Hey it's Joe the guy who stutters all the time even though he only knows one word. Wwwwddddddhjjjjssssssffffuck, then say we should just text.. then have a text from Joe later that says the same thing. Structure: screen sells the premise, escalation beat, button ending. Give it 1-2 minutes max and a hard out.","Build as a macro: 2-4 button presses in sequence (premise visual, escalation, button ending). Manual fallback for each step.",Rehearse cue timing; keep a cut-away button if the room turns.,"1) SETUP: premise line (SCREEN: premise visual). 2) ESCALATE: 2-3 beats, each a screen change (SCREEN: beat cards/clips) with a laugh break after each. 3) TURN: the surprise beat (SCREEN: switcboard flip). 4) BUTTON ENDING: punchline + button visual (SCREEN: button card) - hold 3s. 5) Hard out, next bit.",3-5 graphics/clips + SFX pack; macro wiring; manual fallback for each beat.
,Mid,Bit,Sketch,G,No,In the last 24 hours my screen time was 24 hours,"Full bit: In the last 24 hours my screen time was 24 hours. Structure: screen sells the premise, escalation beat, button ending. Give it 1-2 minutes max and a hard out.","Build as a macro: 2-4 button presses in sequence (premise visual, escalation, button ending). Manual fallback for each step.",Rehearse cue timing; keep a cut-away button if the room turns.,"1) SETUP: premise line (SCREEN: premise visual). 2) ESCALATE: 2-3 beats, each a screen change (SCREEN: beat cards/clips) with a laugh break after each. 3) TURN: the surprise beat (SCREEN: switcboard flip). 4) BUTTON ENDING: punchline + button visual (SCREEN: button card) - hold 3s. 5) Hard out, next bit.",3-5 graphics/clips + SFX pack; macro wiring; manual fallback for each beat.
,Mid,Bit,Commercial,G,No,Do a show where the point is leaving the virtual head world for the real world. Then after 10 seconds it sucks so go back,"Full bit: Show where the point is leaving the virtual head world for the real world. Then after 10 seconds it sucks so go back. Structure: screen sells the premise, escalation beat, button ending. Give it 1-2 minutes max and a hard out.","Build as a macro: 2-4 button presses in sequence (premise visual, escalation, button ending). Manual fallback for each step.",Rehearse cue timing; keep a cut-away button if the room turns.,"1) SETUP: premise line (SCREEN: premise visual). 2) ESCALATE: 2-3 beats, each a screen change (SCREEN: beat cards/clips) with a laugh break after each. 3) TURN: the surprise beat (SCREEN: switcboard flip). 4) BUTTON ENDING: punchline + button visual (SCREEN: button card) - hold 3s. 5) Hard out, next bit.",3-5 graphics/clips + SFX pack; macro wiring; manual fallback for each beat.
,Mid,Bit,Sketch,G,No,be a guy who wakes up from a coma 5 years later,"Developed bit: Be a guy who wakes up from a coma 5 years later. Structure: screen sells the premise, escalation beat, button ending. Give it 1-2 minutes max and a hard out.","Build as a macro: 2-4 button presses in sequence (premise visual, escalation, button ending). Manual fallback for each step.",Rehearse cue timing; keep a cut-away button if the room turns.,"1) SETUP: premise line (SCREEN: premise visual). 2) ESCALATE: 2-3 beats, each a screen change (SCREEN: beat cards/clips) with a laugh break after each. 3) TURN: the surprise beat (SCREEN: switcboard flip). 4) BUTTON ENDING: punchline + button visual (SCREEN: button card) - hold 3s. 5) Hard out, next bit.",3-5 graphics/clips + SFX pack; macro wiring; manual fallback for each beat.
,Mid,Bit,Tech-Call,G,No,"Have a Karen call, say I'm at back door, is that a gay bar, you'd think. Where is it. In a small town in Missouri called Uranus. You're a homophobe. Then this happened.... 2020 is the worst ever. ....","Developed bit: Have a Karen call, say I'm at back door, is that a gay bar, you'd think. Where is it. In a small town in Missouri called Uranus. You're a homophobe. Then this happened.... 2020 is the worst ever. ..... Structure: screen sells the premise, escalation beat, button ending. Give it 1-2 minutes max and a hard out.","Fake-call UI overlay (FaceTime/Zoom style): ringtone SFX, answer/decline buttons, pre-recorded caller clips cut as clean answers on their own buttons.","Identity material: punch at the absurdity or the power, never at the people; expect walk-outs if it reads mean.","1) SETUP: premise line (SCREEN: premise visual). 2) ESCALATE: 2-3 beats, each a screen change (SCREEN: beat cards/clips) with a laugh break after each. 3) TURN: the surprise beat (SCREEN: switcboard flip). 4) BUTTON ENDING: punchline + button visual (SCREEN: button card) - hold 3s. 5) Hard out, next bit.",3-5 graphics/clips + SFX pack; macro wiring; manual fallback for each beat.
,Mid,Bit,Politics,G,y,Unknown medic. Unknown copper. Unknown politician.,"Set piece: Unknown medic. Unknown copper. Unknown politician.. Structure: screen sells the premise, escalation beat, button ending. Give it 1-2 minutes max and a hard out.","Character-voice preset: distorted face + edited VO clips on buttons; keep it punchline-forward, never a lecture.",Rehearse cue timing; keep a cut-away button if the room turns.,"1) SETUP: premise line (SCREEN: premise visual). 2) ESCALATE: 2-3 beats, each a screen change (SCREEN: beat cards/clips) with a laugh break after each. 3) TURN: the surprise beat (SCREEN: switcboard flip). 4) BUTTON ENDING: punchline + button visual (SCREEN: button card) - hold 3s. 5) Hard out, next bit.",Character-voice preset (face distortion); edited VO clip buttons; punchline-first script.
,Mid,Bit,Politics,R,y,"You want me to call you Xim xam and xer, then my pronouns are fick fack and fuck off","Developed bit: You want me to call you Xim xam and xer, then my pronouns are fick fack and fuck off. Structure: screen sells the premise, escalation beat, button ending. Give it 1-2 minutes max and a hard out.","Fake-call UI overlay (FaceTime/Zoom style): ringtone SFX, answer/decline buttons, pre-recorded caller clips cut as clean answers on their own buttons.","Identity material: punch at the absurdity or the power, never at the people; expect walk-outs if it reads mean.","1) SETUP: premise line (SCREEN: premise visual). 2) ESCALATE: 2-3 beats, each a screen change (SCREEN: beat cards/clips) with a laugh break after each. 3) TURN: the surprise beat (SCREEN: switcboard flip). 4) BUTTON ENDING: punchline + button visual (SCREEN: button card) - hold 3s. 5) Hard out, next bit.",3-5 graphics/clips + SFX pack; macro wiring; manual fallback for each beat.
,Mid,Bit,Politics,G,y,"Do a conference call between the flies on Hillary, Obama, Pence","Set piece: Conference call between the flies on Hillary, Obama, Pence. Structure: screen sells the premise, escalation beat, button ending. Give it 1-2 minutes max and a hard out.","Fake-call UI overlay (FaceTime/Zoom style): ringtone SFX, answer/decline buttons, pre-recorded caller clips cut as clean answers on their own buttons. + Character-voice preset: distorted face + edited VO clips on buttons; keep it punchline-forward, never a lecture.",Political likeness: punchlines must be bipartisan or self-deprecating; venues book the room they want back.,"1) SETUP: premise line (SCREEN: premise visual). 2) ESCALATE: 2-3 beats, each a screen change (SCREEN: beat cards/clips) with a laugh break after each. 3) TURN: the surprise beat (SCREEN: switcboard flip). 4) BUTTON ENDING: punchline + button visual (SCREEN: button card) - hold 3s. 5) Hard out, next bit.","Fake-call UI overlay (PSD); ringtone SFX; 3-5 pre-recorded caller clips (15-30s each, cut as clean answers); FaceTime-style UI soundbed. Character-voice preset (face distortion); edited VO clip buttons; punchline-first script."
,Mid,Bit,SciFi,G,No,"Have battery warnings, then die, then plug in, come back to life, in a haze meet jesus, talk about raised from the dead, only to find out it Satan who wants me to sit at the left hand of the stepfather","Developed bit: Have battery warnings, then die, then plug in, come back to life, in a haze meet jesus, talk about raised from the dead, only to find out it Satan who wants me to sit at the left hand of the stepfather. Structure: screen sells the premise, escalation beat, button ending. Give it 1-2 minutes max and a hard out.","Build as a macro: 2-4 button presses in sequence (premise visual, escalation, button ending). Manual fallback for each step.","Religious material: land the punchline on the situation, not the faith; expect some walk-outs either direction.","1) SETUP: premise line (SCREEN: premise visual). 2) ESCALATE: 2-3 beats, each a screen change (SCREEN: beat cards/clips) with a laugh break after each. 3) TURN: the surprise beat (SCREEN: switcboard flip). 4) BUTTON ENDING: punchline + button visual (SCREEN: button card) - hold 3s. 5) Hard out, next bit.",Church backdrop plate; choir/organ sting; smart-script review.
,Mid,Bit,Tech-Call,R,No,Keyboard warrior that call everyone thupid fuckers and send death threats,"Developed bit: Keyboard warrior that call everyone thupid fuckers and send death threats. Structure: screen sells the premise, escalation beat, button ending. Give it 1-2 minutes max and a hard out.","Fake-call UI overlay (FaceTime/Zoom style): ringtone SFX, answer/decline buttons, pre-recorded caller clips cut as clean answers on their own buttons.",Rehearse cue timing; keep a cut-away button if the room turns.,"1) SETUP: premise line (SCREEN: premise visual). 2) ESCALATE: 2-3 beats, each a screen change (SCREEN: beat cards/clips) with a laugh break after each. 3) TURN: the surprise beat (SCREEN: switcboard flip). 4) BUTTON ENDING: punchline + button visual (SCREEN: button card) - hold 3s. 5) Hard out, next bit.",3-5 graphics/clips + SFX pack; macro wiring; manual fallback for each beat.
,Mid,Bit,Sketch,G,No,"TikTok filter setup, other filter punch line","Developed bit: TikTok filter setup, other filter punch line. Structure: screen sells the premise, escalation beat, button ending. Give it 1-2 minutes max and a hard out.","Face-filter stack: each filter on its own app button, cycle order rehearsed; camera-tracked filters need good front-light on the head.","IP/likeness caution: parody hard, don't clone names/voices/logos verbatim; pre-cleared or self-made assets only.","1) SETUP: premise line (SCREEN: premise visual). 2) ESCALATE: 2-3 beats, each a screen change (SCREEN: beat cards/clips) with a laugh break after each. 3) TURN: the surprise beat (SCREEN: switcboard flip). 4) BUTTON ENDING: punchline + button visual (SCREEN: button card) - hold 3s. 5) Hard out, next bit.",Face-filter pack (list per bit); head-tracking calibration; front-light note.
,Mid,Bit,Sketch,G,No,TikTok bunny hop with fragile stuff bouncing,"Full bit: TikTok bunny hop with fragile stuff bouncing. Structure: screen sells the premise, escalation beat, button ending. Give it 1-2 minutes max and a hard out.","Face-filter stack: each filter on its own app button, cycle order rehearsed; camera-tracked filters need good front-light on the head.","IP/likeness caution: parody hard, don't clone names/voices/logos verbatim; pre-cleared or self-made assets only.","1) SETUP: premise line (SCREEN: premise visual). 2) ESCALATE: 2-3 beats, each a screen change (SCREEN: beat cards/clips) with a laugh break after each. 3) TURN: the surprise beat (SCREEN: switcboard flip). 4) BUTTON ENDING: punchline + button visual (SCREEN: button card) - hold 3s. 5) Hard out, next bit.",Face-filter pack (list per bit); head-tracking calibration; front-light note.
,Mid,Bit,Music,G,No,"Followup to Facetime to God, try to call again, this time while singing praise/worship. Grt the message, navigate the menu, leave a message(maybe press 4 to rerecord), maybe get disconnected... here is a sample of praise music (https://www.youtube.com/watch?v=i4GW-fhBKe4)","Full bit: Followup to Facetime to God, try to call again, this time while singing praise/worship. Grt the message, navigate the menu, leave a message(maybe press 4 to rerecord), maybe get disconnected... here is a sample of praise music (https://www.youtube.com/watch?v=i4GW-fhBKe4). Structure: screen sells the premise, escalation beat, button ending. Give it 1-2 minutes max and a hard out.","Fake-call UI overlay (FaceTime/Zoom style): ringtone SFX, answer/decline buttons, pre-recorded caller clips cut as clean answers on their own buttons. + Music cue stack: backing track + on-screen lyrics (bouncing ball where noted); lighting macro per song, out on the final sting.","Religious material: land the punchline on the situation, not the faith; expect some walk-outs either direction.","1) SETUP: premise line (SCREEN: premise visual). 2) ESCALATE: 2-3 beats, each a screen change (SCREEN: beat cards/clips) with a laugh break after each. 3) TURN: the surprise beat (SCREEN: switcboard flip). 4) BUTTON ENDING: punchline + button visual (SCREEN: button card) - hold 3s. 5) Hard out, next bit.","Fake-call UI overlay (PSD); ringtone SFX; 3-5 pre-recorded caller clips (15-30s each, cut as clean answers); FaceTime-style UI soundbed. Backing track (custom/licensed); lyric overlay template; bouncing-ball animation; song lighting macro; final sting SFX. Church backdrop plate; choir/organ sting; smart-script review."
,Mid,Bit,Sketch,G,No,Send out stupid all caps tweets with handclaps in between. Thats (HC) The (HC) Tweet! (HC),"Developed bit: Send out stupid all caps tweets with handclaps in between. Thats (HC) The (HC) Tweet! (HC). Structure: screen sells the premise, escalation beat, button ending. Give it 1-2 minutes max and a hard out.","Build as a macro: 2-4 button presses in sequence (premise visual, escalation, button ending). Manual fallback for each step.",Rehearse cue timing; keep a cut-away button if the room turns.,"1) SETUP: premise line (SCREEN: premise visual). 2) ESCALATE: 2-3 beats, each a screen change (SCREEN: beat cards/clips) with a laugh break after each. 3) TURN: the surprise beat (SCREEN: switcboard flip). 4) BUTTON ENDING: punchline + button visual (SCREEN: button card) - hold 3s. 5) Hard out, next bit.",3-5 graphics/clips + SFX pack; macro wiring; manual fallback for each beat.
,Hard,Bit,Game,G,No,Do some word scrambles with some game show music behind them,"Set piece: Word scrambles with some game show music behind them. Structure: screen sells the premise, escalation beat, button ending. Give it 1-2 minutes max and a hard out.","Game-show package: scoreboard overlay, lock-in buzzer SFX, board graphics on rear screens; contestant buttons mirror the app.",Rehearse cue timing; keep a cut-away button if the room turns.,"1) SETUP: premise line (SCREEN: premise visual). 2) ESCALATE: 2-3 beats, each a screen change (SCREEN: beat cards/clips) with a laugh break after each. 3) TURN: the surprise beat (SCREEN: switcboard flip). 4) BUTTON ENDING: punchline + button visual (SCREEN: button card) - hold 3s. 5) Hard out, next bit.",Scoreboard overlay; buzzer/lock-in SFX; board/category graphics; contestant app config.
,Mid,Bit,Music,G,y,"Worlds greatest impersonator (Elvis, Trump, Jesus(sing My God is Awesome))","Set piece: Worlds greatest impersonator (Elvis, Trump, Jesus(sing My God is Awesome)). Structure: screen sells the premise, escalation beat, button ending. Give it 1-2 minutes max and a hard out.","Music cue stack: backing track + on-screen lyrics (bouncing ball where noted); lighting macro per song, out on the final sting. + Character-voice preset: distorted face + edited VO clips on buttons; keep it punchline-forward, never a lecture.","Religious material: land the punchline on the situation, not the faith; expect some walk-outs either direction. Political likeness: punchlines must be bipartisan or self-deprecating; venues book the room they want back.","1) SETUP: premise line (SCREEN: premise visual). 2) ESCALATE: 2-3 beats, each a screen change (SCREEN: beat cards/clips) with a laugh break after each. 3) TURN: the surprise beat (SCREEN: switcboard flip). 4) BUTTON ENDING: punchline + button visual (SCREEN: button card) - hold 3s. 5) Hard out, next bit.",Backing track (custom/licensed); lyric overlay template; bouncing-ball animation; song lighting macro; final sting SFX. Character-voice preset (face distortion); edited VO clip buttons; punchline-first script. Church backdrop plate; choir/organ sting; smart-script review.
,Mid,Bit,Tech-Call,G,No,Fans should be called Headheads,"Developed bit: Fans should be called Headheads. Structure: screen sells the premise, escalation beat, button ending. Give it 1-2 minutes max and a hard out.","Build as a macro: 2-4 button presses in sequence (premise visual, escalation, button ending). Manual fallback for each step.",Rehearse cue timing; keep a cut-away button if the room turns.,"1) SETUP: premise line (SCREEN: premise visual). 2) ESCALATE: 2-3 beats, each a screen change (SCREEN: beat cards/clips) with a laugh break after each. 3) TURN: the surprise beat (SCREEN: switcboard flip). 4) BUTTON ENDING: punchline + button visual (SCREEN: button card) - hold 3s. 5) Hard out, next bit.",3-5 graphics/clips + SFX pack; macro wiring; manual fallback for each beat.
,Mid,Bit,Sketch,G,No,"draw a picture on the screen, then flip it over to reveal another image, like the upside down picture artist do (worlds greatest artist)","Set piece: Draw a picture on the screen, then flip it over to reveal another image, like the upside down picture artist do (worlds greatest artist). Structure: screen sells the premise, escalation beat, button ending. Give it 1-2 minutes max and a hard out.","Build as a macro: 2-4 button presses in sequence (premise visual, escalation, button ending). Manual fallback for each step.",Rehearse cue timing; keep a cut-away button if the room turns.,"1) SETUP: premise line (SCREEN: premise visual). 2) ESCALATE: 2-3 beats, each a screen change (SCREEN: beat cards/clips) with a laugh break after each. 3) TURN: the surprise beat (SCREEN: switcboard flip). 4) BUTTON ENDING: punchline + button visual (SCREEN: button card) - hold 3s. 5) Hard out, next bit.",3-5 graphics/clips + SFX pack; macro wiring; manual fallback for each beat.
,Mid,Bit,Tech-Call,G,No,"After FaceTime to God, prank call him","Developed bit: After FaceTime to God, prank call him. Structure: screen sells the premise, escalation beat, button ending. Give it 1-2 minutes max and a hard out.","Fake-call UI overlay (FaceTime/Zoom style): ringtone SFX, answer/decline buttons, pre-recorded caller clips cut as clean answers on their own buttons.","Religious material: land the punchline on the situation, not the faith; expect some walk-outs either direction.","1) SETUP: premise line (SCREEN: premise visual). 2) ESCALATE: 2-3 beats, each a screen change (SCREEN: beat cards/clips) with a laugh break after each. 3) TURN: the surprise beat (SCREEN: switcboard flip). 4) BUTTON ENDING: punchline + button visual (SCREEN: button card) - hold 3s. 5) Hard out, next bit.","Fake-call UI overlay (PSD); ringtone SFX; 3-5 pre-recorded caller clips (15-30s each, cut as clean answers); FaceTime-style UI soundbed. Church backdrop plate; choir/organ sting; smart-script review."
,Mid,Bit,Sketch,G,No,"Make a todo list, Do things on the todo list, remove finished items from the todo list. Done","Full bit: Make a todo list, Do things on the todo list, remove finished items from the todo list. Done. Structure: screen sells the premise, escalation beat, button ending. Give it 1-2 minutes max and a hard out.","Build as a macro: 2-4 button presses in sequence (premise visual, escalation, button ending). Manual fallback for each step.",Rehearse cue timing; keep a cut-away button if the room turns.,"1) SETUP: premise line (SCREEN: premise visual). 2) ESCALATE: 2-3 beats, each a screen change (SCREEN: beat cards/clips) with a laugh break after each. 3) TURN: the surprise beat (SCREEN: switcboard flip). 4) BUTTON ENDING: punchline + button visual (SCREEN: button card) - hold 3s. 5) Hard out, next bit.",3-5 graphics/clips + SFX pack; macro wiring; manual fallback for each beat.
,Mid,Bit,Tech-Call,PG,No,"Have an enemies list, and add people to it, or tel Siri to add them, or set tell siri to set a rminder to kill them in their sleep. Siri responds with alarm set for 3am","Set piece: Have an enemies list, and add people to it, or tel Siri to add them, or set tell siri to set a rminder to kill them in their sleep. Siri responds with alarm set for 3am. Structure: screen sells the premise, escalation beat, button ending. Give it 1-2 minutes max and a hard out.","Voice-assistant gag: trigger phrase fires pre-recorded deadpan answer clip + listening-dots UI on the face; wrong-answer timing is rehearsed, not ad-libbed.",Rehearse cue timing; keep a cut-away button if the room turns.,"1) SETUP: premise line (SCREEN: premise visual). 2) ESCALATE: 2-3 beats, each a screen change (SCREEN: beat cards/clips) with a laugh break after each. 3) TURN: the surprise beat (SCREEN: switcboard flip). 4) BUTTON ENDING: punchline + button visual (SCREEN: button card) - hold 3s. 5) Hard out, next bit.",Pre-recorded deadpan assistant answer clips; listening-dots UI animation; trigger-phrase SFX.
,Mid,Bit,Game,G,No,Play wheel of fortune where the answer is happy birthday with FF  Play hide and seek where my head hides behind the curtain. Then when the curtains open show the background camera. Then have my head on another monitor elsewhere Have monitors on the side with suit hanging under them so that I can use them as additional head cases or other bits  Do a infrared scan of someone in the audience maybe because they are an alien. So the scan on the screen In,"Set piece: Play wheel of fortune where the answer is happy birthday with FF Play hide and seek where my head hides behind the curtain. Then when the curtains open show the background camera. Then have my head on another monitor elsewhere Have monitors on the side with suit hanging under them so that I can use them as additional head cases or other bits Do a infrared scan of someone in the audience maybe because they are an alien. So the scan on the screen In. Structure: screen sells the premise, escalation beat, button ending. Give it 1-2 minutes max and a hard out.","Game-show package: scoreboard overlay, lock-in buzzer SFX, board graphics on rear screens; contestant buttons mirror the app.",Rehearse cue timing; keep a cut-away button if the room turns.,"1) SETUP: premise line (SCREEN: premise visual). 2) ESCALATE: 2-3 beats, each a screen change (SCREEN: beat cards/clips) with a laugh break after each. 3) TURN: the surprise beat (SCREEN: switcboard flip). 4) BUTTON ENDING: punchline + button visual (SCREEN: button card) - hold 3s. 5) Hard out, next bit.",Scoreboard overlay; buzzer/lock-in SFX; board/category graphics; contestant app config. Space/cockpit background plates; abduction beam clip; sci-fi SFX pack. Holiday graphic pack; themed music cue; balloon/party SFX.
,Mid,Bit,Music,G,No,"Rico suave with bad pickup lines. Are you a zit because I would like to pop that puss y. Use big words like an explainer video. Join me at the buffet. Tonight’s special all you can eat crabs.  Is your name Neptune? Uranus joke JerryLewis, Dice Take the blue pill or the purple pill  Is someone slams HC, do a Mega Mini Roast using a voice like ‘Sunday, Sunday, Sunday’. Or Mortal combat to return roast and level up! If a joke gets small laugh, play a sports clip like ‘go crazy folks ‘. To get everyone to cheer","Set piece: Rico suave with bad pickup lines. Are you a zit because I would like to pop that puss y. Use big words like an explainer video. Join me at the buffet. Tonight’s special all you can eat crabs. Is your name Neptune? Uranus joke JerryLewis, Dice Take the blue pill or the purple pill Is someone slams HC, do a Mega Mini Roast using a voice like ‘Sunday, Sunday, Sunday’. Or Mortal combat to return roast and level up! If a joke gets small laugh, play a sports clip like ‘go crazy folks ‘. To get everyone to cheer. Structure: screen sells the premise, escalation beat, button ending. Give it 1-2 minutes max and a hard out.","Game-show package: scoreboard overlay, lock-in buzzer SFX, board graphics on rear screens; contestant buttons mirror the app. + Music cue stack: backing track + on-screen lyrics (bouncing ball where noted); lighting macro per song, out on the final sting.",Rehearse cue timing; keep a cut-away button if the room turns.,"1) SETUP: premise line (SCREEN: premise visual). 2) ESCALATE: 2-3 beats, each a screen change (SCREEN: beat cards/clips) with a laugh break after each. 3) TURN: the surprise beat (SCREEN: switcboard flip). 4) BUTTON ENDING: punchline + button visual (SCREEN: button card) - hold 3s. 5) Hard out, next bit.",Backing track (custom/licensed); lyric overlay template; bouncing-ball animation; song lighting macro; final sting SFX.
,Mid,Bit,Sketch,G,No,Cheech & Chong characters with smoke and dry ice coming out the top of the monitor,"Developed bit: Cheech & Chong characters with smoke and dry ice coming out the top of the monitor. Structure: screen sells the premise, escalation beat, button ending. Give it 1-2 minutes max and a hard out.","Build as a macro: 2-4 button presses in sequence (premise visual, escalation, button ending). Manual fallback for each step.",Rehearse cue timing; keep a cut-away button if the room turns.,"1) SETUP: premise line (SCREEN: premise visual). 2) ESCALATE: 2-3 beats, each a screen change (SCREEN: beat cards/clips) with a laugh break after each. 3) TURN: the surprise beat (SCREEN: switcboard flip). 4) BUTTON ENDING: punchline + button visual (SCREEN: button card) - hold 3s. 5) Hard out, next bit.",3-5 graphics/clips + SFX pack; macro wiring; manual fallback for each beat.
,Mid,Bit,Music,G,No,Play would you rather complete with full screen graphic when given a choice by a character during a discussion,"Developed bit: Play would you rather complete with full screen graphic when given a choice by a character during a discussion. Structure: screen sells the premise, escalation beat, button ending. Give it 1-2 minutes max and a hard out.","Game-show package: scoreboard overlay, lock-in buzzer SFX, board graphics on rear screens; contestant buttons mirror the app. + Music cue stack: backing track + on-screen lyrics (bouncing ball where noted); lighting macro per song, out on the final sting.","IP/likeness caution: parody hard, don't clone names/voices/logos verbatim; pre-cleared or self-made assets only.","1) SETUP: premise line (SCREEN: premise visual). 2) ESCALATE: 2-3 beats, each a screen change (SCREEN: beat cards/clips) with a laugh break after each. 3) TURN: the surprise beat (SCREEN: switcboard flip). 4) BUTTON ENDING: punchline + button visual (SCREEN: button card) - hold 3s. 5) Hard out, next bit.",3-5 graphics/clips + SFX pack; macro wiring; manual fallback for each beat.
,Mid,Bit,Audience,G,No,With an audience member had inside do photo booth shots,"Developed bit: With an audience member had inside do photo booth shots. Structure: screen sells the premise, escalation beat, button ending. Give it 1-2 minutes max and a hard out.","Audience-cam pass-through to head/rear screens; rehearse crop/freeze on a stand-in, keep latency under ~200ms.",Rehearse cue timing; keep a cut-away button if the room turns.,"1) SETUP: premise line (SCREEN: premise visual). 2) ESCALATE: 2-3 beats, each a screen change (SCREEN: beat cards/clips) with a laugh break after each. 3) TURN: the surprise beat (SCREEN: switcboard flip). 4) BUTTON ENDING: punchline + button visual (SCREEN: button card) - hold 3s. 5) Hard out, next bit.",Audience-cam feed config; crop/freeze preset; optional grade LUT (grayscale/heart frame).
,Mid,Bit,Sketch,G,No,"Go into a mugshot back ground, have a police voice interview, tell turn for profile pic and cough","Set piece: Go into a mugshot back ground, have a police voice interview, tell turn for profile pic and cough. Structure: screen sells the premise, escalation beat, button ending. Give it 1-2 minutes max and a hard out.","Mugshot/booking preset: height-chart backdrop, grayscale grade, PERP lower-third with room for a custom name.",Rehearse cue timing; keep a cut-away button if the room turns.,"1) SETUP: premise line (SCREEN: premise visual). 2) ESCALATE: 2-3 beats, each a screen change (SCREEN: beat cards/clips) with a laugh break after each. 3) TURN: the surprise beat (SCREEN: switcboard flip). 4) BUTTON ENDING: punchline + button visual (SCREEN: button card) - hold 3s. 5) Hard out, next bit.",Height-chart backdrop; grayscale LUT; custom-name lower-third; camera-click SFX.
,Mid,Bit,Commercial,G,No,"Butter dog, dog with butter. On his head","Developed bit: Butter dog, dog with butter. On his head. Structure: screen sells the premise, escalation beat, button ending. Give it 1-2 minutes max and a hard out.","Build as a macro: 2-4 button presses in sequence (premise visual, escalation, button ending). Manual fallback for each step.",Rehearse cue timing; keep a cut-away button if the room turns.,"1) SETUP: premise line (SCREEN: premise visual). 2) ESCALATE: 2-3 beats, each a screen change (SCREEN: beat cards/clips) with a laugh break after each. 3) TURN: the surprise beat (SCREEN: switcboard flip). 4) BUTTON ENDING: punchline + button visual (SCREEN: button card) - hold 3s. 5) Hard out, next bit.",3-5 graphics/clips + SFX pack; macro wiring; manual fallback for each beat.
,Mid,Bit,Commercial,G,No,"Have an acme guy set my head on fire, etc","Developed bit: Have an acme guy set my head on fire, etc. Structure: screen sells the premise, escalation beat, button ending. Give it 1-2 minutes max and a hard out.","Build as a macro: 2-4 button presses in sequence (premise visual, escalation, button ending). Manual fallback for each step.",Rehearse cue timing; keep a cut-away button if the room turns.,"1) SETUP: premise line (SCREEN: premise visual). 2) ESCALATE: 2-3 beats, each a screen change (SCREEN: beat cards/clips) with a laugh break after each. 3) TURN: the surprise beat (SCREEN: switcboard flip). 4) BUTTON ENDING: punchline + button visual (SCREEN: button card) - hold 3s. 5) Hard out, next bit.",3-5 graphics/clips + SFX pack; macro wiring; manual fallback for each beat.
,Mid,Bit,Sketch,G,No,Do til tic memes where words pop up on the screen,"Set piece: Do til tic memes where words pop up on the screen. Structure: screen sells the premise, escalation beat, button ending. Give it 1-2 minutes max and a hard out.","Build as a macro: 2-4 button presses in sequence (premise visual, escalation, button ending). Manual fallback for each step.",Rehearse cue timing; keep a cut-away button if the room turns.,"1) SETUP: premise line (SCREEN: premise visual). 2) ESCALATE: 2-3 beats, each a screen change (SCREEN: beat cards/clips) with a laugh break after each. 3) TURN: the surprise beat (SCREEN: switcboard flip). 4) BUTTON ENDING: punchline + button visual (SCREEN: button card) - hold 3s. 5) Hard out, next bit.",3-5 graphics/clips + SFX pack; macro wiring; manual fallback for each beat.
,Mid,Bit,Audience,G,No,"Do the funny sports play by play, showing a couple from the audience on the screen","Developed bit: Do the funny sports play by play, showing a couple from the audience on the screen. Structure: screen sells the premise, escalation beat, button ending. Give it 1-2 minutes max and a hard out.","Game-show package: scoreboard overlay, lock-in buzzer SFX, board graphics on rear screens; contestant buttons mirror the app.",Rehearse cue timing; keep a cut-away button if the room turns.,"1) SETUP: premise line (SCREEN: premise visual). 2) ESCALATE: 2-3 beats, each a screen change (SCREEN: beat cards/clips) with a laugh break after each. 3) TURN: the surprise beat (SCREEN: switcboard flip). 4) BUTTON ENDING: punchline + button visual (SCREEN: button card) - hold 3s. 5) Hard out, next bit.",3-5 graphics/clips + SFX pack; macro wiring; manual fallback for each beat.
,Mid,Bit,Game,G,No,"Have Twitter surveys pop up and ask questions like is a hotdog a sandwich, catch up on steak yes or now, is chili a soup, which way does the toilet paper roll go","Developed bit: Have Twitter surveys pop up and ask questions like is a hotdog a sandwich, catch up on steak yes or now, is chili a soup, which way does the toilet paper roll go. Structure: screen sells the premise, escalation beat, button ending. Give it 1-2 minutes max and a hard out.","Game-show package: scoreboard overlay, lock-in buzzer SFX, board graphics on rear screens; contestant buttons mirror the app.","IP/likeness caution: parody hard, don't clone names/voices/logos verbatim; pre-cleared or self-made assets only.","1) SETUP: premise line (SCREEN: premise visual). 2) ESCALATE: 2-3 beats, each a screen change (SCREEN: beat cards/clips) with a laugh break after each. 3) TURN: the surprise beat (SCREEN: switcboard flip). 4) BUTTON ENDING: punchline + button visual (SCREEN: button card) - hold 3s. 5) Hard out, next bit.",Scoreboard overlay; buzzer/lock-in SFX; board/category graphics; contestant app config.
,Mid,Bit,Sketch,G,No,Do a beer goggles where after drinking girl is fuzzy then hot,"Full bit: Beer goggles where after drinking girl is fuzzy then hot. Structure: screen sells the premise, escalation beat, button ending. Give it 1-2 minutes max and a hard out.","Build as a macro: 2-4 button presses in sequence (premise visual, escalation, button ending). Manual fallback for each step.",Rehearse cue timing; keep a cut-away button if the room turns.,"1) SETUP: premise line (SCREEN: premise visual). 2) ESCALATE: 2-3 beats, each a screen change (SCREEN: beat cards/clips) with a laugh break after each. 3) TURN: the surprise beat (SCREEN: switcboard flip). 4) BUTTON ENDING: punchline + button visual (SCREEN: button card) - hold 3s. 5) Hard out, next bit.",3-5 graphics/clips + SFX pack; macro wiring; manual fallback for each beat.
,Mid,Bit,Music,G,No,Like masked singer/masked dancer now it's time for masked comic.  Have a taco head tell a joke take it off to reveal who said it,"Full bit: Like masked singer/masked dancer now it's time for masked comic. Have a taco head tell a joke take it off to reveal who said it. Structure: screen sells the premise, escalation beat, button ending. Give it 1-2 minutes max and a hard out.","Music cue stack: backing track + on-screen lyrics (bouncing ball where noted); lighting macro per song, out on the final sting.",Rehearse cue timing; keep a cut-away button if the room turns.,"1) SETUP: premise line (SCREEN: premise visual). 2) ESCALATE: 2-3 beats, each a screen change (SCREEN: beat cards/clips) with a laugh break after each. 3) TURN: the surprise beat (SCREEN: switcboard flip). 4) BUTTON ENDING: punchline + button visual (SCREEN: button card) - hold 3s. 5) Hard out, next bit.",Backing track (custom/licensed); lyric overlay template; bouncing-ball animation; song lighting macro; final sting SFX.
,Mid,Bit,SciFi,G,No,Do a skit like Airplane,"Developed bit: Skit like Airplane. Structure: screen sells the premise, escalation beat, button ending. Give it 1-2 minutes max and a hard out.","Build as a macro: 2-4 button presses in sequence (premise visual, escalation, button ending). Manual fallback for each step.",Rehearse cue timing; keep a cut-away button if the room turns.,"1) SETUP: premise line (SCREEN: premise visual). 2) ESCALATE: 2-3 beats, each a screen change (SCREEN: beat cards/clips) with a laugh break after each. 3) TURN: the surprise beat (SCREEN: switcboard flip). 4) BUTTON ENDING: punchline + button visual (SCREEN: button card) - hold 3s. 5) Hard out, next bit.",3-5 graphics/clips + SFX pack; macro wiring; manual fallback for each beat.
,Mid,Bit,Game,G,No,"Do a wheel of fortune where 2 audience members come up to guess puzzle, change from i would like to F*** Steve to I would like to talk to Steve","Full bit: Wheel of fortune where 2 audience members come up to guess puzzle, change from i would like to F*** Steve to I would like to talk to Steve. Structure: screen sells the premise, escalation beat, button ending. Give it 1-2 minutes max and a hard out.","Audience-cam pass-through to head/rear screens; rehearse crop/freeze on a stand-in, keep latency under ~200ms. + Game-show package: scoreboard overlay, lock-in buzzer SFX, board graphics on rear screens; contestant buttons mirror the app.",Rehearse cue timing; keep a cut-away button if the room turns.,"1) SETUP: premise line (SCREEN: premise visual). 2) ESCALATE: 2-3 beats, each a screen change (SCREEN: beat cards/clips) with a laugh break after each. 3) TURN: the surprise beat (SCREEN: switcboard flip). 4) BUTTON ENDING: punchline + button visual (SCREEN: button card) - hold 3s. 5) Hard out, next bit.",Scoreboard overlay; buzzer/lock-in SFX; board/category graphics; contestant app config.
,Mid,Bit,SciFi,G,No,"Have Libby and Truman be college kids, HC is the teacher. Libby answers 'racism' or something to every question and get it right, where Truman gives real answers and fails","Set piece: Have Libby and Truman be college kids, HC is the teacher. Libby answers 'racism' or something to every question and get it right, where Truman gives real answers and fails. Structure: screen sells the premise, escalation beat, button ending. Give it 1-2 minutes max and a hard out.","Build as a macro: 2-4 button presses in sequence (premise visual, escalation, button ending). Manual fallback for each step.","Race material: high walk-out risk; target the flawed logic, not people; test in friendly rooms before headlining venues.","1) SETUP: premise line (SCREEN: premise visual). 2) ESCALATE: 2-3 beats, each a screen change (SCREEN: beat cards/clips) with a laugh break after each. 3) TURN: the surprise beat (SCREEN: switcboard flip). 4) BUTTON ENDING: punchline + button visual (SCREEN: button card) - hold 3s. 5) Hard out, next bit.",3-5 graphics/clips + SFX pack; macro wiring; manual fallback for each beat.
,Mid,Bit,Sketch,G,No,"check out the new settings, see change o dark mode, then do mf jokes","Full bit: Check out the new settings, see change o dark mode, then do mf jokes. Structure: screen sells the premise, escalation beat, button ending. Give it 1-2 minutes max and a hard out.","Build as a macro: 2-4 button presses in sequence (premise visual, escalation, button ending). Manual fallback for each step.",Rehearse cue timing; keep a cut-away button if the room turns.,"1) SETUP: premise line (SCREEN: premise visual). 2) ESCALATE: 2-3 beats, each a screen change (SCREEN: beat cards/clips) with a laugh break after each. 3) TURN: the surprise beat (SCREEN: switcboard flip). 4) BUTTON ENDING: punchline + button visual (SCREEN: button card) - hold 3s. 5) Hard out, next bit.",3-5 graphics/clips + SFX pack; macro wiring; manual fallback for each beat.
,Mid,Bit,SciFi,G,y,Create a flag for mental illness. Light pink panties (safe space gender brain matter color). With a brown stripe to represent the ridiculous shit you believe.,"Set piece: Create a flag for mental illness. Light pink panties (safe space gender brain matter color). With a brown stripe to represent the ridiculous shit you believe.. Structure: screen sells the premise, escalation beat, button ending. Give it 1-2 minutes max and a hard out.","Build as a macro: 2-4 button presses in sequence (premise visual, escalation, button ending). Manual fallback for each step.","Identity material: punch at the absurdity or the power, never at the people; expect walk-outs if it reads mean.","1) SETUP: premise line (SCREEN: premise visual). 2) ESCALATE: 2-3 beats, each a screen change (SCREEN: beat cards/clips) with a laugh break after each. 3) TURN: the surprise beat (SCREEN: switcboard flip). 4) BUTTON ENDING: punchline + button visual (SCREEN: button card) - hold 3s. 5) Hard out, next bit.",Space/cockpit background plates; abduction beam clip; sci-fi SFX pack.
,Mid,Bit,Sketch,G,No,Do memes in a 16th century old style,"Set piece: Do memes in a 16th century old style. Structure: screen sells the premise, escalation beat, button ending. Give it 1-2 minutes max and a hard out.","Build as a macro: 2-4 button presses in sequence (premise visual, escalation, button ending). Manual fallback for each step.",Rehearse cue timing; keep a cut-away button if the room turns.,"1) SETUP: premise line (SCREEN: premise visual). 2) ESCALATE: 2-3 beats, each a screen change (SCREEN: beat cards/clips) with a laugh break after each. 3) TURN: the surprise beat (SCREEN: switcboard flip). 4) BUTTON ENDING: punchline + button visual (SCREEN: button card) - hold 3s. 5) Hard out, next bit.",3-5 graphics/clips + SFX pack; macro wiring; manual fallback for each beat.
,Mid,Bit,Sketch,PG,No,Uh oh boner alert from the Andy Sam berg video,"Set piece: Uh oh boner alert from the Andy Sam berg video. Structure: screen sells the premise, escalation beat, button ending. Give it 1-2 minutes max and a hard out.","Breaking-news package: urgent sting, lower-thirds, ticker on rear screens; head anchors with suit graphic. Abort button restores normal face.",Rehearse cue timing; keep a cut-away button if the room turns.,"1) SETUP: premise line (SCREEN: premise visual). 2) ESCALATE: 2-3 beats, each a screen change (SCREEN: beat cards/clips) with a laugh break after each. 3) TURN: the surprise beat (SCREEN: switcboard flip). 4) BUTTON ENDING: punchline + button visual (SCREEN: button card) - hold 3s. 5) Hard out, next bit.",3-5 graphics/clips + SFX pack; macro wiring; manual fallback for each beat.
,Mid,Bit,Audience,G,No,Tell an outlandish story about someone in the audience,"Set piece: Tell an outlandish story about someone in the audience. Structure: screen sells the premise, escalation beat, button ending. Give it 1-2 minutes max and a hard out.","Build as a macro: 2-4 button presses in sequence (premise visual, escalation, button ending). Manual fallback for each step.",Rehearse cue timing; keep a cut-away button if the room turns.,"1) SETUP: premise line (SCREEN: premise visual). 2) ESCALATE: 2-3 beats, each a screen change (SCREEN: beat cards/clips) with a laugh break after each. 3) TURN: the surprise beat (SCREEN: switcboard flip). 4) BUTTON ENDING: punchline + button visual (SCREEN: button card) - hold 3s. 5) Hard out, next bit.",3-5 graphics/clips + SFX pack; macro wiring; manual fallback for each beat.
,Mid,Bit,Sketch,G,No,See: enter: pound pound pound Old joke alert,"Developed bit: See: enter: pound pound pound Old joke alert. Structure: screen sells the premise, escalation beat, button ending. Give it 1-2 minutes max and a hard out.","Breaking-news package: urgent sting, lower-thirds, ticker on rear screens; head anchors with suit graphic. Abort button restores normal face.",Rehearse cue timing; keep a cut-away button if the room turns.,"1) SETUP: premise line (SCREEN: premise visual). 2) ESCALATE: 2-3 beats, each a screen change (SCREEN: beat cards/clips) with a laugh break after each. 3) TURN: the surprise beat (SCREEN: switcboard flip). 4) BUTTON ENDING: punchline + button visual (SCREEN: button card) - hold 3s. 5) Hard out, next bit.",3-5 graphics/clips + SFX pack; macro wiring; manual fallback for each beat.
,Mid,Bit,Music,G,No,"Have a flashing neon dance club, with loud music, talk to girls but thinking you say something else...","Full bit: Have a flashing neon dance club, with loud music, talk to girls but thinking you say something else.... Structure: screen sells the premise, escalation beat, button ending. Give it 1-2 minutes max and a hard out.","Build as a macro: 2-4 button presses in sequence (premise visual, escalation, button ending). Manual fallback for each step.",Rehearse cue timing; keep a cut-away button if the room turns.,"1) SETUP: premise line (SCREEN: premise visual). 2) ESCALATE: 2-3 beats, each a screen change (SCREEN: beat cards/clips) with a laugh break after each. 3) TURN: the surprise beat (SCREEN: switcboard flip). 4) BUTTON ENDING: punchline + button visual (SCREEN: button card) - hold 3s. 5) Hard out, next bit.",3-5 graphics/clips + SFX pack; macro wiring; manual fallback for each beat.
,Mid,Bit,Sketch,G,No,"Do PotatoTop, make a joke about the baked potato at Wendy's","Full bit: Do PotatoTop, make a joke about the baked potato at Wendy's. Structure: screen sells the premise, escalation beat, button ending. Give it 1-2 minutes max and a hard out.","Build as a macro: 2-4 button presses in sequence (premise visual, escalation, button ending). Manual fallback for each step.",Rehearse cue timing; keep a cut-away button if the room turns.,"1) SETUP: premise line (SCREEN: premise visual). 2) ESCALATE: 2-3 beats, each a screen change (SCREEN: beat cards/clips) with a laugh break after each. 3) TURN: the surprise beat (SCREEN: switcboard flip). 4) BUTTON ENDING: punchline + button visual (SCREEN: button card) - hold 3s. 5) Hard out, next bit.",3-5 graphics/clips + SFX pack; macro wiring; manual fallback for each beat.
,Mid,Bit,Politics,G,y,"Do woke joke comedy hour, with bad jokes","Set piece: Do woke joke comedy hour, with bad jokes. Structure: screen sells the premise, escalation beat, button ending. Give it 1-2 minutes max and a hard out.","Character-voice preset: distorted face + edited VO clips on buttons; keep it punchline-forward, never a lecture.",Rehearse cue timing; keep a cut-away button if the room turns.,"1) SETUP: premise line (SCREEN: premise visual). 2) ESCALATE: 2-3 beats, each a screen change (SCREEN: beat cards/clips) with a laugh break after each. 3) TURN: the surprise beat (SCREEN: switcboard flip). 4) BUTTON ENDING: punchline + button visual (SCREEN: button card) - hold 3s. 5) Hard out, next bit.",Character-voice preset (face distortion); edited VO clip buttons; punchline-first script.
,Mid,Bit,Politics,G,y,Do woke news,"Full bit: Do woke news. Structure: screen sells the premise, escalation beat, button ending. Give it 1-2 minutes max and a hard out.","Breaking-news package: urgent sting, lower-thirds, ticker on rear screens; head anchors with suit graphic. Abort button restores normal face. + Character-voice preset: distorted face + edited VO clips on buttons; keep it punchline-forward, never a lecture.",Rehearse cue timing; keep a cut-away button if the room turns.,"1) SETUP: premise line (SCREEN: premise visual). 2) ESCALATE: 2-3 beats, each a screen change (SCREEN: beat cards/clips) with a laugh break after each. 3) TURN: the surprise beat (SCREEN: switcboard flip). 4) BUTTON ENDING: punchline + button visual (SCREEN: button card) - hold 3s. 5) Hard out, next bit.",News sting SFX; lower-third template pack; ticker graphic; anchor-suit face card; ABORT card. Character-voice preset (face distortion); edited VO clip buttons; punchline-first script.
,Mid,Bit,Music,G,No,"Have a Facebook memory pop up, something embarrassing, or something nice followed by something scray/evil","Set piece: Have a Facebook memory pop up, something embarrassing, or something nice followed by something scray/evil. Structure: screen sells the premise, escalation beat, button ending. Give it 1-2 minutes max and a hard out.","Music cue stack: backing track + on-screen lyrics (bouncing ball where noted); lighting macro per song, out on the final sting.","IP/likeness caution: parody hard, don't clone names/voices/logos verbatim; pre-cleared or self-made assets only.","1) SETUP: premise line (SCREEN: premise visual). 2) ESCALATE: 2-3 beats, each a screen change (SCREEN: beat cards/clips) with a laugh break after each. 3) TURN: the surprise beat (SCREEN: switcboard flip). 4) BUTTON ENDING: punchline + button visual (SCREEN: button card) - hold 3s. 5) Hard out, next bit.",Backing track (custom/licensed); lyric overlay template; bouncing-ball animation; song lighting macro; final sting SFX.
,Mid,Bit,Sketch,G,No,"do an omegle popup conversation, maybe recorderd or live","Set piece: Do an omegle popup conversation, maybe recorderd or live. Structure: screen sells the premise, escalation beat, button ending. Give it 1-2 minutes max and a hard out.","Build as a macro: 2-4 button presses in sequence (premise visual, escalation, button ending). Manual fallback for each step.",Rehearse cue timing; keep a cut-away button if the room turns.,"1) SETUP: premise line (SCREEN: premise visual). 2) ESCALATE: 2-3 beats, each a screen change (SCREEN: beat cards/clips) with a laugh break after each. 3) TURN: the surprise beat (SCREEN: switcboard flip). 4) BUTTON ENDING: punchline + button visual (SCREEN: button card) - hold 3s. 5) Hard out, next bit.",3-5 graphics/clips + SFX pack; macro wiring; manual fallback for each beat.
,Mid,Bit,Commercial,PG,No,do a stupid psa or put up a stupid slogan like 'don't kill kids' and virtue signal,"Developed bit: Do a stupid psa or put up a stupid slogan like 'don't kill kids' and virtue signal. Structure: screen sells the premise, escalation beat, button ending. Give it 1-2 minutes max and a hard out.","Build as a macro: 2-4 button presses in sequence (premise visual, escalation, button ending). Manual fallback for each step.",Rehearse cue timing; keep a cut-away button if the room turns.,"1) SETUP: premise line (SCREEN: premise visual). 2) ESCALATE: 2-3 beats, each a screen change (SCREEN: beat cards/clips) with a laugh break after each. 3) TURN: the surprise beat (SCREEN: switcboard flip). 4) BUTTON ENDING: punchline + button visual (SCREEN: button card) - hold 3s. 5) Hard out, next bit.",3-5 graphics/clips + SFX pack; macro wiring; manual fallback for each beat.
,Mid,Bit,Tech-Call,G,No,Say something innocuous and then have Zuckerberg or Alexa or Siri pop n because they were listening,"Developed bit: Say something innocuous and then have Zuckerberg or Alexa or Siri pop n because they were listening. Structure: screen sells the premise, escalation beat, button ending. Give it 1-2 minutes max and a hard out.","Voice-assistant gag: trigger phrase fires pre-recorded deadpan answer clip + listening-dots UI on the face; wrong-answer timing is rehearsed, not ad-libbed.",Rehearse cue timing; keep a cut-away button if the room turns.,"1) SETUP: premise line (SCREEN: premise visual). 2) ESCALATE: 2-3 beats, each a screen change (SCREEN: beat cards/clips) with a laugh break after each. 3) TURN: the surprise beat (SCREEN: switcboard flip). 4) BUTTON ENDING: punchline + button visual (SCREEN: button card) - hold 3s. 5) Hard out, next bit.",Pre-recorded deadpan assistant answer clips; listening-dots UI animation; trigger-phrase SFX.
,Mid,Bit,Sketch,G,No,red light green light when someone goes to the bathroom,"Developed bit: Red light green light when someone goes to the bathroom. Structure: screen sells the premise, escalation beat, button ending. Give it 1-2 minutes max and a hard out.","Build as a macro: 2-4 button presses in sequence (premise visual, escalation, button ending). Manual fallback for each step.",Rehearse cue timing; keep a cut-away button if the room turns.,"1) SETUP: premise line (SCREEN: premise visual). 2) ESCALATE: 2-3 beats, each a screen change (SCREEN: beat cards/clips) with a laugh break after each. 3) TURN: the surprise beat (SCREEN: switcboard flip). 4) BUTTON ENDING: punchline + button visual (SCREEN: button card) - hold 3s. 5) Hard out, next bit.",3-5 graphics/clips + SFX pack; macro wiring; manual fallback for each beat.
,Mid,Bit,SciFi,G,No,"my dog Fred is so cool I wish he was a person, but if he was a person he'd probably complain about all the hugging and kisses, but then i'd be like get off my lap","Full bit: My dog Fred is so cool I wish he was a person, but if he was a person he'd probably complain about all the hugging and kisses, but then i'd be like get off my lap. Structure: screen sells the premise, escalation beat, button ending. Give it 1-2 minutes max and a hard out.","Build as a macro: 2-4 button presses in sequence (premise visual, escalation, button ending). Manual fallback for each step.",Rehearse cue timing; keep a cut-away button if the room turns.,"1) SETUP: premise line (SCREEN: premise visual). 2) ESCALATE: 2-3 beats, each a screen change (SCREEN: beat cards/clips) with a laugh break after each. 3) TURN: the surprise beat (SCREEN: switcboard flip). 4) BUTTON ENDING: punchline + button visual (SCREEN: button card) - hold 3s. 5) Hard out, next bit.",3-5 graphics/clips + SFX pack; macro wiring; manual fallback for each beat.
,Mid,Bit,Sketch,G,No,"... with a dog face mask, be a dog telling jokes, or a night of dogs hosted by triumph(tribute) the insult dog, have dog the booyy hunter, a cat, a dinosaur","Developed bit: ... with a dog face mask, be a dog telling jokes, or a night of dogs hosted by triumph(tribute) the insult dog, have dog the booyy hunter, a cat, a dinosaur. Structure: screen sells the premise, escalation beat, button ending. Give it 1-2 minutes max and a hard out.","Build as a macro: 2-4 button presses in sequence (premise visual, escalation, button ending). Manual fallback for each step.",Rehearse cue timing; keep a cut-away button if the room turns.,"1) SETUP: premise line (SCREEN: premise visual). 2) ESCALATE: 2-3 beats, each a screen change (SCREEN: beat cards/clips) with a laugh break after each. 3) TURN: the surprise beat (SCREEN: switcboard flip). 4) BUTTON ENDING: punchline + button visual (SCREEN: button card) - hold 3s. 5) Hard out, next bit.",Face-filter pack (list per bit); head-tracking calibration; front-light note.
,Mid,Bit,Audience,G,No,Give an audience member a pie button to put pies in my face as I practice my clown birthday routine,"Developed bit: Give an audience member a pie button to put pies in my face as I practice my clown birthday routine. Structure: screen sells the premise, escalation beat, button ending. Give it 1-2 minutes max and a hard out.","Audience-cam pass-through to head/rear screens; rehearse crop/freeze on a stand-in, keep latency under ~200ms.",Rehearse cue timing; keep a cut-away button if the room turns.,"1) SETUP: premise line (SCREEN: premise visual). 2) ESCALATE: 2-3 beats, each a screen change (SCREEN: beat cards/clips) with a laugh break after each. 3) TURN: the surprise beat (SCREEN: switcboard flip). 4) BUTTON ENDING: punchline + button visual (SCREEN: button card) - hold 3s. 5) Hard out, next bit.",Holiday graphic pack; themed music cue; balloon/party SFX.
,Mid,Bit,Commercial,G,No,"Do Headcase Translate like garret morris on SNL, where i say what the actual bs means","Developed bit: Do Headcase Translate like garret morris on SNL, where i say what the actual bs means. Structure: screen sells the premise, escalation beat, button ending. Give it 1-2 minutes max and a hard out.","Build as a macro: 2-4 button presses in sequence (premise visual, escalation, button ending). Manual fallback for each step.","Identity material: punch at the absurdity or the power, never at the people; expect walk-outs if it reads mean.","1) SETUP: premise line (SCREEN: premise visual). 2) ESCALATE: 2-3 beats, each a screen change (SCREEN: beat cards/clips) with a laugh break after each. 3) TURN: the surprise beat (SCREEN: switcboard flip). 4) BUTTON ENDING: punchline + button visual (SCREEN: button card) - hold 3s. 5) Hard out, next bit.",3-5 graphics/clips + SFX pack; macro wiring; manual fallback for each beat.
,Easy,Device,SciFi,G,No,"Talk to virtual presence device , rolling robot with iPad face on top, pic taken in photos","Tooling, not a bit on its own: Talk to virtual presence device , rolling robot with iPad face on top, pic taken in photos. Build it into the control panel once and it quietly powers other rows; test in an empty room before relying on it live.",Add to the control panel; test latency and failure modes in an empty room. Keep a manual fallback.,"Failure modes: test in an empty room, keep a manual fallback.","BUILD, not stage time. 1) Spec the feature. 2) Implement + unit-test in empty room. 3) Latency + failure-mode drill (SCREEN: n/a). 4) Document the button mapping. No laugh breaks - it powers other bits.",Control-panel config; latency/failure test checklist; manual fallback.
,Mid,Bit,Music,G,No,Do a song as Rage For The Machine,"Developed bit: Song as Rage For The Machine. Structure: screen sells the premise, escalation beat, button ending. Give it 1-2 minutes max and a hard out.","Music cue stack: backing track + on-screen lyrics (bouncing ball where noted); lighting macro per song, out on the final sting.",Rehearse cue timing; keep a cut-away button if the room turns.,"1) SETUP: premise line (SCREEN: premise visual). 2) ESCALATE: 2-3 beats, each a screen change (SCREEN: beat cards/clips) with a laugh break after each. 3) TURN: the surprise beat (SCREEN: switcboard flip). 4) BUTTON ENDING: punchline + button visual (SCREEN: button card) - hold 3s. 5) Hard out, next bit.",Backing track (custom/licensed); lyric overlay template; bouncing-ball animation; song lighting macro; final sting SFX.
,Mid,Bit,Game,G,No,"Be a baseball player in a game, first in the field, then at bat, then run the bases","Full bit: Be a baseball player in a game, first in the field, then at bat, then run the bases. Structure: screen sells the premise, escalation beat, button ending. Give it 1-2 minutes max and a hard out.","Game-show package: scoreboard overlay, lock-in buzzer SFX, board graphics on rear screens; contestant buttons mirror the app.",Rehearse cue timing; keep a cut-away button if the room turns.,"1) SETUP: premise line (SCREEN: premise visual). 2) ESCALATE: 2-3 beats, each a screen change (SCREEN: beat cards/clips) with a laugh break after each. 3) TURN: the surprise beat (SCREEN: switcboard flip). 4) BUTTON ENDING: punchline + button visual (SCREEN: button card) - hold 3s. 5) Hard out, next bit.",3-5 graphics/clips + SFX pack; macro wiring; manual fallback for each beat.
,Mid,Bit,Audience,G,No,"start off off of the blue with 'I was running!.. then stop along the way and meet people, maybe include live webcams of audience members as the strangers along the way","Set piece: Start off off of the blue with 'I was running!.. then stop along the way and meet people, maybe include live webcams of audience members as the strangers along the way. Structure: screen sells the premise, escalation beat, button ending. Give it 1-2 minutes max and a hard out.","Audience-cam pass-through to head/rear screens; rehearse crop/freeze on a stand-in, keep latency under ~200ms.",Rehearse cue timing; keep a cut-away button if the room turns.,"1) SETUP: premise line (SCREEN: premise visual). 2) ESCALATE: 2-3 beats, each a screen change (SCREEN: beat cards/clips) with a laugh break after each. 3) TURN: the surprise beat (SCREEN: switcboard flip). 4) BUTTON ENDING: punchline + button visual (SCREEN: button card) - hold 3s. 5) Hard out, next bit.",Audience-cam feed config; crop/freeze preset; optional grade LUT (grayscale/heart frame).
,Mid,Bit,Commercial,G,No,Do a where's Waldo with the whole room. Then have had case excuse me excuse me back to the actual video in the front,"Set piece: Where's Waldo with the whole room. Then have had case excuse me excuse me back to the actual video in the front. Structure: screen sells the premise, escalation beat, button ending. Give it 1-2 minutes max and a hard out.","Build as a macro: 2-4 button presses in sequence (premise visual, escalation, button ending). Manual fallback for each step.",Rehearse cue timing; keep a cut-away button if the room turns.,"1) SETUP: premise line (SCREEN: premise visual). 2) ESCALATE: 2-3 beats, each a screen change (SCREEN: beat cards/clips) with a laugh break after each. 3) TURN: the surprise beat (SCREEN: switcboard flip). 4) BUTTON ENDING: punchline + button visual (SCREEN: button card) - hold 3s. 5) Hard out, next bit.",3-5 graphics/clips + SFX pack; macro wiring; manual fallback for each beat.
,Mid,Bit,Sketch,G,No,Have the whole room smoky when smoking a bong. And have some Doritos way across the room. And then maybe go into some sort of lucid dream,"Set piece: Have the whole room smoky when smoking a bong. And have some Doritos way across the room. And then maybe go into some sort of lucid dream. Structure: screen sells the premise, escalation beat, button ending. Give it 1-2 minutes max and a hard out.","Build as a macro: 2-4 button presses in sequence (premise visual, escalation, button ending). Manual fallback for each step.",Rehearse cue timing; keep a cut-away button if the room turns.,"1) SETUP: premise line (SCREEN: premise visual). 2) ESCALATE: 2-3 beats, each a screen change (SCREEN: beat cards/clips) with a laugh break after each. 3) TURN: the surprise beat (SCREEN: switcboard flip). 4) BUTTON ENDING: punchline + button visual (SCREEN: button card) - hold 3s. 5) Hard out, next bit.",3-5 graphics/clips + SFX pack; macro wiring; manual fallback for each beat.
,Mid,Bit,Commercial,G,No,"Instead of Uncle Sam, do aunt Karen","Developed bit: Instead of Uncle Sam, do aunt Karen. Structure: screen sells the premise, escalation beat, button ending. Give it 1-2 minutes max and a hard out.","Build as a macro: 2-4 button presses in sequence (premise visual, escalation, button ending). Manual fallback for each step.",Rehearse cue timing; keep a cut-away button if the room turns.,"1) SETUP: premise line (SCREEN: premise visual). 2) ESCALATE: 2-3 beats, each a screen change (SCREEN: beat cards/clips) with a laugh break after each. 3) TURN: the surprise beat (SCREEN: switcboard flip). 4) BUTTON ENDING: punchline + button visual (SCREEN: button card) - hold 3s. 5) Hard out, next bit.",3-5 graphics/clips + SFX pack; macro wiring; manual fallback for each beat.
,Mid,Bit,Music,G,No,"Do a freestyle improv wrap, but have the screen bring up rhymes","Set piece: Freestyle improv wrap, but have the screen bring up rhymes. Structure: screen sells the premise, escalation beat, button ending. Give it 1-2 minutes max and a hard out.","Music cue stack: backing track + on-screen lyrics (bouncing ball where noted); lighting macro per song, out on the final sting.","IP/likeness caution: parody hard, don't clone names/voices/logos verbatim; pre-cleared or self-made assets only.","1) SETUP: premise line (SCREEN: premise visual). 2) ESCALATE: 2-3 beats, each a screen change (SCREEN: beat cards/clips) with a laugh break after each. 3) TURN: the surprise beat (SCREEN: switcboard flip). 4) BUTTON ENDING: punchline + button visual (SCREEN: button card) - hold 3s. 5) Hard out, next bit.",Backing track (custom/licensed); lyric overlay template; bouncing-ball animation; song lighting macro; final sting SFX.
,Mid,Bit,Politics,G,y,"Be a politician that redefines words then makes speeches, like Agee or support.","Set piece: Be a politician that redefines words then makes speeches, like Agee or support.. Structure: screen sells the premise, escalation beat, button ending. Give it 1-2 minutes max and a hard out.","Character-voice preset: distorted face + edited VO clips on buttons; keep it punchline-forward, never a lecture.",Rehearse cue timing; keep a cut-away button if the room turns.,"1) SETUP: premise line (SCREEN: premise visual). 2) ESCALATE: 2-3 beats, each a screen change (SCREEN: beat cards/clips) with a laugh break after each. 3) TURN: the surprise beat (SCREEN: switcboard flip). 4) BUTTON ENDING: punchline + button visual (SCREEN: button card) - hold 3s. 5) Hard out, next bit.",Character-voice preset (face distortion); edited VO clip buttons; punchline-first script.
,Mid,Bit,SciFi,G,No,"Sam kinnison I'm on the roller coaster doesn't matter if eyes open, arms up, scream. Can't fix I'm not roller coaster maintenance guy. It's the beast not the kiddee. Can we get on the scrambler? Arrghhhhhhh!","Set piece: Sam kinnison I'm on the roller coaster doesn't matter if eyes open, arms up, scream. Can't fix I'm not roller coaster maintenance guy. It's the beast not the kiddee. Can we get on the scrambler? Arrghhhhhhh!. Structure: screen sells the premise, escalation beat, button ending. Give it 1-2 minutes max and a hard out.","Build as a macro: 2-4 button presses in sequence (premise visual, escalation, button ending). Manual fallback for each step.",Rehearse cue timing; keep a cut-away button if the room turns.,"1) SETUP: premise line (SCREEN: premise visual). 2) ESCALATE: 2-3 beats, each a screen change (SCREEN: beat cards/clips) with a laugh break after each. 3) TURN: the surprise beat (SCREEN: switcboard flip). 4) BUTTON ENDING: punchline + button visual (SCREEN: button card) - hold 3s. 5) Hard out, next bit.",3-5 graphics/clips + SFX pack; macro wiring; manual fallback for each beat.
,Mid,Bit,Sketch,G,No,Play laugh track/applause when joke bombs,"Full bit: Play laugh track/applause when joke bombs. Structure: screen sells the premise, escalation beat, button ending. Give it 1-2 minutes max and a hard out.","Game-show package: scoreboard overlay, lock-in buzzer SFX, board graphics on rear screens; contestant buttons mirror the app.",Rehearse cue timing; keep a cut-away button if the room turns.,"1) SETUP: premise line (SCREEN: premise visual). 2) ESCALATE: 2-3 beats, each a screen change (SCREEN: beat cards/clips) with a laugh break after each. 3) TURN: the surprise beat (SCREEN: switcboard flip). 4) BUTTON ENDING: punchline + button visual (SCREEN: button card) - hold 3s. 5) Hard out, next bit.",Flash-frame clip; concussive SFX; screens white-flash macro (no real pyro).
,Easy,Heckler,Music,G,No,"Play fake heckler and accuse some one, and play embarrassing heckles","Heckler response: Play fake heckler and accuse some one, and play embarrassing heckles. One button, one beat, back to material. The screen sells it; don't get dragged into a duel.","Game-show package: scoreboard overlay, lock-in buzzer SFX, board graphics on rear screens; contestant buttons mirror the app. + Music cue stack: backing track + on-screen lyrics (bouncing ball where noted); lighting macro per song, out on the final sting. + Burn preset: thug-life sticker/grade + 'ohhh' sting SFX on one button; fire once, then back to material.","Target selection matters: friendly repeat offenders only, never protected-class material.","1) Heckler fires (SCREEN: neutral). 2) One-line acknowledgment. 3) BUTTON: preset fires (SCREEN: response visual + SFX) (LAUGH BREAK). 4) Auto/manual reset, immediately back to material - no duel.",Backing track (custom/licensed); lyric overlay template; bouncing-ball animation; song lighting macro; final sting SFX. Thug-life sticker pack; 'ohhh' sting SFX; auto-reset burn preset.
,Mid,Bit,Sketch,G,No,be Veccna from Stranger Things in the Upside Down,"Developed bit: Be Veccna from Stranger Things in the Upside Down. Structure: screen sells the premise, escalation beat, button ending. Give it 1-2 minutes max and a hard out.","Build as a macro: 2-4 button presses in sequence (premise visual, escalation, button ending). Manual fallback for each step.",Rehearse cue timing; keep a cut-away button if the room turns.,"1) SETUP: premise line (SCREEN: premise visual). 2) ESCALATE: 2-3 beats, each a screen change (SCREEN: beat cards/clips) with a laugh break after each. 3) TURN: the surprise beat (SCREEN: switcboard flip). 4) BUTTON ENDING: punchline + button visual (SCREEN: button card) - hold 3s. 5) Hard out, next bit.",3-5 graphics/clips + SFX pack; macro wiring; manual fallback for each beat.
,Mid,Bit,Commercial,G,No,be in the walking dead,"Full bit: Be in the walking dead. Structure: screen sells the premise, escalation beat, button ending. Give it 1-2 minutes max and a hard out.","Build as a macro: 2-4 button presses in sequence (premise visual, escalation, button ending). Manual fallback for each step.",Rehearse cue timing; keep a cut-away button if the room turns.,"1) SETUP: premise line (SCREEN: premise visual). 2) ESCALATE: 2-3 beats, each a screen change (SCREEN: beat cards/clips) with a laugh break after each. 3) TURN: the surprise beat (SCREEN: switcboard flip). 4) BUTTON ENDING: punchline + button visual (SCREEN: button card) - hold 3s. 5) Hard out, next bit.",3-5 graphics/clips + SFX pack; macro wiring; manual fallback for each beat.
,Mid,Bit,Music,G,No,Do a Wierd Al paraody of Wierd Al Singing 'We are the Weird',"Full bit: Wierd Al paraody of Wierd Al Singing 'We are the Weird'. Structure: screen sells the premise, escalation beat, button ending. Give it 1-2 minutes max and a hard out.","Music cue stack: backing track + on-screen lyrics (bouncing ball where noted); lighting macro per song, out on the final sting.",Rehearse cue timing; keep a cut-away button if the room turns.,"1) SETUP: premise line (SCREEN: premise visual). 2) ESCALATE: 2-3 beats, each a screen change (SCREEN: beat cards/clips) with a laugh break after each. 3) TURN: the surprise beat (SCREEN: switcboard flip). 4) BUTTON ENDING: punchline + button visual (SCREEN: button card) - hold 3s. 5) Hard out, next bit.",Backing track (custom/licensed); lyric overlay template; bouncing-ball animation; song lighting macro; final sting SFX.
,Mid,Bit,Music,G,y,Do a swipe left democrat/swipe right Republican Bo Burnham style song,"Developed bit: Swipe left democrat/swipe right Republican Bo Burnham style song. Structure: screen sells the premise, escalation beat, button ending. Give it 1-2 minutes max and a hard out.","Music cue stack: backing track + on-screen lyrics (bouncing ball where noted); lighting macro per song, out on the final sting. + Burn preset: thug-life sticker/grade + 'ohhh' sting SFX on one button; fire once, then back to material.",Rehearse cue timing; keep a cut-away button if the room turns.,"1) SETUP: premise line (SCREEN: premise visual). 2) ESCALATE: 2-3 beats, each a screen change (SCREEN: beat cards/clips) with a laugh break after each. 3) TURN: the surprise beat (SCREEN: switcboard flip). 4) BUTTON ENDING: punchline + button visual (SCREEN: button card) - hold 3s. 5) Hard out, next bit.",Backing track (custom/licensed); lyric overlay template; bouncing-ball animation; song lighting macro; final sting SFX. Thug-life sticker pack; 'ohhh' sting SFX; auto-reset burn preset.
,Mid,Bit,Sketch,G,No,"Fake Ted talk, with background, for comeback or do a bit","Full bit: Fake Ted talk, with background, for comeback or do a bit. Structure: screen sells the premise, escalation beat, button ending. Give it 1-2 minutes max and a hard out.","Burn preset: thug-life sticker/grade + 'ohhh' sting SFX on one button; fire once, then back to material.",Rehearse cue timing; keep a cut-away button if the room turns.,"1) SETUP: premise line (SCREEN: premise visual). 2) ESCALATE: 2-3 beats, each a screen change (SCREEN: beat cards/clips) with a laugh break after each. 3) TURN: the surprise beat (SCREEN: switcboard flip). 4) BUTTON ENDING: punchline + button visual (SCREEN: button card) - hold 3s. 5) Hard out, next bit.",Thug-life sticker pack; 'ohhh' sting SFX; auto-reset burn preset.
,Mid,Bit,Audience,G,No,"cut to Reporter in a hurricane, when talking to the audience/or heckled, describe it as a total shitstorm, etc","Developed bit: Cut to Reporter in a hurricane, when talking to the audience/or heckled, describe it as a total shitstorm, etc. Structure: screen sells the premise, escalation beat, button ending. Give it 1-2 minutes max and a hard out.","Breaking-news package: urgent sting, lower-thirds, ticker on rear screens; head anchors with suit graphic. Abort button restores normal face.",Rehearse cue timing; keep a cut-away button if the room turns.,"1) SETUP: premise line (SCREEN: premise visual). 2) ESCALATE: 2-3 beats, each a screen change (SCREEN: beat cards/clips) with a laugh break after each. 3) TURN: the surprise beat (SCREEN: switcboard flip). 4) BUTTON ENDING: punchline + button visual (SCREEN: button card) - hold 3s. 5) Hard out, next bit.",News sting SFX; lower-third template pack; ticker graphic; anchor-suit face card; ABORT card.
,Mid,Bit,Sketch,G,No,"worm man, do comedy as a worm","Set piece: Worm man, do comedy as a worm. Structure: screen sells the premise, escalation beat, button ending. Give it 1-2 minutes max and a hard out.","Build as a macro: 2-4 button presses in sequence (premise visual, escalation, button ending). Manual fallback for each step.",Rehearse cue timing; keep a cut-away button if the room turns.,"1) SETUP: premise line (SCREEN: premise visual). 2) ESCALATE: 2-3 beats, each a screen change (SCREEN: beat cards/clips) with a laugh break after each. 3) TURN: the surprise beat (SCREEN: switcboard flip). 4) BUTTON ENDING: punchline + button visual (SCREEN: button card) - hold 3s. 5) Hard out, next bit.",3-5 graphics/clips + SFX pack; macro wiring; manual fallback for each beat.
,Mid,Bit,Audience,G,No,"use AI, to write a scene based on audience suggestions","Full bit: Use AI, to write a scene based on audience suggestions. Structure: screen sells the premise, escalation beat, button ending. Give it 1-2 minutes max and a hard out.","Build as a macro: 2-4 button presses in sequence (premise visual, escalation, button ending). Manual fallback for each step.",Rehearse cue timing; keep a cut-away button if the room turns.,"1) SETUP: premise line (SCREEN: premise visual). 2) ESCALATE: 2-3 beats, each a screen change (SCREEN: beat cards/clips) with a laugh break after each. 3) TURN: the surprise beat (SCREEN: switcboard flip). 4) BUTTON ENDING: punchline + button visual (SCREEN: button card) - hold 3s. 5) Hard out, next bit.",3-5 graphics/clips + SFX pack; macro wiring; manual fallback for each beat.
,Mid,Bit,SciFi,G,No,"do routine as alien, have a ufo looking drones with laser and camera launch off head","Full bit: Do routine as alien, have a ufo looking drones with laser and camera launch off head. Structure: screen sells the premise, escalation beat, button ending. Give it 1-2 minutes max and a hard out.","Action-loop preset: rear screens run the attack/game clip, head shows game HUD; choreograph safe directions, nothing real gets fired. + Drone POV feed to screens (or fake 'cloaked drone' footage); venue approval + spotter required, never flies over heads.","Safety: venue approval, insurance, spotter; never over the crowd.","1) SETUP: premise line (SCREEN: premise visual). 2) ESCALATE: 2-3 beats, each a screen change (SCREEN: beat cards/clips) with a laugh break after each. 3) TURN: the surprise beat (SCREEN: switcboard flip). 4) BUTTON ENDING: punchline + button visual (SCREEN: button card) - hold 3s. 5) Hard out, next bit.",Zombie/attack loop clip (green-screen elements); game-HUD overlay; hit SFX; direction choreography note. Drone-cam feed pipeline OR pre-shot 'fake drone' footage; venue approval + spotter. Space/cockpit background plates; abduction beam clip; sci-fi SFX pack.
,Mid,Bit,Tech-Call,G,No,"Trans surgery. What are they doing with all the extra dicks? I could use 3-4. Think of all the chicks. Hey siri, show what it would look like. Pic with ears and nose. Dickhead joke","Full bit: Trans surgery. What are they doing with all the extra dicks? I could use 3-4. Think of all the chicks. Hey siri, show what it would look like. Pic with ears and nose. Dickhead joke. Structure: screen sells the premise, escalation beat, button ending. Give it 1-2 minutes max and a hard out.","Voice-assistant gag: trigger phrase fires pre-recorded deadpan answer clip + listening-dots UI on the face; wrong-answer timing is rehearsed, not ad-libbed.","Identity material: punch at the absurdity or the power, never at the people; expect walk-outs if it reads mean.","1) SETUP: premise line (SCREEN: premise visual). 2) ESCALATE: 2-3 beats, each a screen change (SCREEN: beat cards/clips) with a laugh break after each. 3) TURN: the surprise beat (SCREEN: switcboard flip). 4) BUTTON ENDING: punchline + button visual (SCREEN: button card) - hold 3s. 5) Hard out, next bit.",Pre-recorded deadpan assistant answer clips; listening-dots UI animation; trigger-phrase SFX.
,Mid,Bit,Commercial,G,No,"get ready to send a dirty pic to girlfriend, but have mompop up and send it to her","Set piece: Get ready to send a dirty pic to girlfriend, but have mompop up and send it to her. Structure: screen sells the premise, escalation beat, button ending. Give it 1-2 minutes max and a hard out.","Build as a macro: 2-4 button presses in sequence (premise visual, escalation, button ending). Manual fallback for each step.",Rehearse cue timing; keep a cut-away button if the room turns.,"1) SETUP: premise line (SCREEN: premise visual). 2) ESCALATE: 2-3 beats, each a screen change (SCREEN: beat cards/clips) with a laugh break after each. 3) TURN: the surprise beat (SCREEN: switcboard flip). 4) BUTTON ENDING: punchline + button visual (SCREEN: button card) - hold 3s. 5) Hard out, next bit.",3-5 graphics/clips + SFX pack; macro wiring; manual fallback for each beat.
,Mid,Bit,Sketch,PG,No,"As best ventriloquist, have argument talking at same time, then murder dummy, maybe rise and haunt","Developed bit: As best ventriloquist, have argument talking at same time, then murder dummy, maybe rise and haunt. Structure: screen sells the premise, escalation beat, button ending. Give it 1-2 minutes max and a hard out.","Build as a macro: 2-4 button presses in sequence (premise visual, escalation, button ending). Manual fallback for each step.",Rehearse cue timing; keep a cut-away button if the room turns.,"1) SETUP: premise line (SCREEN: premise visual). 2) ESCALATE: 2-3 beats, each a screen change (SCREEN: beat cards/clips) with a laugh break after each. 3) TURN: the surprise beat (SCREEN: switcboard flip). 4) BUTTON ENDING: punchline + button visual (SCREEN: button card) - hold 3s. 5) Hard out, next bit.",3-5 graphics/clips + SFX pack; macro wiring; manual fallback for each beat.
,Mid,Bit,Sketch,G,No,,(no idea written yet - fill this row in later),"Build as a macro: 2-4 button presses in sequence (premise visual, escalation, button ending). Manual fallback for each step.",Rehearse cue timing; keep a cut-away button if the room turns.,"1) SETUP: premise line (SCREEN: premise visual). 2) ESCALATE: 2-3 beats, each a screen change (SCREEN: beat cards/clips) with a laugh break after each. 3) TURN: the surprise beat (SCREEN: switcboard flip). 4) BUTTON ENDING: punchline + button visual (SCREEN: button card) - hold 3s. 5) Hard out, next bit.",3-5 graphics/clips + SFX pack; macro wiring; manual fallback for each beat.
,Mid,Bit,SciFi,G,No,Introvert scary concepts like corpse devouring robot and flavor brain chip for bug eating,"Full bit: Introvert scary concepts like corpse devouring robot and flavor brain chip for bug eating. Structure: screen sells the premise, escalation beat, button ending. Give it 1-2 minutes max and a hard out.","Build as a macro: 2-4 button presses in sequence (premise visual, escalation, button ending). Manual fallback for each step.","IP/likeness caution: parody hard, don't clone names/voices/logos verbatim; pre-cleared or self-made assets only.","1) SETUP: premise line (SCREEN: premise visual). 2) ESCALATE: 2-3 beats, each a screen change (SCREEN: beat cards/clips) with a laugh break after each. 3) TURN: the surprise beat (SCREEN: switcboard flip). 4) BUTTON ENDING: punchline + button visual (SCREEN: button card) - hold 3s. 5) Hard out, next bit.",3-5 graphics/clips + SFX pack; macro wiring; manual fallback for each beat.
,Mid,Bit,Sketch,G,No,Do Steve Jobs introducing the new watch function where it weighs your poop?,"Full bit: Do Steve Jobs introducing the new watch function where it weighs your poop?. Structure: screen sells the premise, escalation beat, button ending. Give it 1-2 minutes max and a hard out.","Build as a macro: 2-4 button presses in sequence (premise visual, escalation, button ending). Manual fallback for each step.",Rehearse cue timing; keep a cut-away button if the room turns.,"1) SETUP: premise line (SCREEN: premise visual). 2) ESCALATE: 2-3 beats, each a screen change (SCREEN: beat cards/clips) with a laugh break after each. 3) TURN: the surprise beat (SCREEN: switcboard flip). 4) BUTTON ENDING: punchline + button visual (SCREEN: button card) - hold 3s. 5) Hard out, next bit.",3-5 graphics/clips + SFX pack; macro wiring; manual fallback for each beat.
,Mid,Bit,SciFi,G,No,Neuralnk to dog complaint about cat,"Set piece: Neuralnk to dog complaint about cat. Structure: screen sells the premise, escalation beat, button ending. Give it 1-2 minutes max and a hard out.","Build as a macro: 2-4 button presses in sequence (premise visual, escalation, button ending). Manual fallback for each step.",Rehearse cue timing; keep a cut-away button if the room turns.,"1) SETUP: premise line (SCREEN: premise visual). 2) ESCALATE: 2-3 beats, each a screen change (SCREEN: beat cards/clips) with a laugh break after each. 3) TURN: the surprise beat (SCREEN: switcboard flip). 4) BUTTON ENDING: punchline + button visual (SCREEN: button card) - hold 3s. 5) Hard out, next bit.",3-5 graphics/clips + SFX pack; macro wiring; manual fallback for each beat.
,Mid,Bit,Commercial,G,No,Put up an ad in head case that has a skip button on the bottom right corner that I can reach around and tap,"Set piece: Put up an ad in head case that has a skip button on the bottom right corner that I can reach around and tap. Structure: screen sells the premise, escalation beat, button ending. Give it 1-2 minutes max and a hard out.","Build as a macro: 2-4 button presses in sequence (premise visual, escalation, button ending). Manual fallback for each step.",Rehearse cue timing; keep a cut-away button if the room turns.,"1) SETUP: premise line (SCREEN: premise visual). 2) ESCALATE: 2-3 beats, each a screen change (SCREEN: beat cards/clips) with a laugh break after each. 3) TURN: the surprise beat (SCREEN: switcboard flip). 4) BUTTON ENDING: punchline + button visual (SCREEN: button card) - hold 3s. 5) Hard out, next bit.",3-5 graphics/clips + SFX pack; macro wiring; manual fallback for each beat.
,Mid,Bit,Tech-Call,G,No,Talk about dying and then show me training my virtual person and then have him say something and me calling him and a hole and then say that's perfect,"Set piece: Talk about dying and then show me training my virtual person and then have him say something and me calling him and a hole and then say that's perfect. Structure: screen sells the premise, escalation beat, button ending. Give it 1-2 minutes max and a hard out.","Build as a macro: 2-4 button presses in sequence (premise visual, escalation, button ending). Manual fallback for each step.",Rehearse cue timing; keep a cut-away button if the room turns.,"1) SETUP: premise line (SCREEN: premise visual). 2) ESCALATE: 2-3 beats, each a screen change (SCREEN: beat cards/clips) with a laugh break after each. 3) TURN: the surprise beat (SCREEN: switcboard flip). 4) BUTTON ENDING: punchline + button visual (SCREEN: button card) - hold 3s. 5) Hard out, next bit.",3-5 graphics/clips + SFX pack; macro wiring; manual fallback for each beat.
,Mid,Bit,Sketch,G,No,Elon Musk with Neural Link,"Set piece: Elon Musk with Neural Link. Structure: screen sells the premise, escalation beat, button ending. Give it 1-2 minutes max and a hard out.","Build as a macro: 2-4 button presses in sequence (premise visual, escalation, button ending). Manual fallback for each step.",Rehearse cue timing; keep a cut-away button if the room turns.,"1) SETUP: premise line (SCREEN: premise visual). 2) ESCALATE: 2-3 beats, each a screen change (SCREEN: beat cards/clips) with a laugh break after each. 3) TURN: the surprise beat (SCREEN: switcboard flip). 4) BUTTON ENDING: punchline + button visual (SCREEN: button card) - hold 3s. 5) Hard out, next bit.",3-5 graphics/clips + SFX pack; macro wiring; manual fallback for each beat.
,Mid,Bit,Commercial,G,No,"Do a commercial like wwdc reagrding hc videos showing giving the finger, jerking off","Set piece: Commercial like wwdc reagrding hc videos showing giving the finger, jerking off. Structure: screen sells the premise, escalation beat, button ending. Give it 1-2 minutes max and a hard out.","Build as a macro: 2-4 button presses in sequence (premise visual, escalation, button ending). Manual fallback for each step.",Rehearse cue timing; keep a cut-away button if the room turns.,"1) SETUP: premise line (SCREEN: premise visual). 2) ESCALATE: 2-3 beats, each a screen change (SCREEN: beat cards/clips) with a laugh break after each. 3) TURN: the surprise beat (SCREEN: switcboard flip). 4) BUTTON ENDING: punchline + button visual (SCREEN: button card) - hold 3s. 5) Hard out, next bit.",3-5 graphics/clips + SFX pack; macro wiring; manual fallback for each beat.
,Mid,Bit,Sketch,PG,No,".. or watch os that does stroke count, duration, trillions murdered","Set piece: .. or watch os that does stroke count, duration, trillions murdered. Structure: screen sells the premise, escalation beat, button ending. Give it 1-2 minutes max and a hard out.","Build as a macro: 2-4 button presses in sequence (premise visual, escalation, button ending). Manual fallback for each step.",Rehearse cue timing; keep a cut-away button if the room turns.,"1) SETUP: premise line (SCREEN: premise visual). 2) ESCALATE: 2-3 beats, each a screen change (SCREEN: beat cards/clips) with a laugh break after each. 3) TURN: the surprise beat (SCREEN: switcboard flip). 4) BUTTON ENDING: punchline + button visual (SCREEN: button card) - hold 3s. 5) Hard out, next bit.",3-5 graphics/clips + SFX pack; macro wiring; manual fallback for each beat.
,Mid,Bit,SciFi,G,No,".. ai pesonality, fo niceness, sarcasm, talk back, swearing, integrated agents to send assassins to your house","Full bit: .. ai pesonality, fo niceness, sarcasm, talk back, swearing, integrated agents to send assassins to your house. Structure: screen sells the premise, escalation beat, button ending. Give it 1-2 minutes max and a hard out.","Build as a macro: 2-4 button presses in sequence (premise visual, escalation, button ending). Manual fallback for each step.","IP/likeness caution: parody hard, don't clone names/voices/logos verbatim; pre-cleared or self-made assets only.","1) SETUP: premise line (SCREEN: premise visual). 2) ESCALATE: 2-3 beats, each a screen change (SCREEN: beat cards/clips) with a laugh break after each. 3) TURN: the surprise beat (SCREEN: switcboard flip). 4) BUTTON ENDING: punchline + button visual (SCREEN: button card) - hold 3s. 5) Hard out, next bit.",3-5 graphics/clips + SFX pack; macro wiring; manual fallback for each beat.
,Mid,Bit,SciFi,G,No,"Preview for AI Law and order, when AI contracts killers","Developed bit: Preview for AI Law and order, when AI contracts killers. Structure: screen sells the premise, escalation beat, button ending. Give it 1-2 minutes max and a hard out.","Build as a macro: 2-4 button presses in sequence (premise visual, escalation, button ending). Manual fallback for each step.",Rehearse cue timing; keep a cut-away button if the room turns.,"1) SETUP: premise line (SCREEN: premise visual). 2) ESCALATE: 2-3 beats, each a screen change (SCREEN: beat cards/clips) with a laugh break after each. 3) TURN: the surprise beat (SCREEN: switcboard flip). 4) BUTTON ENDING: punchline + button visual (SCREEN: button card) - hold 3s. 5) Hard out, next bit.",3-5 graphics/clips + SFX pack; macro wiring; manual fallback for each beat.
,Mid,Bit,SciFi,G,No,.. Show the new lineup of shows on the HeadcaseAI channel,"Set piece: .. Show the new lineup of shows on the HeadcaseAI channel. Structure: screen sells the premise, escalation beat, button ending. Give it 1-2 minutes max and a hard out.","Build as a macro: 2-4 button presses in sequence (premise visual, escalation, button ending). Manual fallback for each step.",Rehearse cue timing; keep a cut-away button if the room turns.,"1) SETUP: premise line (SCREEN: premise visual). 2) ESCALATE: 2-3 beats, each a screen change (SCREEN: beat cards/clips) with a laugh break after each. 3) TURN: the surprise beat (SCREEN: switcboard flip). 4) BUTTON ENDING: punchline + button visual (SCREEN: button card) - hold 3s. 5) Hard out, next bit.",3-5 graphics/clips + SFX pack; macro wiring; manual fallback for each beat.
,Mid,Bit,Music,G,No,"Do an AI generated improv song about a person, do an AI karaoke","Developed bit: AI generated improv song about a person, do an AI karaoke. Structure: screen sells the premise, escalation beat, button ending. Give it 1-2 minutes max and a hard out.","Music cue stack: backing track + on-screen lyrics (bouncing ball where noted); lighting macro per song, out on the final sting.",Rehearse cue timing; keep a cut-away button if the room turns.,"1) SETUP: premise line (SCREEN: premise visual). 2) ESCALATE: 2-3 beats, each a screen change (SCREEN: beat cards/clips) with a laugh break after each. 3) TURN: the surprise beat (SCREEN: switcboard flip). 4) BUTTON ENDING: punchline + button visual (SCREEN: button card) - hold 3s. 5) Hard out, next bit.",Backing track (custom/licensed); lyric overlay template; bouncing-ball animation; song lighting macro; final sting SFX.
,Mid,Bit,Sketch,G,No,"Show stuff being predicted, like the Simpsons does","Set piece: Show stuff being predicted, like the Simpsons does. Structure: screen sells the premise, escalation beat, button ending. Give it 1-2 minutes max and a hard out.","Build as a macro: 2-4 button presses in sequence (premise visual, escalation, button ending). Manual fallback for each step.",Rehearse cue timing; keep a cut-away button if the room turns.,"1) SETUP: premise line (SCREEN: premise visual). 2) ESCALATE: 2-3 beats, each a screen change (SCREEN: beat cards/clips) with a laugh break after each. 3) TURN: the surprise beat (SCREEN: switcboard flip). 4) BUTTON ENDING: punchline + button visual (SCREEN: button card) - hold 3s. 5) Hard out, next bit.",3-5 graphics/clips + SFX pack; macro wiring; manual fallback for each beat.
,Mid,Bit,SciFi,G,No,"Ask HeadCase AI, show a little circle that looks like 8Ball answers","Full bit: Ask HeadCase AI, show a little circle that looks like 8Ball answers. Structure: screen sells the premise, escalation beat, button ending. Give it 1-2 minutes max and a hard out.","Build as a macro: 2-4 button presses in sequence (premise visual, escalation, button ending). Manual fallback for each step.",Rehearse cue timing; keep a cut-away button if the room turns.,"1) SETUP: premise line (SCREEN: premise visual). 2) ESCALATE: 2-3 beats, each a screen change (SCREEN: beat cards/clips) with a laugh break after each. 3) TURN: the surprise beat (SCREEN: switcboard flip). 4) BUTTON ENDING: punchline + button visual (SCREEN: button card) - hold 3s. 5) Hard out, next bit.",3-5 graphics/clips + SFX pack; macro wiring; manual fallback for each beat.
,Mid,Bit,Sketch,G,No,Be an inappropriate Muppet,"Developed bit: Be an inappropriate Muppet. Structure: screen sells the premise, escalation beat, button ending. Give it 1-2 minutes max and a hard out.","Build as a macro: 2-4 button presses in sequence (premise visual, escalation, button ending). Manual fallback for each step.",Rehearse cue timing; keep a cut-away button if the room turns.,"1) SETUP: premise line (SCREEN: premise visual). 2) ESCALATE: 2-3 beats, each a screen change (SCREEN: beat cards/clips) with a laugh break after each. 3) TURN: the surprise beat (SCREEN: switcboard flip). 4) BUTTON ENDING: punchline + button visual (SCREEN: button card) - hold 3s. 5) Hard out, next bit.",3-5 graphics/clips + SFX pack; macro wiring; manual fallback for each beat.
,Mid,Bit,Sketch,G,No,"Change gender to ridiculous, i'm an orange, i'm mars","Set piece: Change gender to ridiculous, i'm an orange, i'm mars. Structure: screen sells the premise, escalation beat, button ending. Give it 1-2 minutes max and a hard out.","Build as a macro: 2-4 button presses in sequence (premise visual, escalation, button ending). Manual fallback for each step.","Identity material: punch at the absurdity or the power, never at the people; expect walk-outs if it reads mean.","1) SETUP: premise line (SCREEN: premise visual). 2) ESCALATE: 2-3 beats, each a screen change (SCREEN: beat cards/clips) with a laugh break after each. 3) TURN: the surprise beat (SCREEN: switcboard flip). 4) BUTTON ENDING: punchline + button visual (SCREEN: button card) - hold 3s. 5) Hard out, next bit.",3-5 graphics/clips + SFX pack; macro wiring; manual fallback for each beat.
,Mid,Bit,SciFi,G,No,"gather emails prior to show, scour facebook, embarass srowd","Set piece: Gather emails prior to show, scour facebook, embarass srowd. Structure: screen sells the premise, escalation beat, button ending. Give it 1-2 minutes max and a hard out.","Build as a macro: 2-4 button presses in sequence (premise visual, escalation, button ending). Manual fallback for each step.","IP/likeness caution: parody hard, don't clone names/voices/logos verbatim; pre-cleared or self-made assets only.","1) SETUP: premise line (SCREEN: premise visual). 2) ESCALATE: 2-3 beats, each a screen change (SCREEN: beat cards/clips) with a laugh break after each. 3) TURN: the surprise beat (SCREEN: switcboard flip). 4) BUTTON ENDING: punchline + button visual (SCREEN: button card) - hold 3s. 5) Hard out, next bit.",3-5 graphics/clips + SFX pack; macro wiring; manual fallback for each beat.
,Mid,Bit,Sketch,G,No,"hav a face morph into the persons face for roasting, then FU","Set piece: Hav a face morph into the persons face for roasting, then FU. Structure: screen sells the premise, escalation beat, button ending. Give it 1-2 minutes max and a hard out.","Build as a macro: 2-4 button presses in sequence (premise visual, escalation, button ending). Manual fallback for each step.",Rehearse cue timing; keep a cut-away button if the room turns.,"1) SETUP: premise line (SCREEN: premise visual). 2) ESCALATE: 2-3 beats, each a screen change (SCREEN: beat cards/clips) with a laugh break after each. 3) TURN: the surprise beat (SCREEN: switcboard flip). 4) BUTTON ENDING: punchline + button visual (SCREEN: button card) - hold 3s. 5) Hard out, next bit.",3-5 graphics/clips + SFX pack; macro wiring; manual fallback for each beat.
,Easy,Heckler,Audience,G,No,Have it interact with the phone like a choose your own adventure or the audience can choose the next bit or the response to the heckler,"Heckler response: Have it interact with the phone like a choose your own adventure or the audience can choose the next bit or the response to the heckler. One button, one beat, back to material. The screen sells it; don't get dragged into a duel.","Burn preset: thug-life sticker/grade + 'ohhh' sting SFX on one button; fire once, then back to material.","Target selection matters: friendly repeat offenders only, never protected-class material.","1) Heckler fires (SCREEN: neutral). 2) One-line acknowledgment. 3) BUTTON: preset fires (SCREEN: response visual + SFX) (LAUGH BREAK). 4) Auto/manual reset, immediately back to material - no duel.",Thug-life sticker pack; 'ohhh' sting SFX; auto-reset burn preset.
,Easy,Heckler,Music,G,No,Do a weird March song against the heckler while shooting those flaming water guns,"Heckler response: Weird March song against the heckler while shooting those flaming water guns. One button, one beat, back to material. The screen sells it; don't get dragged into a duel.","Music cue stack: backing track + on-screen lyrics (bouncing ball where noted); lighting macro per song, out on the final sting. + Burn preset: thug-life sticker/grade + 'ohhh' sting SFX on one button; fire once, then back to material.","Gun material: keep it cartoonish, zero realistic mimicry; venues and insurers are touchy.","1) Heckler fires (SCREEN: neutral). 2) One-line acknowledgment. 3) BUTTON: preset fires (SCREEN: response visual + SFX) (LAUGH BREAK). 4) Auto/manual reset, immediately back to material - no duel.",Backing track (custom/licensed); lyric overlay template; bouncing-ball animation; song lighting macro; final sting SFX. Thug-life sticker pack; 'ohhh' sting SFX; auto-reset burn preset.
,Mid,Bit,Sketch,G,No,Definitely do a Shapeshifter to a lizard person,"Set piece: Definitely do a Shapeshifter to a lizard person. Structure: screen sells the premise, escalation beat, button ending. Give it 1-2 minutes max and a hard out.","Build as a macro: 2-4 button presses in sequence (premise visual, escalation, button ending). Manual fallback for each step.",Rehearse cue timing; keep a cut-away button if the room turns.,"1) SETUP: premise line (SCREEN: premise visual). 2) ESCALATE: 2-3 beats, each a screen change (SCREEN: beat cards/clips) with a laugh break after each. 3) TURN: the surprise beat (SCREEN: switcboard flip). 4) BUTTON ENDING: punchline + button visual (SCREEN: button card) - hold 3s. 5) Hard out, next bit.",3-5 graphics/clips + SFX pack; macro wiring; manual fallback for each beat.
,Mid,Bit,Tech-Call,G,No,Have a swearing match with Siri,"Developed bit: Have a swearing match with Siri. Structure: screen sells the premise, escalation beat, button ending. Give it 1-2 minutes max and a hard out.","Voice-assistant gag: trigger phrase fires pre-recorded deadpan answer clip + listening-dots UI on the face; wrong-answer timing is rehearsed, not ad-libbed.","IP/likeness caution: parody hard, don't clone names/voices/logos verbatim; pre-cleared or self-made assets only.","1) SETUP: premise line (SCREEN: premise visual). 2) ESCALATE: 2-3 beats, each a screen change (SCREEN: beat cards/clips) with a laugh break after each. 3) TURN: the surprise beat (SCREEN: switcboard flip). 4) BUTTON ENDING: punchline + button visual (SCREEN: button card) - hold 3s. 5) Hard out, next bit.",Pre-recorded deadpan assistant answer clips; listening-dots UI animation; trigger-phrase SFX.
,Mid,Bit,Tech-Call,G,No,"Be a 991 dispatcher answering a paniced call, askin irrelevant questions, or be a customer service rep being unreasonable, almost lke a prank call","Set piece: Be a 991 dispatcher answering a paniced call, askin irrelevant questions, or be a customer service rep being unreasonable, almost lke a prank call. Structure: screen sells the premise, escalation beat, button ending. Give it 1-2 minutes max and a hard out.","Fake-call UI overlay (FaceTime/Zoom style): ringtone SFX, answer/decline buttons, pre-recorded caller clips cut as clean answers on their own buttons.","IP/likeness caution: parody hard, don't clone names/voices/logos verbatim; pre-cleared or self-made assets only.","1) SETUP: premise line (SCREEN: premise visual). 2) ESCALATE: 2-3 beats, each a screen change (SCREEN: beat cards/clips) with a laugh break after each. 3) TURN: the surprise beat (SCREEN: switcboard flip). 4) BUTTON ENDING: punchline + button visual (SCREEN: button card) - hold 3s. 5) Hard out, next bit.","Fake-call UI overlay (PSD); ringtone SFX; 3-5 pre-recorded caller clips (15-30s each, cut as clean answers); FaceTime-style UI soundbed."
,Mid,Bit,SciFi,G,No,You use both screens to put up a realistic daughter versus an AI daughter,"Full bit: You use both screens to put up a realistic daughter versus an AI daughter. Structure: screen sells the premise, escalation beat, button ending. Give it 1-2 minutes max and a hard out.","Build as a macro: 2-4 button presses in sequence (premise visual, escalation, button ending). Manual fallback for each step.",Rehearse cue timing; keep a cut-away button if the room turns.,"1) SETUP: premise line (SCREEN: premise visual). 2) ESCALATE: 2-3 beats, each a screen change (SCREEN: beat cards/clips) with a laugh break after each. 3) TURN: the surprise beat (SCREEN: switcboard flip). 4) BUTTON ENDING: punchline + button visual (SCREEN: button card) - hold 3s. 5) Hard out, next bit.",3-5 graphics/clips + SFX pack; macro wiring; manual fallback for each beat.
,Hard,Bit,History,G,y,"music video.. Biden waking forward, ogres on screens.. should we tell them... dem history points..no, no, no Trump walking R oint should we tell them they should know, why don't they know...","Developed bit: Music video.. Biden waking forward, ogres on screens.. should we tell them... dem history points..no, no, no Trump walking R oint should we tell them they should know, why don't they know.... Structure: screen sells the premise, escalation beat, button ending. Give it 1-2 minutes max and a hard out.","Character-voice preset: distorted face + edited VO clips on buttons; keep it punchline-forward, never a lecture.",Political likeness: punchlines must be bipartisan or self-deprecating; venues book the room they want back.,"1) SETUP: premise line (SCREEN: premise visual). 2) ESCALATE: 2-3 beats, each a screen change (SCREEN: beat cards/clips) with a laugh break after each. 3) TURN: the surprise beat (SCREEN: switcboard flip). 4) BUTTON ENDING: punchline + button visual (SCREEN: button card) - hold 3s. 5) Hard out, next bit.",Character-voice preset (face distortion); edited VO clip buttons; punchline-first script.
,Mid,Bit,Music,G,No,"introduce corey feldman on guitar, then on drums, then on a funnier one....","Developed bit: Introduce corey feldman on guitar, then on drums, then on a funnier one..... Structure: screen sells the premise, escalation beat, button ending. Give it 1-2 minutes max and a hard out.","Build as a macro: 2-4 button presses in sequence (premise visual, escalation, button ending). Manual fallback for each step.",Rehearse cue timing; keep a cut-away button if the room turns.,"1) SETUP: premise line (SCREEN: premise visual). 2) ESCALATE: 2-3 beats, each a screen change (SCREEN: beat cards/clips) with a laugh break after each. 3) TURN: the surprise beat (SCREEN: switcboard flip). 4) BUTTON ENDING: punchline + button visual (SCREEN: button card) - hold 3s. 5) Hard out, next bit.",3-5 graphics/clips + SFX pack; macro wiring; manual fallback for each beat.
,Mid,Bit,Sketch,PG,No,satan should be looking at kill tony thru a portal to make sure all of the evil is still happening,"Full bit: Satan should be looking at kill tony thru a portal to make sure all of the evil is still happening. Structure: screen sells the premise, escalation beat, button ending. Give it 1-2 minutes max and a hard out.","Build as a macro: 2-4 button presses in sequence (premise visual, escalation, button ending). Manual fallback for each step.","Religious material: land the punchline on the situation, not the faith; expect some walk-outs either direction.","1) SETUP: premise line (SCREEN: premise visual). 2) ESCALATE: 2-3 beats, each a screen change (SCREEN: beat cards/clips) with a laugh break after each. 3) TURN: the surprise beat (SCREEN: switcboard flip). 4) BUTTON ENDING: punchline + button visual (SCREEN: button card) - hold 3s. 5) Hard out, next bit.",Church backdrop plate; choir/organ sting; smart-script review.
,Mid,Bit,SciFi,G,No,Meme ai for conversation,"Developed bit: Meme ai for conversation. Structure: screen sells the premise, escalation beat, button ending. Give it 1-2 minutes max and a hard out.","Build as a macro: 2-4 button presses in sequence (premise visual, escalation, button ending). Manual fallback for each step.",Rehearse cue timing; keep a cut-away button if the room turns.,"1) SETUP: premise line (SCREEN: premise visual). 2) ESCALATE: 2-3 beats, each a screen change (SCREEN: beat cards/clips) with a laugh break after each. 3) TURN: the surprise beat (SCREEN: switcboard flip). 4) BUTTON ENDING: punchline + button visual (SCREEN: button card) - hold 3s. 5) Hard out, next bit.",3-5 graphics/clips + SFX pack; macro wiring; manual fallback for each beat.
,Mid,Bit,Tech-Call,G,No,"great roaster would be a drill sargeant like 'Full Metal Jacket' where he calls them maggots and ladies, and then rhymes","Developed bit: Great roaster would be a drill sargeant like 'Full Metal Jacket' where he calls them maggots and ladies, and then rhymes. Structure: screen sells the premise, escalation beat, button ending. Give it 1-2 minutes max and a hard out.",Power/battery presets: dim-to-black with power-down SFX; restore via color-bars beat so the blackout reads intentional.,Rehearse cue timing; keep a cut-away button if the room turns.,"1) SETUP: premise line (SCREEN: premise visual). 2) ESCALATE: 2-3 beats, each a screen change (SCREEN: beat cards/clips) with a laugh break after each. 3) TURN: the surprise beat (SCREEN: switcboard flip). 4) BUTTON ENDING: punchline + button visual (SCREEN: button card) - hold 3s. 5) Hard out, next bit.",Battery-low banner; dim-to-black preset; power-down chime; restore color-bars beat.
,Mid,Bit,Tech-Call,G,No,"say something spiritual to call everyone to god, send a sign, then text or call all the phones","Full bit: Say something spiritual to call everyone to god, send a sign, then text or call all the phones. Structure: screen sells the premise, escalation beat, button ending. Give it 1-2 minutes max and a hard out.","Fake-call UI overlay (FaceTime/Zoom style): ringtone SFX, answer/decline buttons, pre-recorded caller clips cut as clean answers on their own buttons.","Religious material: land the punchline on the situation, not the faith; expect some walk-outs either direction.","1) SETUP: premise line (SCREEN: premise visual). 2) ESCALATE: 2-3 beats, each a screen change (SCREEN: beat cards/clips) with a laugh break after each. 3) TURN: the surprise beat (SCREEN: switcboard flip). 4) BUTTON ENDING: punchline + button visual (SCREEN: button card) - hold 3s. 5) Hard out, next bit.",Church backdrop plate; choir/organ sting; smart-script review.
,Mid,Bit,Sketch,G,No,Do an Alex Jones over the top character. Incorporate the question what is the answer to 1984. Answer 1776,"Set piece: Alex Jones over the top character. Incorporate the question what is the answer to 1984. Answer 1776. Structure: screen sells the premise, escalation beat, button ending. Give it 1-2 minutes max and a hard out.","Build as a macro: 2-4 button presses in sequence (premise visual, escalation, button ending). Manual fallback for each step.",Rehearse cue timing; keep a cut-away button if the room turns.,"1) SETUP: premise line (SCREEN: premise visual). 2) ESCALATE: 2-3 beats, each a screen change (SCREEN: beat cards/clips) with a laugh break after each. 3) TURN: the surprise beat (SCREEN: switcboard flip). 4) BUTTON ENDING: punchline + button visual (SCREEN: button card) - hold 3s. 5) Hard out, next bit.",3-5 graphics/clips + SFX pack; macro wiring; manual fallback for each beat.
,Mid,Bit,Commercial,G,No,Do a TV broadcaster that is a puppet with other people feeding him his lines. Make the lines more ridiculous.,"Developed bit: TV broadcaster that is a puppet with other people feeding him his lines. Make the lines more ridiculous.. Structure: screen sells the premise, escalation beat, button ending. Give it 1-2 minutes max and a hard out.","Breaking-news package: urgent sting, lower-thirds, ticker on rear screens; head anchors with suit graphic. Abort button restores normal face.",Rehearse cue timing; keep a cut-away button if the room turns.,"1) SETUP: premise line (SCREEN: premise visual). 2) ESCALATE: 2-3 beats, each a screen change (SCREEN: beat cards/clips) with a laugh break after each. 3) TURN: the surprise beat (SCREEN: switcboard flip). 4) BUTTON ENDING: punchline + button visual (SCREEN: button card) - hold 3s. 5) Hard out, next bit.",3-5 graphics/clips + SFX pack; macro wiring; manual fallback for each beat.
,Mid,Bit,Sketch,G,No,"Be in a club with loud music, turn to girls on either side and do a pickup line(have on be a dude, or trans, or famous","Developed bit: Be in a club with loud music, turn to girls on either side and do a pickup line(have on be a dude, or trans, or famous. Structure: screen sells the premise, escalation beat, button ending. Give it 1-2 minutes max and a hard out.","Build as a macro: 2-4 button presses in sequence (premise visual, escalation, button ending). Manual fallback for each step.","Identity material: punch at the absurdity or the power, never at the people; expect walk-outs if it reads mean.","1) SETUP: premise line (SCREEN: premise visual). 2) ESCALATE: 2-3 beats, each a screen change (SCREEN: beat cards/clips) with a laugh break after each. 3) TURN: the surprise beat (SCREEN: switcboard flip). 4) BUTTON ENDING: punchline + button visual (SCREEN: button card) - hold 3s. 5) Hard out, next bit.",3-5 graphics/clips + SFX pack; macro wiring; manual fallback for each beat.
,Mid,Bit,Music,G,No,"Do a song called VR, very real, very ridiculous, virtual redo,...","Developed bit: Song called VR, very real, very ridiculous, virtual redo,.... Structure: screen sells the premise, escalation beat, button ending. Give it 1-2 minutes max and a hard out.","Music cue stack: backing track + on-screen lyrics (bouncing ball where noted); lighting macro per song, out on the final sting.",Rehearse cue timing; keep a cut-away button if the room turns.,"1) SETUP: premise line (SCREEN: premise visual). 2) ESCALATE: 2-3 beats, each a screen change (SCREEN: beat cards/clips) with a laugh break after each. 3) TURN: the surprise beat (SCREEN: switcboard flip). 4) BUTTON ENDING: punchline + button visual (SCREEN: button card) - hold 3s. 5) Hard out, next bit.",Backing track (custom/licensed); lyric overlay template; bouncing-ball animation; song lighting macro; final sting SFX.
,Mid,Bit,Sketch,G,No,"react to a reaction, then have some one react to the reaction, then react to that","Set piece: React to a reaction, then have some one react to the reaction, then react to that. Structure: screen sells the premise, escalation beat, button ending. Give it 1-2 minutes max and a hard out.","Build as a macro: 2-4 button presses in sequence (premise visual, escalation, button ending). Manual fallback for each step.",Rehearse cue timing; keep a cut-away button if the room turns.,"1) SETUP: premise line (SCREEN: premise visual). 2) ESCALATE: 2-3 beats, each a screen change (SCREEN: beat cards/clips) with a laugh break after each. 3) TURN: the surprise beat (SCREEN: switcboard flip). 4) BUTTON ENDING: punchline + button visual (SCREEN: button card) - hold 3s. 5) Hard out, next bit.",3-5 graphics/clips + SFX pack; macro wiring; manual fallback for each beat.
,Mid,Bit,Sketch,G,No,have an internet troll i have to keep reacting,"Set piece: Have an internet troll i have to keep reacting. Structure: screen sells the premise, escalation beat, button ending. Give it 1-2 minutes max and a hard out.","Build as a macro: 2-4 button presses in sequence (premise visual, escalation, button ending). Manual fallback for each step.",Rehearse cue timing; keep a cut-away button if the room turns.,"1) SETUP: premise line (SCREEN: premise visual). 2) ESCALATE: 2-3 beats, each a screen change (SCREEN: beat cards/clips) with a laugh break after each. 3) TURN: the surprise beat (SCREEN: switcboard flip). 4) BUTTON ENDING: punchline + button visual (SCREEN: button card) - hold 3s. 5) Hard out, next bit.",3-5 graphics/clips + SFX pack; macro wiring; manual fallback for each beat.
,Mid,Bit,Audience,G,No,"Take a picture of audience member, then do a short dating bio video, or a job interview or speed dating","Set piece: Take a picture of audience member, then do a short dating bio video, or a job interview or speed dating. Structure: screen sells the premise, escalation beat, button ending. Give it 1-2 minutes max and a hard out.","Audience-cam pass-through to head/rear screens; rehearse crop/freeze on a stand-in, keep latency under ~200ms.",Rehearse cue timing; keep a cut-away button if the room turns.,"1) SETUP: premise line (SCREEN: premise visual). 2) ESCALATE: 2-3 beats, each a screen change (SCREEN: beat cards/clips) with a laugh break after each. 3) TURN: the surprise beat (SCREEN: switcboard flip). 4) BUTTON ENDING: punchline + button visual (SCREEN: button card) - hold 3s. 5) Hard out, next bit.",3-5 graphics/clips + SFX pack; macro wiring; manual fallback for each beat.
,Mid,Bit,Sketch,G,No,Do bubble thoughts,"Developed bit: Do bubble thoughts. Structure: screen sells the premise, escalation beat, button ending. Give it 1-2 minutes max and a hard out.","Build as a macro: 2-4 button presses in sequence (premise visual, escalation, button ending). Manual fallback for each step.",Rehearse cue timing; keep a cut-away button if the room turns.,"1) SETUP: premise line (SCREEN: premise visual). 2) ESCALATE: 2-3 beats, each a screen change (SCREEN: beat cards/clips) with a laugh break after each. 3) TURN: the surprise beat (SCREEN: switcboard flip). 4) BUTTON ENDING: punchline + button visual (SCREEN: button card) - hold 3s. 5) Hard out, next bit.",3-5 graphics/clips + SFX pack; macro wiring; manual fallback for each beat.
,Mid,Bit,Sketch,G,No,Be a teenager that is having a very serious conversation that keeps gettig distracted by useless/important notifications,"Set piece: Be a teenager that is having a very serious conversation that keeps gettig distracted by useless/important notifications. Structure: screen sells the premise, escalation beat, button ending. Give it 1-2 minutes max and a hard out.","Build as a macro: 2-4 button presses in sequence (premise visual, escalation, button ending). Manual fallback for each step.",Rehearse cue timing; keep a cut-away button if the room turns.,"1) SETUP: premise line (SCREEN: premise visual). 2) ESCALATE: 2-3 beats, each a screen change (SCREEN: beat cards/clips) with a laugh break after each. 3) TURN: the surprise beat (SCREEN: switcboard flip). 4) BUTTON ENDING: punchline + button visual (SCREEN: button card) - hold 3s. 5) Hard out, next bit.",3-5 graphics/clips + SFX pack; macro wiring; manual fallback for each beat.
,Mid,Bit,Sketch,G,No,Macho man would be fun,"Set piece: Macho man would be fun. Structure: screen sells the premise, escalation beat, button ending. Give it 1-2 minutes max and a hard out.","Build as a macro: 2-4 button presses in sequence (premise visual, escalation, button ending). Manual fallback for each step.",Rehearse cue timing; keep a cut-away button if the room turns.,"1) SETUP: premise line (SCREEN: premise visual). 2) ESCALATE: 2-3 beats, each a screen change (SCREEN: beat cards/clips) with a laugh break after each. 3) TURN: the surprise beat (SCREEN: switcboard flip). 4) BUTTON ENDING: punchline + button visual (SCREEN: button card) - hold 3s. 5) Hard out, next bit.",3-5 graphics/clips + SFX pack; macro wiring; manual fallback for each beat.
,Mid,Bit,Music,G,No,Doing a wrap like Lincoln Park would be fun,"Full bit: Doing a wrap like Lincoln Park would be fun. Structure: screen sells the premise, escalation beat, button ending. Give it 1-2 minutes max and a hard out.","Music cue stack: backing track + on-screen lyrics (bouncing ball where noted); lighting macro per song, out on the final sting.",Rehearse cue timing; keep a cut-away button if the room turns.,"1) SETUP: premise line (SCREEN: premise visual). 2) ESCALATE: 2-3 beats, each a screen change (SCREEN: beat cards/clips) with a laugh break after each. 3) TURN: the surprise beat (SCREEN: switcboard flip). 4) BUTTON ENDING: punchline + button visual (SCREEN: button card) - hold 3s. 5) Hard out, next bit.",Backing track (custom/licensed); lyric overlay template; bouncing-ball animation; song lighting macro; final sting SFX.
,Mid,Bit,SciFi,G,No,"Have ChatGPT and the other AI's get in an argument and then have the power go out, then once tell stories like you're at a campfire or in the Stone Age or something","Set piece: Have ChatGPT and the other AI's get in an argument and then have the power go out, then once tell stories like you're at a campfire or in the Stone Age or something. Structure: screen sells the premise, escalation beat, button ending. Give it 1-2 minutes max and a hard out.","Build as a macro: 2-4 button presses in sequence (premise visual, escalation, button ending). Manual fallback for each step.",Rehearse cue timing; keep a cut-away button if the room turns.,"1) SETUP: premise line (SCREEN: premise visual). 2) ESCALATE: 2-3 beats, each a screen change (SCREEN: beat cards/clips) with a laugh break after each. 3) TURN: the surprise beat (SCREEN: switcboard flip). 4) BUTTON ENDING: punchline + button visual (SCREEN: button card) - hold 3s. 5) Hard out, next bit.",3-5 graphics/clips + SFX pack; macro wiring; manual fallback for each beat.
,Mid,Bit,Tech-Call,G,No,"Having trouble with the black guy, call for reinforcements, and Kramer shows up","Developed bit: Having trouble with the black guy, call for reinforcements, and Kramer shows up. Structure: screen sells the premise, escalation beat, button ending. Give it 1-2 minutes max and a hard out.","Fake-call UI overlay (FaceTime/Zoom style): ringtone SFX, answer/decline buttons, pre-recorded caller clips cut as clean answers on their own buttons.","Race material: high walk-out risk; target the flawed logic, not people; test in friendly rooms before headlining venues.","1) SETUP: premise line (SCREEN: premise visual). 2) ESCALATE: 2-3 beats, each a screen change (SCREEN: beat cards/clips) with a laugh break after each. 3) TURN: the surprise beat (SCREEN: switcboard flip). 4) BUTTON ENDING: punchline + button visual (SCREEN: button card) - hold 3s. 5) Hard out, next bit.",3-5 graphics/clips + SFX pack; macro wiring; manual fallback for each beat.
,Mid,Bit,Politics,G,y,"Do Trump speech while being shot at, then the matrix where he stops all the bullets","Developed bit: Do Trump speech while being shot at, then the matrix where he stops all the bullets. Structure: screen sells the premise, escalation beat, button ending. Give it 1-2 minutes max and a hard out.","Character-voice preset: distorted face + edited VO clips on buttons; keep it punchline-forward, never a lecture. + Playback FX preset: slow-mo/rewind/freeze on the face with tape SFX; performer moves match the speed for the sell.","Gun material: keep it cartoonish, zero realistic mimicry; venues and insurers are touchy. Political likeness: punchlines must be bipartisan or self-deprecating; venues book the room they want back.","1) SETUP: premise line (SCREEN: premise visual). 2) ESCALATE: 2-3 beats, each a screen change (SCREEN: beat cards/clips) with a laugh break after each. 3) TURN: the surprise beat (SCREEN: switcboard flip). 4) BUTTON ENDING: punchline + button visual (SCREEN: button card) - hold 3s. 5) Hard out, next bit.",Playback FX preset (slow-mo/rewind/freeze) + tape SFX; matched-movement rehearsal note. Character-voice preset (face distortion); edited VO clip buttons; punchline-first script.
,Mid,Bit,Commercial,PG,No,"Do a zip recrecruiter ad for Kill Tony , have Tony pitch zipper cooter, then unzip and a cat pops out","Set piece: Zip recrecruiter ad for Kill Tony , have Tony pitch zipper cooter, then unzip and a cat pops out. Structure: screen sells the premise, escalation beat, button ending. Give it 1-2 minutes max and a hard out.","Build as a macro: 2-4 button presses in sequence (premise visual, escalation, button ending). Manual fallback for each step.",Rehearse cue timing; keep a cut-away button if the room turns.,"1) SETUP: premise line (SCREEN: premise visual). 2) ESCALATE: 2-3 beats, each a screen change (SCREEN: beat cards/clips) with a laugh break after each. 3) TURN: the surprise beat (SCREEN: switcboard flip). 4) BUTTON ENDING: punchline + button visual (SCREEN: button card) - hold 3s. 5) Hard out, next bit.",3-5 graphics/clips + SFX pack; macro wiring; manual fallback for each beat.
,Mid,Bit,Sketch,PG,No,"Top five kill tony catchphrase. Will be right back, and that's what's up, have a good nap, TVA, and Tony says I'm gay.","Full bit: Top five kill tony catchphrase. Will be right back, and that's what's up, have a good nap, TVA, and Tony says I'm gay.. Structure: screen sells the premise, escalation beat, button ending. Give it 1-2 minutes max and a hard out.","Build as a macro: 2-4 button presses in sequence (premise visual, escalation, button ending). Manual fallback for each step.","Identity material: punch at the absurdity or the power, never at the people; expect walk-outs if it reads mean.","1) SETUP: premise line (SCREEN: premise visual). 2) ESCALATE: 2-3 beats, each a screen change (SCREEN: beat cards/clips) with a laugh break after each. 3) TURN: the surprise beat (SCREEN: switcboard flip). 4) BUTTON ENDING: punchline + button visual (SCREEN: button card) - hold 3s. 5) Hard out, next bit.",Goo/slime overlay animation; splat SFX; cleanup note for real props.
,Mid,Bit,SciFi,G,No,"To say something really offensive, have of fensive AI tell a joke","Developed bit: To say something really offensive, have of fensive AI tell a joke. Structure: screen sells the premise, escalation beat, button ending. Give it 1-2 minutes max and a hard out.","Build as a macro: 2-4 button presses in sequence (premise visual, escalation, button ending). Manual fallback for each step.",Rehearse cue timing; keep a cut-away button if the room turns.,"1) SETUP: premise line (SCREEN: premise visual). 2) ESCALATE: 2-3 beats, each a screen change (SCREEN: beat cards/clips) with a laugh break after each. 3) TURN: the surprise beat (SCREEN: switcboard flip). 4) BUTTON ENDING: punchline + button visual (SCREEN: button card) - hold 3s. 5) Hard out, next bit.",3-5 graphics/clips + SFX pack; macro wiring; manual fallback for each beat.
,Mid,Bit,Tech-Call,G,No,"Pull back the curtain and show the wizard who is called in on zoom, and is actually running the control of offensive AI","Full bit: Pull back the curtain and show the wizard who is called in on zoom, and is actually running the control of offensive AI. Structure: screen sells the premise, escalation beat, button ending. Give it 1-2 minutes max and a hard out.","Fake-call UI overlay (FaceTime/Zoom style): ringtone SFX, answer/decline buttons, pre-recorded caller clips cut as clean answers on their own buttons.",Rehearse cue timing; keep a cut-away button if the room turns.,"1) SETUP: premise line (SCREEN: premise visual). 2) ESCALATE: 2-3 beats, each a screen change (SCREEN: beat cards/clips) with a laugh break after each. 3) TURN: the surprise beat (SCREEN: switcboard flip). 4) BUTTON ENDING: punchline + button visual (SCREEN: button card) - hold 3s. 5) Hard out, next bit.","Fake-call UI overlay (PSD); ringtone SFX; 3-5 pre-recorded caller clips (15-30s each, cut as clean answers); FaceTime-style UI soundbed."
,Mid,Bit,Sketch,G,No,"Show hidden camera footage of William Montgomery, and red band mother","Set piece: Show hidden camera footage of William Montgomery, and red band mother. Structure: screen sells the premise, escalation beat, button ending. Give it 1-2 minutes max and a hard out.","Build as a macro: 2-4 button presses in sequence (premise visual, escalation, button ending). Manual fallback for each step.",Rehearse cue timing; keep a cut-away button if the room turns.,"1) SETUP: premise line (SCREEN: premise visual). 2) ESCALATE: 2-3 beats, each a screen change (SCREEN: beat cards/clips) with a laugh break after each. 3) TURN: the surprise beat (SCREEN: switcboard flip). 4) BUTTON ENDING: punchline + button visual (SCREEN: button card) - hold 3s. 5) Hard out, next bit.",3-5 graphics/clips + SFX pack; macro wiring; manual fallback for each beat.
,Mid,Bit,Music,G,No,"Do the Boom song from the Costco guys, then do some other store guys","Set piece: Do the Boom song from the Costco guys, then do some other store guys. Structure: screen sells the premise, escalation beat, button ending. Give it 1-2 minutes max and a hard out.","Music cue stack: backing track + on-screen lyrics (bouncing ball where noted); lighting macro per song, out on the final sting. + Pyro-SFX cue: screens flash + concussive SFX while the performer sells the blast; no real pyro needed.",Rehearse cue timing; keep a cut-away button if the room turns.,"1) SETUP: premise line (SCREEN: premise visual). 2) ESCALATE: 2-3 beats, each a screen change (SCREEN: beat cards/clips) with a laugh break after each. 3) TURN: the surprise beat (SCREEN: switcboard flip). 4) BUTTON ENDING: punchline + button visual (SCREEN: button card) - hold 3s. 5) Hard out, next bit.",Backing track (custom/licensed); lyric overlay template; bouncing-ball animation; song lighting macro; final sting SFX. Flash-frame clip; concussive SFX; screens white-flash macro (no real pyro).
,Mid,Bit,Sketch,G,No,TikTok montage like SNL,"Set piece: TikTok montage like SNL. Structure: screen sells the premise, escalation beat, button ending. Give it 1-2 minutes max and a hard out.","Face-filter stack: each filter on its own app button, cycle order rehearsed; camera-tracked filters need good front-light on the head.","IP/likeness caution: parody hard, don't clone names/voices/logos verbatim; pre-cleared or self-made assets only.","1) SETUP: premise line (SCREEN: premise visual). 2) ESCALATE: 2-3 beats, each a screen change (SCREEN: beat cards/clips) with a laugh break after each. 3) TURN: the surprise beat (SCREEN: switcboard flip). 4) BUTTON ENDING: punchline + button visual (SCREEN: button card) - hold 3s. 5) Hard out, next bit.",Face-filter pack (list per bit); head-tracking calibration; front-light note.
,Mid,Bit,SciFi,G,No,Show off AI girlfriend like she is real,"Set piece: Show off AI girlfriend like she is real. Structure: screen sells the premise, escalation beat, button ending. Give it 1-2 minutes max and a hard out.","Build as a macro: 2-4 button presses in sequence (premise visual, escalation, button ending). Manual fallback for each step.",Rehearse cue timing; keep a cut-away button if the room turns.,"1) SETUP: premise line (SCREEN: premise visual). 2) ESCALATE: 2-3 beats, each a screen change (SCREEN: beat cards/clips) with a laugh break after each. 3) TURN: the surprise beat (SCREEN: switcboard flip). 4) BUTTON ENDING: punchline + button visual (SCREEN: button card) - hold 3s. 5) Hard out, next bit.",3-5 graphics/clips + SFX pack; macro wiring; manual fallback for each beat.
,Mid,Bit,Tech-Call,G,No,"Have an impure thought or talk with a hot girl in the audience, then have lightning and the voice of God say how it is bad.. could recall lightning and voice later","Developed bit: Have an impure thought or talk with a hot girl in the audience, then have lightning and the voice of God say how it is bad.. could recall lightning and voice later. Structure: screen sells the premise, escalation beat, button ending. Give it 1-2 minutes max and a hard out.","Build as a macro: 2-4 button presses in sequence (premise visual, escalation, button ending). Manual fallback for each step.","Religious material: land the punchline on the situation, not the faith; expect some walk-outs either direction.","1) SETUP: premise line (SCREEN: premise visual). 2) ESCALATE: 2-3 beats, each a screen change (SCREEN: beat cards/clips) with a laugh break after each. 3) TURN: the surprise beat (SCREEN: switcboard flip). 4) BUTTON ENDING: punchline + button visual (SCREEN: button card) - hold 3s. 5) Hard out, next bit.",Church backdrop plate; choir/organ sting; smart-script review.
,Mid,Bit,Politics,G,y,Have the dream team from msg trump rally and call them the league of freedom,"Set piece: Have the dream team from msg trump rally and call them the league of freedom. Structure: screen sells the premise, escalation beat, button ending. Give it 1-2 minutes max and a hard out.","Fake-call UI overlay (FaceTime/Zoom style): ringtone SFX, answer/decline buttons, pre-recorded caller clips cut as clean answers on their own buttons. + Character-voice preset: distorted face + edited VO clips on buttons; keep it punchline-forward, never a lecture.",Political likeness: punchlines must be bipartisan or self-deprecating; venues book the room they want back.,"1) SETUP: premise line (SCREEN: premise visual). 2) ESCALATE: 2-3 beats, each a screen change (SCREEN: beat cards/clips) with a laugh break after each. 3) TURN: the surprise beat (SCREEN: switcboard flip). 4) BUTTON ENDING: punchline + button visual (SCREEN: button card) - hold 3s. 5) Hard out, next bit.",Character-voice preset (face distortion); edited VO clip buttons; punchline-first script.
,Mid,Bit,Sketch,G,No,"bring someone up on stage, grab a pic, record voice, build an avatar, day in the life interview, with interruptions, and after they leave","Full bit: Bring someone up on stage, grab a pic, record voice, build an avatar, day in the life interview, with interruptions, and after they leave. Structure: screen sells the premise, escalation beat, button ending. Give it 1-2 minutes max and a hard out.","Build as a macro: 2-4 button presses in sequence (premise visual, escalation, button ending). Manual fallback for each step.","IP/likeness caution: parody hard, don't clone names/voices/logos verbatim; pre-cleared or self-made assets only.","1) SETUP: premise line (SCREEN: premise visual). 2) ESCALATE: 2-3 beats, each a screen change (SCREEN: beat cards/clips) with a laugh break after each. 3) TURN: the surprise beat (SCREEN: switcboard flip). 4) BUTTON ENDING: punchline + button visual (SCREEN: button card) - hold 3s. 5) Hard out, next bit.",3-5 graphics/clips + SFX pack; macro wiring; manual fallback for each beat.
,Mid,Bit,Audience,G,No,"put up a muliple choice puchline where the audience picks which one, choose your own adventure","Developed bit: Put up a muliple choice puchline where the audience picks which one, choose your own adventure. Structure: screen sells the premise, escalation beat, button ending. Give it 1-2 minutes max and a hard out.","Build as a macro: 2-4 button presses in sequence (premise visual, escalation, button ending). Manual fallback for each step.",Rehearse cue timing; keep a cut-away button if the room turns.,"1) SETUP: premise line (SCREEN: premise visual). 2) ESCALATE: 2-3 beats, each a screen change (SCREEN: beat cards/clips) with a laugh break after each. 3) TURN: the surprise beat (SCREEN: switcboard flip). 4) BUTTON ENDING: punchline + button visual (SCREEN: button card) - hold 3s. 5) Hard out, next bit.",3-5 graphics/clips + SFX pack; macro wiring; manual fallback for each beat.
,Mid,Bit,Commercial,G,No,"have version 1 of neuralink stuck on head with lights and sound, have it react to speech","Developed bit: Have version 1 of neuralink stuck on head with lights and sound, have it react to speech. Structure: screen sells the premise, escalation beat, button ending. Give it 1-2 minutes max and a hard out.","Build as a macro: 2-4 button presses in sequence (premise visual, escalation, button ending). Manual fallback for each step.",Rehearse cue timing; keep a cut-away button if the room turns.,"1) SETUP: premise line (SCREEN: premise visual). 2) ESCALATE: 2-3 beats, each a screen change (SCREEN: beat cards/clips) with a laugh break after each. 3) TURN: the surprise beat (SCREEN: switcboard flip). 4) BUTTON ENDING: punchline + button visual (SCREEN: button card) - hold 3s. 5) Hard out, next bit.",3-5 graphics/clips + SFX pack; macro wiring; manual fallback for each beat.
,Mid,Bit,Commercial,G,No,do a tony and redban sponsor,"Developed bit: Do a tony and redban sponsor. Structure: screen sells the premise, escalation beat, button ending. Give it 1-2 minutes max and a hard out.","Build as a macro: 2-4 button presses in sequence (premise visual, escalation, button ending). Manual fallback for each step.",Rehearse cue timing; keep a cut-away button if the room turns.,"1) SETUP: premise line (SCREEN: premise visual). 2) ESCALATE: 2-3 beats, each a screen change (SCREEN: beat cards/clips) with a laugh break after each. 3) TURN: the surprise beat (SCREEN: switcboard flip). 4) BUTTON ENDING: punchline + button visual (SCREEN: button card) - hold 3s. 5) Hard out, next bit.",3-5 graphics/clips + SFX pack; macro wiring; manual fallback for each beat.
,Mid,Bit,SciFi,G,No,"Talk to black Ai, or Jew AI","Developed bit: Talk to black Ai, or Jew AI. Structure: screen sells the premise, escalation beat, button ending. Give it 1-2 minutes max and a hard out.","Build as a macro: 2-4 button presses in sequence (premise visual, escalation, button ending). Manual fallback for each step.",Rehearse cue timing; keep a cut-away button if the room turns.,"1) SETUP: premise line (SCREEN: premise visual). 2) ESCALATE: 2-3 beats, each a screen change (SCREEN: beat cards/clips) with a laugh break after each. 3) TURN: the surprise beat (SCREEN: switcboard flip). 4) BUTTON ENDING: punchline + button visual (SCREEN: button card) - hold 3s. 5) Hard out, next bit.",3-5 graphics/clips + SFX pack; macro wiring; manual fallback for each beat.
,Mid,Bit,SciFi,G,No,"AI Baby translator, AI dog translator","Developed bit: AI Baby translator, AI dog translator. Structure: screen sells the premise, escalation beat, button ending. Give it 1-2 minutes max and a hard out.",Caption/translator overlay: live or pre-typed captions on the lower third; pre-type the punchline mistranslations.,"Identity material: punch at the absurdity or the power, never at the people; expect walk-outs if it reads mean.","1) SETUP: premise line (SCREEN: premise visual). 2) ESCALATE: 2-3 beats, each a screen change (SCREEN: beat cards/clips) with a laugh break after each. 3) TURN: the surprise beat (SCREEN: switcboard flip). 4) BUTTON ENDING: punchline + button visual (SCREEN: button card) - hold 3s. 5) Hard out, next bit.",Caption overlay template; brandable font pack; pre-typed punchline captions.
,Mid,Bit,Music,G,No,"Do the masked singer, a bird mask or something, give clues, judges gues, it's Satan","Set piece: Do the masked singer, a bird mask or something, give clues, judges gues, it's Satan. Structure: screen sells the premise, escalation beat, button ending. Give it 1-2 minutes max and a hard out.","Music cue stack: backing track + on-screen lyrics (bouncing ball where noted); lighting macro per song, out on the final sting.","Religious material: land the punchline on the situation, not the faith; expect some walk-outs either direction.","1) SETUP: premise line (SCREEN: premise visual). 2) ESCALATE: 2-3 beats, each a screen change (SCREEN: beat cards/clips) with a laugh break after each. 3) TURN: the surprise beat (SCREEN: switcboard flip). 4) BUTTON ENDING: punchline + button visual (SCREEN: button card) - hold 3s. 5) Hard out, next bit.",Backing track (custom/licensed); lyric overlay template; bouncing-ball animation; song lighting macro; final sting SFX. Face-filter pack (list per bit); head-tracking calibration; front-light note. Church backdrop plate; choir/organ sting; smart-script review.
,Mid,Bit,Sketch,G,No,"tell a joke, have protestors in the backgrounds","Full bit: Tell a joke, have protestors in the backgrounds. Structure: screen sells the premise, escalation beat, button ending. Give it 1-2 minutes max and a hard out.","Build as a macro: 2-4 button presses in sequence (premise visual, escalation, button ending). Manual fallback for each step.",Rehearse cue timing; keep a cut-away button if the room turns.,"1) SETUP: premise line (SCREEN: premise visual). 2) ESCALATE: 2-3 beats, each a screen change (SCREEN: beat cards/clips) with a laugh break after each. 3) TURN: the surprise beat (SCREEN: switcboard flip). 4) BUTTON ENDING: punchline + button visual (SCREEN: button card) - hold 3s. 5) Hard out, next bit.",3-5 graphics/clips + SFX pack; macro wiring; manual fallback for each beat.
,Mid,Bit,SciFi,G,No,die respawn in the future where getting a head screen is the norm in plastic surgery,"Developed bit: Die respawn in the future where getting a head screen is the norm in plastic surgery. Structure: screen sells the premise, escalation beat, button ending. Give it 1-2 minutes max and a hard out.","Build as a macro: 2-4 button presses in sequence (premise visual, escalation, button ending). Manual fallback for each step.",Rehearse cue timing; keep a cut-away button if the room turns.,"1) SETUP: premise line (SCREEN: premise visual). 2) ESCALATE: 2-3 beats, each a screen change (SCREEN: beat cards/clips) with a laugh break after each. 3) TURN: the surprise beat (SCREEN: switcboard flip). 4) BUTTON ENDING: punchline + button visual (SCREEN: button card) - hold 3s. 5) Hard out, next bit.",3-5 graphics/clips + SFX pack; macro wiring; manual fallback for each beat.
,Mid,Bit,Sketch,G,y,"Satan- Can we get the Abortion quota up, seriously the one place that definitely needs hot chicks.. hell, Am i right Redban","Developed bit: Satan- Can we get the Abortion quota up, seriously the one place that definitely needs hot chicks.. hell, Am i right Redban. Structure: screen sells the premise, escalation beat, button ending. Give it 1-2 minutes max and a hard out.","Build as a macro: 2-4 button presses in sequence (premise visual, escalation, button ending). Manual fallback for each step.","Religious material: land the punchline on the situation, not the faith; expect some walk-outs either direction.","1) SETUP: premise line (SCREEN: premise visual). 2) ESCALATE: 2-3 beats, each a screen change (SCREEN: beat cards/clips) with a laugh break after each. 3) TURN: the surprise beat (SCREEN: switcboard flip). 4) BUTTON ENDING: punchline + button visual (SCREEN: button card) - hold 3s. 5) Hard out, next bit.",Church backdrop plate; choir/organ sting; smart-script review.
,Mid,Bit,Sketch,G,No,Satan we need more homos to keep the hot chicks company.. am i right...person,"Developed bit: Satan we need more homos to keep the hot chicks company.. am i right...person. Structure: screen sells the premise, escalation beat, button ending. Give it 1-2 minutes max and a hard out.","Build as a macro: 2-4 button presses in sequence (premise visual, escalation, button ending). Manual fallback for each step.","Religious material: land the punchline on the situation, not the faith; expect some walk-outs either direction.","1) SETUP: premise line (SCREEN: premise visual). 2) ESCALATE: 2-3 beats, each a screen change (SCREEN: beat cards/clips) with a laugh break after each. 3) TURN: the surprise beat (SCREEN: switcboard flip). 4) BUTTON ENDING: punchline + button visual (SCREEN: button card) - hold 3s. 5) Hard out, next bit.",Church backdrop plate; choir/organ sting; smart-script review.
,Mid,Bit,Tech-Call,G,No,"Do a tkeof of we bring the boom called we bring the Meh for the Walmart guys, or we bring the Gay for Tony Hinchcliffe","Set piece: Tkeof of we bring the boom called we bring the Meh for the Walmart guys, or we bring the Gay for Tony Hinchcliffe. Structure: screen sells the premise, escalation beat, button ending. Give it 1-2 minutes max and a hard out.",Pyro-SFX cue: screens flash + concussive SFX while the performer sells the blast; no real pyro needed.,"Identity material: punch at the absurdity or the power, never at the people; expect walk-outs if it reads mean. IP/likeness caution: parody hard, don't clone names/voices/logos verbatim; pre-cleared or self-made assets only.","1) SETUP: premise line (SCREEN: premise visual). 2) ESCALATE: 2-3 beats, each a screen change (SCREEN: beat cards/clips) with a laugh break after each. 3) TURN: the surprise beat (SCREEN: switcboard flip). 4) BUTTON ENDING: punchline + button visual (SCREEN: button card) - hold 3s. 5) Hard out, next bit.",Flash-frame clip; concussive SFX; screens white-flash macro (no real pyro).
,Mid,Bit,SciFi,G,No,"Say you say that but we see hear this, then show ai clone with accent","Full bit: Say you say that but we see hear this, then show ai clone with accent. Structure: screen sells the premise, escalation beat, button ending. Give it 1-2 minutes max and a hard out.","Build as a macro: 2-4 button presses in sequence (premise visual, escalation, button ending). Manual fallback for each step.",Rehearse cue timing; keep a cut-away button if the room turns.,"1) SETUP: premise line (SCREEN: premise visual). 2) ESCALATE: 2-3 beats, each a screen change (SCREEN: beat cards/clips) with a laugh break after each. 3) TURN: the surprise beat (SCREEN: switcboard flip). 4) BUTTON ENDING: punchline + button visual (SCREEN: button card) - hold 3s. 5) Hard out, next bit.",3-5 graphics/clips + SFX pack; macro wiring; manual fallback for each beat.
,Mid,Bit,Audience,G,No,Isolate an audience on camera Then have the background people Change depending on what the person said,"Developed bit: Isolate an audience on camera Then have the background people Change depending on what the person said. Structure: screen sells the premise, escalation beat, button ending. Give it 1-2 minutes max and a hard out.","Build as a macro: 2-4 button presses in sequence (premise visual, escalation, button ending). Manual fallback for each step.",Rehearse cue timing; keep a cut-away button if the room turns.,"1) SETUP: premise line (SCREEN: premise visual). 2) ESCALATE: 2-3 beats, each a screen change (SCREEN: beat cards/clips) with a laugh break after each. 3) TURN: the surprise beat (SCREEN: switcboard flip). 4) BUTTON ENDING: punchline + button visual (SCREEN: button card) - hold 3s. 5) Hard out, next bit.",3-5 graphics/clips + SFX pack; macro wiring; manual fallback for each beat.
,Mid,Bit,Sketch,G,No,"put a couples faces on pics and say .. ahh here they are oing his, here they are doing that, superimpose on a video being arrested","Developed bit: Put a couples faces on pics and say .. ahh here they are oing his, here they are doing that, superimpose on a video being arrested. Structure: screen sells the premise, escalation beat, button ending. Give it 1-2 minutes max and a hard out.","Mugshot/booking preset: height-chart backdrop, grayscale grade, PERP lower-third with room for a custom name.",Rehearse cue timing; keep a cut-away button if the room turns.,"1) SETUP: premise line (SCREEN: premise visual). 2) ESCALATE: 2-3 beats, each a screen change (SCREEN: beat cards/clips) with a laugh break after each. 3) TURN: the surprise beat (SCREEN: switcboard flip). 4) BUTTON ENDING: punchline + button visual (SCREEN: button card) - hold 3s. 5) Hard out, next bit.",Height-chart backdrop; grayscale LUT; custom-name lower-third; camera-click SFX.
,Mid,Bit,Music,G,No,"Have God sing hymn, contemporary to absolve sin","Developed bit: Have God sing hymn, contemporary to absolve sin. Structure: screen sells the premise, escalation beat, button ending. Give it 1-2 minutes max and a hard out.","Music cue stack: backing track + on-screen lyrics (bouncing ball where noted); lighting macro per song, out on the final sting.","Religious material: land the punchline on the situation, not the faith; expect some walk-outs either direction.","1) SETUP: premise line (SCREEN: premise visual). 2) ESCALATE: 2-3 beats, each a screen change (SCREEN: beat cards/clips) with a laugh break after each. 3) TURN: the surprise beat (SCREEN: switcboard flip). 4) BUTTON ENDING: punchline + button visual (SCREEN: button card) - hold 3s. 5) Hard out, next bit.",Backing track (custom/licensed); lyric overlay template; bouncing-ball animation; song lighting macro; final sting SFX. Church backdrop plate; choir/organ sting; smart-script review.
,Mid,Bit,Sketch,G,No,"When being satan, have someone come in and say that there is no god…. Joke is atheist goes to hell","Full bit: When being satan, have someone come in and say that there is no god…. Joke is atheist goes to hell. Structure: screen sells the premise, escalation beat, button ending. Give it 1-2 minutes max and a hard out.","Build as a macro: 2-4 button presses in sequence (premise visual, escalation, button ending). Manual fallback for each step.","Religious material: land the punchline on the situation, not the faith; expect some walk-outs either direction.","1) SETUP: premise line (SCREEN: premise visual). 2) ESCALATE: 2-3 beats, each a screen change (SCREEN: beat cards/clips) with a laugh break after each. 3) TURN: the surprise beat (SCREEN: switcboard flip). 4) BUTTON ENDING: punchline + button visual (SCREEN: button card) - hold 3s. 5) Hard out, next bit.",Church backdrop plate; choir/organ sting; smart-script review.
,Mid,Bit,Music,G,No,Do a funny short karaoke sing-along like this is your birthday song but something else,"Developed bit: Funny short karaoke sing-along like this is your birthday song but something else. Structure: screen sells the premise, escalation beat, button ending. Give it 1-2 minutes max and a hard out.","Music cue stack: backing track + on-screen lyrics (bouncing ball where noted); lighting macro per song, out on the final sting.",Rehearse cue timing; keep a cut-away button if the room turns.,"1) SETUP: premise line (SCREEN: premise visual). 2) ESCALATE: 2-3 beats, each a screen change (SCREEN: beat cards/clips) with a laugh break after each. 3) TURN: the surprise beat (SCREEN: switcboard flip). 4) BUTTON ENDING: punchline + button visual (SCREEN: button card) - hold 3s. 5) Hard out, next bit.",Backing track (custom/licensed); lyric overlay template; bouncing-ball animation; song lighting macro; final sting SFX. Holiday graphic pack; themed music cue; balloon/party SFX.
,Mid,Bit,Music,G,No,Sing happy birthday to you you belong in a zoo you smell like a monkey and you eat your own poo. Put those words out for sing-along. When it's done have a bozo clown filter and do a crazy laugh and some silly clown thing.,"Set piece: Sing happy birthday to you you belong in a zoo you smell like a monkey and you eat your own poo. Put those words out for sing-along. When it's done have a bozo clown filter and do a crazy laugh and some silly clown thing.. Structure: screen sells the premise, escalation beat, button ending. Give it 1-2 minutes max and a hard out.","Music cue stack: backing track + on-screen lyrics (bouncing ball where noted); lighting macro per song, out on the final sting. + Face-filter stack: each filter on its own app button, cycle order rehearsed; camera-tracked filters need good front-light on the head.",Rehearse cue timing; keep a cut-away button if the room turns.,"1) SETUP: premise line (SCREEN: premise visual). 2) ESCALATE: 2-3 beats, each a screen change (SCREEN: beat cards/clips) with a laugh break after each. 3) TURN: the surprise beat (SCREEN: switcboard flip). 4) BUTTON ENDING: punchline + button visual (SCREEN: button card) - hold 3s. 5) Hard out, next bit.",Backing track (custom/licensed); lyric overlay template; bouncing-ball animation; song lighting macro; final sting SFX. Face-filter pack (list per bit); head-tracking calibration; front-light note. Holiday graphic pack; themed music cue; balloon/party SFX.
,Mid,Bit,Music,G,No,For her birthday do a funny TGIF birthday song takeoff parody,"Set piece: For her birthday do a funny TGIF birthday song takeoff parody. Structure: screen sells the premise, escalation beat, button ending. Give it 1-2 minutes max and a hard out.","Music cue stack: backing track + on-screen lyrics (bouncing ball where noted); lighting macro per song, out on the final sting.",Rehearse cue timing; keep a cut-away button if the room turns.,"1) SETUP: premise line (SCREEN: premise visual). 2) ESCALATE: 2-3 beats, each a screen change (SCREEN: beat cards/clips) with a laugh break after each. 3) TURN: the surprise beat (SCREEN: switcboard flip). 4) BUTTON ENDING: punchline + button visual (SCREEN: button card) - hold 3s. 5) Hard out, next bit.",Backing track (custom/licensed); lyric overlay template; bouncing-ball animation; song lighting macro; final sting SFX. Holiday graphic pack; themed music cue; balloon/party SFX.
,Mid,Bit,SciFi,G,No,Say something that is obviously an AI avatar,"Developed bit: Say something that is obviously an AI avatar. Structure: screen sells the premise, escalation beat, button ending. Give it 1-2 minutes max and a hard out.","Build as a macro: 2-4 button presses in sequence (premise visual, escalation, button ending). Manual fallback for each step.",Rehearse cue timing; keep a cut-away button if the room turns.,"1) SETUP: premise line (SCREEN: premise visual). 2) ESCALATE: 2-3 beats, each a screen change (SCREEN: beat cards/clips) with a laugh break after each. 3) TURN: the surprise beat (SCREEN: switcboard flip). 4) BUTTON ENDING: punchline + button visual (SCREEN: button card) - hold 3s. 5) Hard out, next bit.",3-5 graphics/clips + SFX pack; macro wiring; manual fallback for each beat.
,Mid,Bit,SciFi,G,No,be the white robot talking to the other color robots I,"Set piece: Be the white robot talking to the other color robots I. Structure: screen sells the premise, escalation beat, button ending. Give it 1-2 minutes max and a hard out.","Build as a macro: 2-4 button presses in sequence (premise visual, escalation, button ending). Manual fallback for each step.",Rehearse cue timing; keep a cut-away button if the room turns.,"1) SETUP: premise line (SCREEN: premise visual). 2) ESCALATE: 2-3 beats, each a screen change (SCREEN: beat cards/clips) with a laugh break after each. 3) TURN: the surprise beat (SCREEN: switcboard flip). 4) BUTTON ENDING: punchline + button visual (SCREEN: button card) - hold 3s. 5) Hard out, next bit.",3-5 graphics/clips + SFX pack; macro wiring; manual fallback for each beat.
,Mid,Bit,Politics,PG,y,"be a robot salesman. offer the Kill Tonyedition, where it says i'm not gay you rabllerouser, drink a bud light whie doing Trump, and then spaz like martin","Set piece: Be a robot salesman. offer the Kill Tonyedition, where it says i'm not gay you rabllerouser, drink a bud light whie doing Trump, and then spaz like martin. Structure: screen sells the premise, escalation beat, button ending. Give it 1-2 minutes max and a hard out.","Character-voice preset: distorted face + edited VO clips on buttons; keep it punchline-forward, never a lecture.","Identity material: punch at the absurdity or the power, never at the people; expect walk-outs if it reads mean. Political likeness: punchlines must be bipartisan or self-deprecating; venues book the room they want back.","1) SETUP: premise line (SCREEN: premise visual). 2) ESCALATE: 2-3 beats, each a screen change (SCREEN: beat cards/clips) with a laugh break after each. 3) TURN: the surprise beat (SCREEN: switcboard flip). 4) BUTTON ENDING: punchline + button visual (SCREEN: button card) - hold 3s. 5) Hard out, next bit.",Character-voice preset (face distortion); edited VO clip buttons; punchline-first script.
,Mid,Bit,Commercial,G,No,"start doing act, have station change like somebody has a remote and change the channels, then add commentary on what is on, the turn off tv, get in an on off battle, then offer aa shot and someone brings up the remote","Set piece: Start doing act, have station change like somebody has a remote and change the channels, then add commentary on what is on, the turn off tv, get in an on off battle, then offer aa shot and someone brings up the remote. Structure: screen sells the premise, escalation beat, button ending. Give it 1-2 minutes max and a hard out.","Build as a macro: 2-4 button presses in sequence (premise visual, escalation, button ending). Manual fallback for each step.",Rehearse cue timing; keep a cut-away button if the room turns.,"1) SETUP: premise line (SCREEN: premise visual). 2) ESCALATE: 2-3 beats, each a screen change (SCREEN: beat cards/clips) with a laugh break after each. 3) TURN: the surprise beat (SCREEN: switcboard flip). 4) BUTTON ENDING: punchline + button visual (SCREEN: button card) - hold 3s. 5) Hard out, next bit.",Battery-low banner; dim-to-black preset; power-down chime; restore color-bars beat.
,Mid,Bit,Game,PG,No,"Nuclear war disaster, Shane Gillis is mad scientist who says only way to stop it is BOoBS because that's the password and then after says never mind my bad","Full bit: Nuclear war disaster, Shane Gillis is mad scientist who says only way to stop it is BOoBS because that's the password and then after says never mind my bad. Structure: screen sells the premise, escalation beat, button ending. Give it 1-2 minutes max and a hard out.","Game-show package: scoreboard overlay, lock-in buzzer SFX, board graphics on rear screens; contestant buttons mirror the app.",Rehearse cue timing; keep a cut-away button if the room turns.,"1) SETUP: premise line (SCREEN: premise visual). 2) ESCALATE: 2-3 beats, each a screen change (SCREEN: beat cards/clips) with a laugh break after each. 3) TURN: the surprise beat (SCREEN: switcboard flip). 4) BUTTON ENDING: punchline + button visual (SCREEN: button card) - hold 3s. 5) Hard out, next bit.",Scoreboard overlay; buzzer/lock-in SFX; board/category graphics; contestant app config.
,Mid,Bit,Sketch,PG,No,Put the cat and lion sound effects in from Kill Tony,"Set piece: Put the cat and lion sound effects in from Kill Tony. Structure: screen sells the premise, escalation beat, button ending. Give it 1-2 minutes max and a hard out.","Build as a macro: 2-4 button presses in sequence (premise visual, escalation, button ending). Manual fallback for each step.",Rehearse cue timing; keep a cut-away button if the room turns.,"1) SETUP: premise line (SCREEN: premise visual). 2) ESCALATE: 2-3 beats, each a screen change (SCREEN: beat cards/clips) with a laugh break after each. 3) TURN: the surprise beat (SCREEN: switcboard flip). 4) BUTTON ENDING: punchline + button visual (SCREEN: button card) - hold 3s. 5) Hard out, next bit.",3-5 graphics/clips + SFX pack; macro wiring; manual fallback for each beat.
,Mid,Bit,Sketch,G,No,Celebrity group chat with everybody that's a celebrity,"Full bit: Celebrity group chat with everybody that's a celebrity. Structure: screen sells the premise, escalation beat, button ending. Give it 1-2 minutes max and a hard out.","Build as a macro: 2-4 button presses in sequence (premise visual, escalation, button ending). Manual fallback for each step.",Rehearse cue timing; keep a cut-away button if the room turns.,"1) SETUP: premise line (SCREEN: premise visual). 2) ESCALATE: 2-3 beats, each a screen change (SCREEN: beat cards/clips) with a laugh break after each. 3) TURN: the surprise beat (SCREEN: switcboard flip). 4) BUTTON ENDING: punchline + button visual (SCREEN: button card) - hold 3s. 5) Hard out, next bit.",3-5 graphics/clips + SFX pack; macro wiring; manual fallback for each beat.
,Mid,Bit,Tech-Call,G,No,Listen to voicemails,"Set piece: Listen to voicemails. Structure: screen sells the premise, escalation beat, button ending. Give it 1-2 minutes max and a hard out.","Fake-call UI overlay (FaceTime/Zoom style): ringtone SFX, answer/decline buttons, pre-recorded caller clips cut as clean answers on their own buttons.",Rehearse cue timing; keep a cut-away button if the room turns.,"1) SETUP: premise line (SCREEN: premise visual). 2) ESCALATE: 2-3 beats, each a screen change (SCREEN: beat cards/clips) with a laugh break after each. 3) TURN: the surprise beat (SCREEN: switcboard flip). 4) BUTTON ENDING: punchline + button visual (SCREEN: button card) - hold 3s. 5) Hard out, next bit.",3-5 graphics/clips + SFX pack; macro wiring; manual fallback for each beat.
,Mid,Bit,Sketch,G,No,Boom roasted,"Full bit: Boom roasted. Structure: screen sells the premise, escalation beat, button ending. Give it 1-2 minutes max and a hard out.",Pyro-SFX cue: screens flash + concussive SFX while the performer sells the blast; no real pyro needed.,Rehearse cue timing; keep a cut-away button if the room turns.,"1) SETUP: premise line (SCREEN: premise visual). 2) ESCALATE: 2-3 beats, each a screen change (SCREEN: beat cards/clips) with a laugh break after each. 3) TURN: the surprise beat (SCREEN: switcboard flip). 4) BUTTON ENDING: punchline + button visual (SCREEN: button card) - hold 3s. 5) Hard out, next bit.",Flash-frame clip; concussive SFX; screens white-flash macro (no real pyro).
,Mid,Bit,Sketch,G,No,Smoke alarm w blacks,"Set piece: Smoke alarm w blacks. Structure: screen sells the premise, escalation beat, button ending. Give it 1-2 minutes max and a hard out.","Build as a macro: 2-4 button presses in sequence (premise visual, escalation, button ending). Manual fallback for each step.",Rehearse cue timing; keep a cut-away button if the room turns.,"1) SETUP: premise line (SCREEN: premise visual). 2) ESCALATE: 2-3 beats, each a screen change (SCREEN: beat cards/clips) with a laugh break after each. 3) TURN: the surprise beat (SCREEN: switcboard flip). 4) BUTTON ENDING: punchline + button visual (SCREEN: button card) - hold 3s. 5) Hard out, next bit.",3-5 graphics/clips + SFX pack; macro wiring; manual fallback for each beat.
,Mid,Bit,Sketch,G,No,Trying to get someone to pick you up by giving nondescript landmarks like I'm next to McDonald's and there's a stop sign park next to a blue car until finally saying oh I'm right across from the arch,"Full bit: Trying to get someone to pick you up by giving nondescript landmarks like I'm next to McDonald's and there's a stop sign park next to a blue car until finally saying oh I'm right across from the arch. Structure: screen sells the premise, escalation beat, button ending. Give it 1-2 minutes max and a hard out.","Build as a macro: 2-4 button presses in sequence (premise visual, escalation, button ending). Manual fallback for each step.",Rehearse cue timing; keep a cut-away button if the room turns.,"1) SETUP: premise line (SCREEN: premise visual). 2) ESCALATE: 2-3 beats, each a screen change (SCREEN: beat cards/clips) with a laugh break after each. 3) TURN: the surprise beat (SCREEN: switcboard flip). 4) BUTTON ENDING: punchline + button visual (SCREEN: button card) - hold 3s. 5) Hard out, next bit.",3-5 graphics/clips + SFX pack; macro wiring; manual fallback for each beat.
,Mid,Bit,Sketch,G,No,,(no idea written yet - fill this row in later),"Build as a macro: 2-4 button presses in sequence (premise visual, escalation, button ending). Manual fallback for each step.",Rehearse cue timing; keep a cut-away button if the room turns.,"1) SETUP: premise line (SCREEN: premise visual). 2) ESCALATE: 2-3 beats, each a screen change (SCREEN: beat cards/clips) with a laugh break after each. 3) TURN: the surprise beat (SCREEN: switcboard flip). 4) BUTTON ENDING: punchline + button visual (SCREEN: button card) - hold 3s. 5) Hard out, next bit.",3-5 graphics/clips + SFX pack; macro wiring; manual fallback for each beat.
,Mid,Bit,Audience,G,No,"Knock, knock, who's there, Madame, Madame who, audience camera shows the person to finish the joke","Developed bit: Knock, knock, who's there, Madame, Madame who, audience camera shows the person to finish the joke. Structure: screen sells the premise, escalation beat, button ending. Give it 1-2 minutes max and a hard out.","Audience-cam pass-through to head/rear screens; rehearse crop/freeze on a stand-in, keep latency under ~200ms.",Rehearse cue timing; keep a cut-away button if the room turns.,"1) SETUP: premise line (SCREEN: premise visual). 2) ESCALATE: 2-3 beats, each a screen change (SCREEN: beat cards/clips) with a laugh break after each. 3) TURN: the surprise beat (SCREEN: switcboard flip). 4) BUTTON ENDING: punchline + button visual (SCREEN: button card) - hold 3s. 5) Hard out, next bit.",Audience-cam feed config; crop/freeze preset; optional grade LUT (grayscale/heart frame).
,Mid,Bit,Sketch,G,No,,(no idea written yet - fill this row in later),"Build as a macro: 2-4 button presses in sequence (premise visual, escalation, button ending). Manual fallback for each step.",Rehearse cue timing; keep a cut-away button if the room turns.,"1) SETUP: premise line (SCREEN: premise visual). 2) ESCALATE: 2-3 beats, each a screen change (SCREEN: beat cards/clips) with a laugh break after each. 3) TURN: the surprise beat (SCREEN: switcboard flip). 4) BUTTON ENDING: punchline + button visual (SCREEN: button card) - hold 3s. 5) Hard out, next bit.",3-5 graphics/clips + SFX pack; macro wiring; manual fallback for each beat.
,Mid,Bit,Commercial,G,No,Add sound effects for racial rose like turning Japanese and movie quotes like ordering the court or you can't handle the truth,"Full bit: Add sound effects for racial rose like turning Japanese and movie quotes like ordering the court or you can't handle the truth. Structure: screen sells the premise, escalation beat, button ending. Give it 1-2 minutes max and a hard out.","Build as a macro: 2-4 button presses in sequence (premise visual, escalation, button ending). Manual fallback for each step.","IP/likeness caution: parody hard, don't clone names/voices/logos verbatim; pre-cleared or self-made assets only.","1) SETUP: premise line (SCREEN: premise visual). 2) ESCALATE: 2-3 beats, each a screen change (SCREEN: beat cards/clips) with a laugh break after each. 3) TURN: the surprise beat (SCREEN: switcboard flip). 4) BUTTON ENDING: punchline + button visual (SCREEN: button card) - hold 3s. 5) Hard out, next bit.",3-5 graphics/clips + SFX pack; macro wiring; manual fallback for each beat.
,Mid,Bit,Sketch,G,No,Do something glow in the dark,"Developed bit: Do something glow in the dark. Structure: screen sells the premise, escalation beat, button ending. Give it 1-2 minutes max and a hard out.","Build as a macro: 2-4 button presses in sequence (premise visual, escalation, button ending). Manual fallback for each step.",Rehearse cue timing; keep a cut-away button if the room turns.,"1) SETUP: premise line (SCREEN: premise visual). 2) ESCALATE: 2-3 beats, each a screen change (SCREEN: beat cards/clips) with a laugh break after each. 3) TURN: the surprise beat (SCREEN: switcboard flip). 4) BUTTON ENDING: punchline + button visual (SCREEN: button card) - hold 3s. 5) Hard out, next bit.",3-5 graphics/clips + SFX pack; macro wiring; manual fallback for each beat.
,Mid,Bit,SciFi,G,No,Airbags go off when crash and burn,"Developed bit: Airbags go off when crash and burn. Structure: screen sells the premise, escalation beat, button ending. Give it 1-2 minutes max and a hard out.","System-glitch presets: BSOD, buffering wheel, test-pattern - each on its own button with matching SFX; face restores with a reboot chime. + Burn preset: thug-life sticker/grade + 'ohhh' sting SFX on one button; fire once, then back to material.",Rehearse cue timing; keep a cut-away button if the room turns.,"1) SETUP: premise line (SCREEN: premise visual). 2) ESCALATE: 2-3 beats, each a screen change (SCREEN: beat cards/clips) with a laugh break after each. 3) TURN: the surprise beat (SCREEN: switcboard flip). 4) BUTTON ENDING: punchline + button visual (SCREEN: button card) - hold 3s. 5) Hard out, next bit.",BSOD card; buffering spinner animation; color-bars card; power-down + reboot chimes. Thug-life sticker pack; 'ohhh' sting SFX; auto-reset burn preset.
,Mid,Bit,Sketch,G,No,"threaten to pu on 2 bears 1 cave, then run a clip","Full bit: Threaten to pu on 2 bears 1 cave, then run a clip. Structure: screen sells the premise, escalation beat, button ending. Give it 1-2 minutes max and a hard out.","Build as a macro: 2-4 button presses in sequence (premise visual, escalation, button ending). Manual fallback for each step.",Rehearse cue timing; keep a cut-away button if the room turns.,"1) SETUP: premise line (SCREEN: premise visual). 2) ESCALATE: 2-3 beats, each a screen change (SCREEN: beat cards/clips) with a laugh break after each. 3) TURN: the surprise beat (SCREEN: switcboard flip). 4) BUTTON ENDING: punchline + button visual (SCREEN: button card) - hold 3s. 5) Hard out, next bit.",3-5 graphics/clips + SFX pack; macro wiring; manual fallback for each beat.
,Mid,Bit,Commercial,G,No,Do something for DMadness and blind people (closed caption),"Developed bit: Do something for DMadness and blind people (closed caption). Structure: screen sells the premise, escalation beat, button ending. Give it 1-2 minutes max and a hard out.",Caption/translator overlay: live or pre-typed captions on the lower third; pre-type the punchline mistranslations.,"Disability material: very high risk; only works if the joke lands on the mocker, never the mocked.","1) SETUP: premise line (SCREEN: premise visual). 2) ESCALATE: 2-3 beats, each a screen change (SCREEN: beat cards/clips) with a laugh break after each. 3) TURN: the surprise beat (SCREEN: switcboard flip). 4) BUTTON ENDING: punchline + button visual (SCREEN: button card) - hold 3s. 5) Hard out, next bit.",Caption overlay template; brandable font pack; pre-typed punchline captions.
,Mid,Bit,Politics,G,y,"Audence speed date.  ask absurd would you rather.. transgender son/ho daughter, score it on screen, last one Trump or.., that leads into 'Here Comes the President' (Hamilton)","Set piece: Audence speed date. ask absurd would you rather.. transgender son/ho daughter, score it on screen, last one Trump or.., that leads into 'Here Comes the President' (Hamilton). Structure: screen sells the premise, escalation beat, button ending. Give it 1-2 minutes max and a hard out.","Character-voice preset: distorted face + edited VO clips on buttons; keep it punchline-forward, never a lecture.","Identity material: punch at the absurdity or the power, never at the people; expect walk-outs if it reads mean. IP/likeness caution: parody hard, don't clone names/voices/logos verbatim; pre-cleared or self-made assets only.","1) SETUP: premise line (SCREEN: premise visual). 2) ESCALATE: 2-3 beats, each a screen change (SCREEN: beat cards/clips) with a laugh break after each. 3) TURN: the surprise beat (SCREEN: switcboard flip). 4) BUTTON ENDING: punchline + button visual (SCREEN: button card) - hold 3s. 5) Hard out, next bit.",Character-voice preset (face distortion); edited VO clip buttons; punchline-first script.
,Mid,Bit,SciFi,PG,No,"Kill Tony interview, talk about water autism, food autism, music autism, set up ai girlfriend to answer Tony","Developed bit: Kill Tony interview, talk about water autism, food autism, music autism, set up ai girlfriend to answer Tony. Structure: screen sells the premise, escalation beat, button ending. Give it 1-2 minutes max and a hard out.","Build as a macro: 2-4 button presses in sequence (premise visual, escalation, button ending). Manual fallback for each step.",Rehearse cue timing; keep a cut-away button if the room turns.,"1) SETUP: premise line (SCREEN: premise visual). 2) ESCALATE: 2-3 beats, each a screen change (SCREEN: beat cards/clips) with a laugh break after each. 3) TURN: the surprise beat (SCREEN: switcboard flip). 4) BUTTON ENDING: punchline + button visual (SCREEN: button card) - hold 3s. 5) Hard out, next bit.",3-5 graphics/clips + SFX pack; macro wiring; manual fallback for each beat.
,Mid,Bit,Sketch,G,No,Play something pre-recorded like Ahren Belisle,"Full bit: Play something pre-recorded like Ahren Belisle. Structure: screen sells the premise, escalation beat, button ending. Give it 1-2 minutes max and a hard out.","Game-show package: scoreboard overlay, lock-in buzzer SFX, board graphics on rear screens; contestant buttons mirror the app.",Rehearse cue timing; keep a cut-away button if the room turns.,"1) SETUP: premise line (SCREEN: premise visual). 2) ESCALATE: 2-3 beats, each a screen change (SCREEN: beat cards/clips) with a laugh break after each. 3) TURN: the surprise beat (SCREEN: switcboard flip). 4) BUTTON ENDING: punchline + button visual (SCREEN: button card) - hold 3s. 5) Hard out, next bit.",3-5 graphics/clips + SFX pack; macro wiring; manual fallback for each beat.
,Mid,Bit,Sketch,G,No,Mime face,"Developed bit: Mime face. Structure: screen sells the premise, escalation beat, button ending. Give it 1-2 minutes max and a hard out.","Build as a macro: 2-4 button presses in sequence (premise visual, escalation, button ending). Manual fallback for each step.",Rehearse cue timing; keep a cut-away button if the room turns.,"1) SETUP: premise line (SCREEN: premise visual). 2) ESCALATE: 2-3 beats, each a screen change (SCREEN: beat cards/clips) with a laugh break after each. 3) TURN: the surprise beat (SCREEN: switcboard flip). 4) BUTTON ENDING: punchline + button visual (SCREEN: button card) - hold 3s. 5) Hard out, next bit.",3-5 graphics/clips + SFX pack; macro wiring; manual fallback for each beat.
,Mid,Bit,Sketch,G,No,Have character that quotes office,"Full bit: Have character that quotes office. Structure: screen sells the premise, escalation beat, button ending. Give it 1-2 minutes max and a hard out.","Build as a macro: 2-4 button presses in sequence (premise visual, escalation, button ending). Manual fallback for each step.",Rehearse cue timing; keep a cut-away button if the room turns.,"1) SETUP: premise line (SCREEN: premise visual). 2) ESCALATE: 2-3 beats, each a screen change (SCREEN: beat cards/clips) with a laugh break after each. 3) TURN: the surprise beat (SCREEN: switcboard flip). 4) BUTTON ENDING: punchline + button visual (SCREEN: button card) - hold 3s. 5) Hard out, next bit.",3-5 graphics/clips + SFX pack; macro wiring; manual fallback for each beat.
,Hard,Bit,Music,G,y,"Do parody songs like weird Al, but do them as characters like Trump singing the parody of a hit song","Developed bit: Do parody songs like weird Al, but do them as characters like Trump singing the parody of a hit song. Structure: screen sells the premise, escalation beat, button ending. Give it 1-2 minutes max and a hard out.","Music cue stack: backing track + on-screen lyrics (bouncing ball where noted); lighting macro per song, out on the final sting. + Character-voice preset: distorted face + edited VO clips on buttons; keep it punchline-forward, never a lecture.","IP/likeness caution: parody hard, don't clone names/voices/logos verbatim; pre-cleared or self-made assets only. Political likeness: punchlines must be bipartisan or self-deprecating; venues book the room they want back.","1) SETUP: premise line (SCREEN: premise visual). 2) ESCALATE: 2-3 beats, each a screen change (SCREEN: beat cards/clips) with a laugh break after each. 3) TURN: the surprise beat (SCREEN: switcboard flip). 4) BUTTON ENDING: punchline + button visual (SCREEN: button card) - hold 3s. 5) Hard out, next bit.",Backing track (custom/licensed); lyric overlay template; bouncing-ball animation; song lighting macro; final sting SFX. Character-voice preset (face distortion); edited VO clip buttons; punchline-first script.
,Mid,Bit,Sketch,G,No,"have drums, or horns, and fireworks or something for roast and big joke punch","Developed bit: Have drums, or horns, and fireworks or something for roast and big joke punch. Structure: screen sells the premise, escalation beat, button ending. Give it 1-2 minutes max and a hard out.",Pyro-SFX cue: screens flash + concussive SFX while the performer sells the blast; no real pyro needed.,Rehearse cue timing; keep a cut-away button if the room turns.,"1) SETUP: premise line (SCREEN: premise visual). 2) ESCALATE: 2-3 beats, each a screen change (SCREEN: beat cards/clips) with a laugh break after each. 3) TURN: the surprise beat (SCREEN: switcboard flip). 4) BUTTON ENDING: punchline + button visual (SCREEN: button card) - hold 3s. 5) Hard out, next bit.",Flash-frame clip; concussive SFX; screens white-flash macro (no real pyro).
,Mid,Bit,Sketch,G,No,you can do it,"Full bit: You can do it. Structure: screen sells the premise, escalation beat, button ending. Give it 1-2 minutes max and a hard out.","Build as a macro: 2-4 button presses in sequence (premise visual, escalation, button ending). Manual fallback for each step.",Rehearse cue timing; keep a cut-away button if the room turns.,"1) SETUP: premise line (SCREEN: premise visual). 2) ESCALATE: 2-3 beats, each a screen change (SCREEN: beat cards/clips) with a laugh break after each. 3) TURN: the surprise beat (SCREEN: switcboard flip). 4) BUTTON ENDING: punchline + button visual (SCREEN: button card) - hold 3s. 5) Hard out, next bit.",3-5 graphics/clips + SFX pack; macro wiring; manual fallback for each beat.
,Mid,Bit,SciFi,G,No,"Caitlin Jenner walks in, then Bruce arrives, argument ensues aout her cutting of his wiener","Developed bit: Caitlin Jenner walks in, then Bruce arrives, argument ensues aout her cutting of his wiener. Structure: screen sells the premise, escalation beat, button ending. Give it 1-2 minutes max and a hard out.","Build as a macro: 2-4 button presses in sequence (premise visual, escalation, button ending). Manual fallback for each step.",Rehearse cue timing; keep a cut-away button if the room turns.,"1) SETUP: premise line (SCREEN: premise visual). 2) ESCALATE: 2-3 beats, each a screen change (SCREEN: beat cards/clips) with a laugh break after each. 3) TURN: the surprise beat (SCREEN: switcboard flip). 4) BUTTON ENDING: punchline + button visual (SCREEN: button card) - hold 3s. 5) Hard out, next bit.",3-5 graphics/clips + SFX pack; macro wiring; manual fallback for each beat.
,Mid,Bit,SciFi,G,No,"Comedy Court with AI and HC, interview then try case","Full bit: Comedy Court with AI and HC, interview then try case. Structure: screen sells the premise, escalation beat, button ending. Give it 1-2 minutes max and a hard out.","Build as a macro: 2-4 button presses in sequence (premise visual, escalation, button ending). Manual fallback for each step.",Rehearse cue timing; keep a cut-away button if the room turns.,"1) SETUP: premise line (SCREEN: premise visual). 2) ESCALATE: 2-3 beats, each a screen change (SCREEN: beat cards/clips) with a laugh break after each. 3) TURN: the surprise beat (SCREEN: switcboard flip). 4) BUTTON ENDING: punchline + button visual (SCREEN: button card) - hold 3s. 5) Hard out, next bit.",3-5 graphics/clips + SFX pack; macro wiring; manual fallback for each beat.
,Mid,Bit,Sketch,G,No,Redo jokes people know with a different punchline,"Set piece: Redo jokes people know with a different punchline. Structure: screen sells the premise, escalation beat, button ending. Give it 1-2 minutes max and a hard out.","Build as a macro: 2-4 button presses in sequence (premise visual, escalation, button ending). Manual fallback for each step.",Rehearse cue timing; keep a cut-away button if the room turns.,"1) SETUP: premise line (SCREEN: premise visual). 2) ESCALATE: 2-3 beats, each a screen change (SCREEN: beat cards/clips) with a laugh break after each. 3) TURN: the surprise beat (SCREEN: switcboard flip). 4) BUTTON ENDING: punchline + button visual (SCREEN: button card) - hold 3s. 5) Hard out, next bit.",3-5 graphics/clips + SFX pack; macro wiring; manual fallback for each beat.
,Mid,Bit,Sketch,G,No,Rodney Dangerfields wife has audio tapes of jokes rodney never performed(Harland Williams),"Full bit: Rodney Dangerfields wife has audio tapes of jokes rodney never performed(Harland Williams). Structure: screen sells the premise, escalation beat, button ending. Give it 1-2 minutes max and a hard out.","Build as a macro: 2-4 button presses in sequence (premise visual, escalation, button ending). Manual fallback for each step.",Rehearse cue timing; keep a cut-away button if the room turns.,"1) SETUP: premise line (SCREEN: premise visual). 2) ESCALATE: 2-3 beats, each a screen change (SCREEN: beat cards/clips) with a laugh break after each. 3) TURN: the surprise beat (SCREEN: switcboard flip). 4) BUTTON ENDING: punchline + button visual (SCREEN: button card) - hold 3s. 5) Hard out, next bit.",3-5 graphics/clips + SFX pack; macro wiring; manual fallback for each beat.
,Mid,Bit,Sketch,G,No,Death Threat Counter changes after telling a joke,"Set piece: Death Threat Counter changes after telling a joke. Structure: screen sells the premise, escalation beat, button ending. Give it 1-2 minutes max and a hard out.","Build as a macro: 2-4 button presses in sequence (premise visual, escalation, button ending). Manual fallback for each step.",Rehearse cue timing; keep a cut-away button if the room turns.,"1) SETUP: premise line (SCREEN: premise visual). 2) ESCALATE: 2-3 beats, each a screen change (SCREEN: beat cards/clips) with a laugh break after each. 3) TURN: the surprise beat (SCREEN: switcboard flip). 4) BUTTON ENDING: punchline + button visual (SCREEN: button card) - hold 3s. 5) Hard out, next bit.",3-5 graphics/clips + SFX pack; macro wiring; manual fallback for each beat.
,Mid,Bit,SciFi,G,No,"Have a KT group chat, shared dick pic, William vid of redban mo, stop, Willaim vid never gonna stop","Set piece: Have a KT group chat, shared dick pic, William vid of redban mo, stop, Willaim vid never gonna stop. Structure: screen sells the premise, escalation beat, button ending. Give it 1-2 minutes max and a hard out.","Build as a macro: 2-4 button presses in sequence (premise visual, escalation, button ending). Manual fallback for each step.",Rehearse cue timing; keep a cut-away button if the room turns.,"1) SETUP: premise line (SCREEN: premise visual). 2) ESCALATE: 2-3 beats, each a screen change (SCREEN: beat cards/clips) with a laugh break after each. 3) TURN: the surprise beat (SCREEN: switcboard flip). 4) BUTTON ENDING: punchline + button visual (SCREEN: button card) - hold 3s. 5) Hard out, next bit.",3-5 graphics/clips + SFX pack; macro wiring; manual fallback for each beat.
,Mid,Bit,Audience,G,No,"Put on ai glasses, show what I see of the audience, demons, doing creepy things","Developed bit: Put on ai glasses, show what I see of the audience, demons, doing creepy things. Structure: screen sells the premise, escalation beat, button ending. Give it 1-2 minutes max and a hard out.","Build as a macro: 2-4 button presses in sequence (premise visual, escalation, button ending). Manual fallback for each step.",Rehearse cue timing; keep a cut-away button if the room turns.,"1) SETUP: premise line (SCREEN: premise visual). 2) ESCALATE: 2-3 beats, each a screen change (SCREEN: beat cards/clips) with a laugh break after each. 3) TURN: the surprise beat (SCREEN: switcboard flip). 4) BUTTON ENDING: punchline + button visual (SCREEN: button card) - hold 3s. 5) Hard out, next bit.",3-5 graphics/clips + SFX pack; macro wiring; manual fallback for each beat.
,Mid,Bit,Sketch,G,No,"ghostly abarition, spooky voice","Full bit: Ghostly abarition, spooky voice. Structure: screen sells the premise, escalation beat, button ending. Give it 1-2 minutes max and a hard out.","Build as a macro: 2-4 button presses in sequence (premise visual, escalation, button ending). Manual fallback for each step.",Rehearse cue timing; keep a cut-away button if the room turns.,"1) SETUP: premise line (SCREEN: premise visual). 2) ESCALATE: 2-3 beats, each a screen change (SCREEN: beat cards/clips) with a laugh break after each. 3) TURN: the surprise beat (SCREEN: switcboard flip). 4) BUTTON ENDING: punchline + button visual (SCREEN: button card) - hold 3s. 5) Hard out, next bit.",3-5 graphics/clips + SFX pack; macro wiring; manual fallback for each beat.
,Mid,Bit,Commercial,R,No,"D Madness simulator. blank screen with horizontal stripes. hey you the with th big boobs.. D Madness Flight simulator, explosion, oh fuck.","Developed bit: D Madness simulator. blank screen with horizontal stripes. hey you the with th big boobs.. D Madness Flight simulator, explosion, oh fuck.. Structure: screen sells the premise, escalation beat, button ending. Give it 1-2 minutes max and a hard out.",Pyro-SFX cue: screens flash + concussive SFX while the performer sells the blast; no real pyro needed.,Rehearse cue timing; keep a cut-away button if the room turns.,"1) SETUP: premise line (SCREEN: premise visual). 2) ESCALATE: 2-3 beats, each a screen change (SCREEN: beat cards/clips) with a laugh break after each. 3) TURN: the surprise beat (SCREEN: switcboard flip). 4) BUTTON ENDING: punchline + button visual (SCREEN: button card) - hold 3s. 5) Hard out, next bit.",Flash-frame clip; concussive SFX; screens white-flash macro (no real pyro).
,Mid,Bit,SciFi,G,No,"D Madness sees stripes, but then sees rainbow stripes of Tony silhouette","Developed bit: D Madness sees stripes, but then sees rainbow stripes of Tony silhouette. Structure: screen sells the premise, escalation beat, button ending. Give it 1-2 minutes max and a hard out.","Build as a macro: 2-4 button presses in sequence (premise visual, escalation, button ending). Manual fallback for each step.",Rehearse cue timing; keep a cut-away button if the room turns.,"1) SETUP: premise line (SCREEN: premise visual). 2) ESCALATE: 2-3 beats, each a screen change (SCREEN: beat cards/clips) with a laugh break after each. 3) TURN: the surprise beat (SCREEN: switcboard flip). 4) BUTTON ENDING: punchline + button visual (SCREEN: button card) - hold 3s. 5) Hard out, next bit.",3-5 graphics/clips + SFX pack; macro wiring; manual fallback for each beat.
,Mid,Bit,Politics,G,y,"Trump says something, libs do opposite, guzzle Tylenol, shoot themselves...","Developed bit: Trump says something, libs do opposite, guzzle Tylenol, shoot themselves.... Structure: screen sells the premise, escalation beat, button ending. Give it 1-2 minutes max and a hard out.","Character-voice preset: distorted face + edited VO clips on buttons; keep it punchline-forward, never a lecture.",Political likeness: punchlines must be bipartisan or self-deprecating; venues book the room they want back.,"1) SETUP: premise line (SCREEN: premise visual). 2) ESCALATE: 2-3 beats, each a screen change (SCREEN: beat cards/clips) with a laugh break after each. 3) TURN: the surprise beat (SCREEN: switcboard flip). 4) BUTTON ENDING: punchline + button visual (SCREEN: button card) - hold 3s. 5) Hard out, next bit.",Character-voice preset (face distortion); edited VO clip buttons; punchline-first script.
,Mid,Bit,SciFi,G,No,"It has been 0 days since someone heckled something stupid... change from 9 days, display again but minutes changed to 0","Full bit: It has been 0 days since someone heckled something stupid... change from 9 days, display again but minutes changed to 0. Structure: screen sells the premise, escalation beat, button ending. Give it 1-2 minutes max and a hard out.","Game-show package: scoreboard overlay, lock-in buzzer SFX, board graphics on rear screens; contestant buttons mirror the app.",Rehearse cue timing; keep a cut-away button if the room turns.,"1) SETUP: premise line (SCREEN: premise visual). 2) ESCALATE: 2-3 beats, each a screen change (SCREEN: beat cards/clips) with a laugh break after each. 3) TURN: the surprise beat (SCREEN: switcboard flip). 4) BUTTON ENDING: punchline + button visual (SCREEN: button card) - hold 3s. 5) Hard out, next bit.",3-5 graphics/clips + SFX pack; macro wiring; manual fallback for each beat.
,Mid,Bit,Sketch,G,No,Googe translate drunk or mrmr,"Full bit: Googe translate drunk or mrmr. Structure: screen sells the premise, escalation beat, button ending. Give it 1-2 minutes max and a hard out.","Build as a macro: 2-4 button presses in sequence (premise visual, escalation, button ending). Manual fallback for each step.","Identity material: punch at the absurdity or the power, never at the people; expect walk-outs if it reads mean.","1) SETUP: premise line (SCREEN: premise visual). 2) ESCALATE: 2-3 beats, each a screen change (SCREEN: beat cards/clips) with a laugh break after each. 3) TURN: the surprise beat (SCREEN: switcboard flip). 4) BUTTON ENDING: punchline + button visual (SCREEN: button card) - hold 3s. 5) Hard out, next bit.",Goo/slime overlay animation; splat SFX; cleanup note for real props.
,Mid,Bit,SciFi,G,No,have a person beam in and it looks like proto hologram,"Developed bit: Have a person beam in and it looks like proto hologram. Structure: screen sells the premise, escalation beat, button ending. Give it 1-2 minutes max and a hard out.","Build as a macro: 2-4 button presses in sequence (premise visual, escalation, button ending). Manual fallback for each step.",Rehearse cue timing; keep a cut-away button if the room turns.,"1) SETUP: premise line (SCREEN: premise visual). 2) ESCALATE: 2-3 beats, each a screen change (SCREEN: beat cards/clips) with a laugh break after each. 3) TURN: the surprise beat (SCREEN: switcboard flip). 4) BUTTON ENDING: punchline + button visual (SCREEN: button card) - hold 3s. 5) Hard out, next bit.",Space/cockpit background plates; abduction beam clip; sci-fi SFX pack.
,Mid,Bit,SciFi,R,No,Macho guy says I don't know what Vaseline is for. I don't know what baby powder is for. I don't care. Do you guys know what baby powder is for? Yeah well then you're a bunch of fucking babies. You know if I thought maybe my baby needed some cocaine. I'd give him some fucking baby powder,"Developed bit: Macho guy says I don't know what Vaseline is for. I don't know what baby powder is for. I don't care. Do you guys know what baby powder is for? Yeah well then you're a bunch of fucking babies. You know if I thought maybe my baby needed some cocaine. I'd give him some fucking baby powder. Structure: screen sells the premise, escalation beat, button ending. Give it 1-2 minutes max and a hard out.","Build as a macro: 2-4 button presses in sequence (premise visual, escalation, button ending). Manual fallback for each step.",Rehearse cue timing; keep a cut-away button if the room turns.,"1) SETUP: premise line (SCREEN: premise visual). 2) ESCALATE: 2-3 beats, each a screen change (SCREEN: beat cards/clips) with a laugh break after each. 3) TURN: the surprise beat (SCREEN: switcboard flip). 4) BUTTON ENDING: punchline + button visual (SCREEN: button card) - hold 3s. 5) Hard out, next bit.",3-5 graphics/clips + SFX pack; macro wiring; manual fallback for each beat.
,Mid,Bit,Tech-Call,G,No,Macho guy not playing tennis that's gay. You got nothing. You're a loser. You gotta call that love you're gay  anal no explanation needed.,"Developed bit: Macho guy not playing tennis that's gay. You got nothing. You're a loser. You gotta call that love you're gay anal no explanation needed.. Structure: screen sells the premise, escalation beat, button ending. Give it 1-2 minutes max and a hard out.","Fake-call UI overlay (FaceTime/Zoom style): ringtone SFX, answer/decline buttons, pre-recorded caller clips cut as clean answers on their own buttons. + Game-show package: scoreboard overlay, lock-in buzzer SFX, board graphics on rear screens; contestant buttons mirror the app.","Identity material: punch at the absurdity or the power, never at the people; expect walk-outs if it reads mean.","1) SETUP: premise line (SCREEN: premise visual). 2) ESCALATE: 2-3 beats, each a screen change (SCREEN: beat cards/clips) with a laugh break after each. 3) TURN: the surprise beat (SCREEN: switcboard flip). 4) BUTTON ENDING: punchline + button visual (SCREEN: button card) - hold 3s. 5) Hard out, next bit.",3-5 graphics/clips + SFX pack; macro wiring; manual fallback for each beat.
,Mid,Bit,Commercial,G,No,"Groups comin because they don't like that are tired of people saying the 'X' Word, we are tired of people saying the N word, the c word, the B wor, the R word, the D word, the F word , the T word(tranny), this PSA was brought to you by the letters F, U and the number 1(middle finger)","Full bit: Groups comin because they don't like that are tired of people saying the 'X' Word, we are tired of people saying the N word, the c word, the B wor, the R word, the D word, the F word , the T word(tranny), this PSA was brought to you by the letters F, U and the number 1(middle finger). Structure: screen sells the premise, escalation beat, button ending. Give it 1-2 minutes max and a hard out.","Build as a macro: 2-4 button presses in sequence (premise visual, escalation, button ending). Manual fallback for each step.",Rehearse cue timing; keep a cut-away button if the room turns.,"1) SETUP: premise line (SCREEN: premise visual). 2) ESCALATE: 2-3 beats, each a screen change (SCREEN: beat cards/clips) with a laugh break after each. 3) TURN: the surprise beat (SCREEN: switcboard flip). 4) BUTTON ENDING: punchline + button visual (SCREEN: button card) - hold 3s. 5) Hard out, next bit.",3-5 graphics/clips + SFX pack; macro wiring; manual fallback for each beat.
,Mid,Bit,SciFi,G,No,Give out ArtI awards and then make AI videos of the acceptance speech,"Full bit: Give out ArtI awards and then make AI videos of the acceptance speech. Structure: screen sells the premise, escalation beat, button ending. Give it 1-2 minutes max and a hard out.","Build as a macro: 2-4 button presses in sequence (premise visual, escalation, button ending). Manual fallback for each step.",Rehearse cue timing; keep a cut-away button if the room turns.,"1) SETUP: premise line (SCREEN: premise visual). 2) ESCALATE: 2-3 beats, each a screen change (SCREEN: beat cards/clips) with a laugh break after each. 3) TURN: the surprise beat (SCREEN: switcboard flip). 4) BUTTON ENDING: punchline + button visual (SCREEN: button card) - hold 3s. 5) Hard out, next bit.",3-5 graphics/clips + SFX pack; macro wiring; manual fallback for each beat.
,Mid,Bit,Sketch,G,No,"Do something with the fun names. Mike Oxlong, Nick Kerr, Max Imumgay","Developed bit: Do something with the fun names. Mike Oxlong, Nick Kerr, Max Imumgay. Structure: screen sells the premise, escalation beat, button ending. Give it 1-2 minutes max and a hard out.","Build as a macro: 2-4 button presses in sequence (premise visual, escalation, button ending). Manual fallback for each step.",Rehearse cue timing; keep a cut-away button if the room turns.,"1) SETUP: premise line (SCREEN: premise visual). 2) ESCALATE: 2-3 beats, each a screen change (SCREEN: beat cards/clips) with a laugh break after each. 3) TURN: the surprise beat (SCREEN: switcboard flip). 4) BUTTON ENDING: punchline + button visual (SCREEN: button card) - hold 3s. 5) Hard out, next bit.",3-5 graphics/clips + SFX pack; macro wiring; manual fallback for each beat.
,Mid,Bit,SciFi,G,No,"Steal Tony: starring Carlos Mencia, Amy Schumer(both doing the Puerto Rico joke), then Head Case doing William Montgomery saying Is AI stealing jokes? I ant never gonna stop!","Developed bit: Steal Tony: starring Carlos Mencia, Amy Schumer(both doing the Puerto Rico joke), then Head Case doing William Montgomery saying Is AI stealing jokes? I ant never gonna stop!. Structure: screen sells the premise, escalation beat, button ending. Give it 1-2 minutes max and a hard out.","Build as a macro: 2-4 button presses in sequence (premise visual, escalation, button ending). Manual fallback for each step.","IP/likeness caution: parody hard, don't clone names/voices/logos verbatim; pre-cleared or self-made assets only.","1) SETUP: premise line (SCREEN: premise visual). 2) ESCALATE: 2-3 beats, each a screen change (SCREEN: beat cards/clips) with a laugh break after each. 3) TURN: the surprise beat (SCREEN: switcboard flip). 4) BUTTON ENDING: punchline + button visual (SCREEN: button card) - hold 3s. 5) Hard out, next bit.",3-5 graphics/clips + SFX pack; macro wiring; manual fallback for each beat.
,Mid,Bit,Audience,G,No,"God giving a sermon, praise me, pointing out audience and their sins","Set piece: God giving a sermon, praise me, pointing out audience and their sins. Structure: screen sells the premise, escalation beat, button ending. Give it 1-2 minutes max and a hard out.","Build as a macro: 2-4 button presses in sequence (premise visual, escalation, button ending). Manual fallback for each step.","Religious material: land the punchline on the situation, not the faith; expect some walk-outs either direction.","1) SETUP: premise line (SCREEN: premise visual). 2) ESCALATE: 2-3 beats, each a screen change (SCREEN: beat cards/clips) with a laugh break after each. 3) TURN: the surprise beat (SCREEN: switcboard flip). 4) BUTTON ENDING: punchline + button visual (SCREEN: button card) - hold 3s. 5) Hard out, next bit.",Church backdrop plate; choir/organ sting; smart-script review.
,Mid,Bit,Music,G,No,"Devil should challenge someone to a rap battle.. And the Devil jumped up on a hickory stump
 And said ""Boy, let me tell you what""
 

 [Verse 2]
 ""I guess you didn't know it, but I am a fiddle player too
 And if you'd care to take a dare, I'll make a bet with you
 Now you play a pretty good fiddle, boy, but give the Devil his due
 I'll bet a fiddle o' gold against your soul 'cause I think I'm better than you""","Developed bit: Devil should challenge someone to a rap battle.. And the Devil jumped up on a hickory stump And said ""Boy, let me tell you what"" [Verse 2] ""I guess you didn't know it, but I am a fiddle player too And if you'd care to take a dare, I'll make a bet with you Now you play a pretty good fiddle, boy, but give the Devil his due I'll bet a fiddle o' gold against your soul 'cause I think I'm better than you"". Structure: screen sells the premise, escalation beat, button ending. Give it 1-2 minutes max and a hard out.","Game-show package: scoreboard overlay, lock-in buzzer SFX, board graphics on rear screens; contestant buttons mirror the app. + Music cue stack: backing track + on-screen lyrics (bouncing ball where noted); lighting macro per song, out on the final sting.",Rehearse cue timing; keep a cut-away button if the room turns.,"1) SETUP: premise line (SCREEN: premise visual). 2) ESCALATE: 2-3 beats, each a screen change (SCREEN: beat cards/clips) with a laugh break after each. 3) TURN: the surprise beat (SCREEN: switcboard flip). 4) BUTTON ENDING: punchline + button visual (SCREEN: button card) - hold 3s. 5) Hard out, next bit.",Backing track (custom/licensed); lyric overlay template; bouncing-ball animation; song lighting macro; final sting SFX. Goo/slime overlay animation; splat SFX; cleanup note for real props.
,Mid,Bit,Sketch,G,No,"Do a thing where a lyric is sung like Supertramps' When I was young.(lif was so lyrical), but stop it and do a punch line, We' didn't start the fire, but ...punchline","Full bit: Thing where a lyric is sung like Supertramps' When I was young.(lif was so lyrical), but stop it and do a punch line, We' didn't start the fire, but ...punchline. Structure: screen sells the premise, escalation beat, button ending. Give it 1-2 minutes max and a hard out.","Music cue stack: backing track + on-screen lyrics (bouncing ball where noted); lighting macro per song, out on the final sting.",Rehearse cue timing; keep a cut-away button if the room turns.,"1) SETUP: premise line (SCREEN: premise visual). 2) ESCALATE: 2-3 beats, each a screen change (SCREEN: beat cards/clips) with a laugh break after each. 3) TURN: the surprise beat (SCREEN: switcboard flip). 4) BUTTON ENDING: punchline + button visual (SCREEN: button card) - hold 3s. 5) Hard out, next bit.",Backing track (custom/licensed); lyric overlay template; bouncing-ball animation; song lighting macro; final sting SFX.
,Mid,Bit,Sketch,G,No,Use funny names like Yuri Tarded,"Full bit: Use funny names like Yuri Tarded. Structure: screen sells the premise, escalation beat, button ending. Give it 1-2 minutes max and a hard out.","Build as a macro: 2-4 button presses in sequence (premise visual, escalation, button ending). Manual fallback for each step.",Rehearse cue timing; keep a cut-away button if the room turns.,"1) SETUP: premise line (SCREEN: premise visual). 2) ESCALATE: 2-3 beats, each a screen change (SCREEN: beat cards/clips) with a laugh break after each. 3) TURN: the surprise beat (SCREEN: switcboard flip). 4) BUTTON ENDING: punchline + button visual (SCREEN: button card) - hold 3s. 5) Hard out, next bit.",3-5 graphics/clips + SFX pack; macro wiring; manual fallback for each beat.
,Mid,Bit,Sketch,G,No,Have a gag when someone tells me a weird name that I do it like key and Peele SEC football names like McCray Berry,"Developed bit: Have a gag when someone tells me a weird name that I do it like key and Peele SEC football names like McCray Berry. Structure: screen sells the premise, escalation beat, button ending. Give it 1-2 minutes max and a hard out.","Build as a macro: 2-4 button presses in sequence (premise visual, escalation, button ending). Manual fallback for each step.",Rehearse cue timing; keep a cut-away button if the room turns.,"1) SETUP: premise line (SCREEN: premise visual). 2) ESCALATE: 2-3 beats, each a screen change (SCREEN: beat cards/clips) with a laugh break after each. 3) TURN: the surprise beat (SCREEN: switcboard flip). 4) BUTTON ENDING: punchline + button visual (SCREEN: button card) - hold 3s. 5) Hard out, next bit.",3-5 graphics/clips + SFX pack; macro wiring; manual fallback for each beat.
,Mid,Bit,Sketch,G,No,Have a gag if someone tells me they're country name that I yelled out like the beauty queens did saying Albania,"Full bit: Have a gag if someone tells me they're country name that I yelled out like the beauty queens did saying Albania. Structure: screen sells the premise, escalation beat, button ending. Give it 1-2 minutes max and a hard out.","Build as a macro: 2-4 button presses in sequence (premise visual, escalation, button ending). Manual fallback for each step.",Rehearse cue timing; keep a cut-away button if the room turns.,"1) SETUP: premise line (SCREEN: premise visual). 2) ESCALATE: 2-3 beats, each a screen change (SCREEN: beat cards/clips) with a laugh break after each. 3) TURN: the surprise beat (SCREEN: switcboard flip). 4) BUTTON ENDING: punchline + button visual (SCREEN: button card) - hold 3s. 5) Hard out, next bit.",3-5 graphics/clips + SFX pack; macro wiring; manual fallback for each beat.
,Mid,Bit,Sketch,G,y,"Start off, telling some really inappropriate work or abortion jokes, and progressively turn into more and more of a demon","Full bit: Start off, telling some really inappropriate work or abortion jokes, and progressively turn into more and more of a demon. Structure: screen sells the premise, escalation beat, button ending. Give it 1-2 minutes max and a hard out.","Build as a macro: 2-4 button presses in sequence (premise visual, escalation, button ending). Manual fallback for each step.",Rehearse cue timing; keep a cut-away button if the room turns.,"1) SETUP: premise line (SCREEN: premise visual). 2) ESCALATE: 2-3 beats, each a screen change (SCREEN: beat cards/clips) with a laugh break after each. 3) TURN: the surprise beat (SCREEN: switcboard flip). 4) BUTTON ENDING: punchline + button visual (SCREEN: button card) - hold 3s. 5) Hard out, next bit.",3-5 graphics/clips + SFX pack; macro wiring; manual fallback for each beat.
,Mid,Bit,Audience,G,No,Have people use their phone to take a selfie and enter some information about themselves and I will put them up on the screen as crowd work to roast them,"Full bit: Have people use their phone to take a selfie and enter some information about themselves and I will put them up on the screen as crowd work to roast them. Structure: screen sells the premise, escalation beat, button ending. Give it 1-2 minutes max and a hard out.","Build as a macro: 2-4 button presses in sequence (premise visual, escalation, button ending). Manual fallback for each step.",Rehearse cue timing; keep a cut-away button if the room turns.,"1) SETUP: premise line (SCREEN: premise visual). 2) ESCALATE: 2-3 beats, each a screen change (SCREEN: beat cards/clips) with a laugh break after each. 3) TURN: the surprise beat (SCREEN: switcboard flip). 4) BUTTON ENDING: punchline + button visual (SCREEN: button card) - hold 3s. 5) Hard out, next bit.",3-5 graphics/clips + SFX pack; macro wiring; manual fallback for each beat.
,Mid,Bit,SciFi,G,No,Do something similar with awkward AI like SNL did for their grandma AI skit,"Developed bit: Do something similar with awkward AI like SNL did for their grandma AI skit. Structure: screen sells the premise, escalation beat, button ending. Give it 1-2 minutes max and a hard out.","Build as a macro: 2-4 button presses in sequence (premise visual, escalation, button ending). Manual fallback for each step.",Rehearse cue timing; keep a cut-away button if the room turns.,"1) SETUP: premise line (SCREEN: premise visual). 2) ESCALATE: 2-3 beats, each a screen change (SCREEN: beat cards/clips) with a laugh break after each. 3) TURN: the surprise beat (SCREEN: switcboard flip). 4) BUTTON ENDING: punchline + button visual (SCREEN: button card) - hold 3s. 5) Hard out, next bit.",3-5 graphics/clips + SFX pack; macro wiring; manual fallback for each beat.
,Mid,Bit,Sketch,G,No,"Vegas Review - Carrot Top, Tape Face, Piff, Branson Review - ontop, Gag Face(Squeal like a pig) Meth the Magic...","Developed bit: Vegas Review - Carrot Top, Tape Face, Piff, Branson Review - ontop, Gag Face(Squeal like a pig) Meth the Magic.... Structure: screen sells the premise, escalation beat, button ending. Give it 1-2 minutes max and a hard out.","Build as a macro: 2-4 button presses in sequence (premise visual, escalation, button ending). Manual fallback for each step.",Rehearse cue timing; keep a cut-away button if the room turns.,"1) SETUP: premise line (SCREEN: premise visual). 2) ESCALATE: 2-3 beats, each a screen change (SCREEN: beat cards/clips) with a laugh break after each. 3) TURN: the surprise beat (SCREEN: switcboard flip). 4) BUTTON ENDING: punchline + button visual (SCREEN: button card) - hold 3s. 5) Hard out, next bit.",3-5 graphics/clips + SFX pack; macro wiring; manual fallback for each beat.
,Mid,Bit,Sketch,G,No,"Bob Newhart, conversation with Abe Lincoln, confession","Set piece: Bob Newhart, conversation with Abe Lincoln, confession. Structure: screen sells the premise, escalation beat, button ending. Give it 1-2 minutes max and a hard out.","Build as a macro: 2-4 button presses in sequence (premise visual, escalation, button ending). Manual fallback for each step.",Rehearse cue timing; keep a cut-away button if the room turns.,"1) SETUP: premise line (SCREEN: premise visual). 2) ESCALATE: 2-3 beats, each a screen change (SCREEN: beat cards/clips) with a laugh break after each. 3) TURN: the surprise beat (SCREEN: switcboard flip). 4) BUTTON ENDING: punchline + button visual (SCREEN: button card) - hold 3s. 5) Hard out, next bit.",3-5 graphics/clips + SFX pack; macro wiring; manual fallback for each beat.
,Mid,Bit,Sketch,G,No,Make Jokey Jokerson based on Me,"Developed bit: Make Jokey Jokerson based on Me. Structure: screen sells the premise, escalation beat, button ending. Give it 1-2 minutes max and a hard out.","Build as a macro: 2-4 button presses in sequence (premise visual, escalation, button ending). Manual fallback for each step.",Rehearse cue timing; keep a cut-away button if the room turns.,"1) SETUP: premise line (SCREEN: premise visual). 2) ESCALATE: 2-3 beats, each a screen change (SCREEN: beat cards/clips) with a laugh break after each. 3) TURN: the surprise beat (SCREEN: switcboard flip). 4) BUTTON ENDING: punchline + button visual (SCREEN: button card) - hold 3s. 5) Hard out, next bit.",3-5 graphics/clips + SFX pack; macro wiring; manual fallback for each beat.
,Mid,Bit,Sketch,G,No,Andy Kaufman,"Set piece: Andy Kaufman. Structure: screen sells the premise, escalation beat, button ending. Give it 1-2 minutes max and a hard out.","Build as a macro: 2-4 button presses in sequence (premise visual, escalation, button ending). Manual fallback for each step.",Rehearse cue timing; keep a cut-away button if the room turns.,"1) SETUP: premise line (SCREEN: premise visual). 2) ESCALATE: 2-3 beats, each a screen change (SCREEN: beat cards/clips) with a laugh break after each. 3) TURN: the surprise beat (SCREEN: switcboard flip). 4) BUTTON ENDING: punchline + button visual (SCREEN: button card) - hold 3s. 5) Hard out, next bit.",3-5 graphics/clips + SFX pack; macro wiring; manual fallback for each beat.
,Mid,Bit,Sketch,G,No,Pee wee herman,"Developed bit: Pee wee herman. Structure: screen sells the premise, escalation beat, button ending. Give it 1-2 minutes max and a hard out.","Build as a macro: 2-4 button presses in sequence (premise visual, escalation, button ending). Manual fallback for each step.",Rehearse cue timing; keep a cut-away button if the room turns.,"1) SETUP: premise line (SCREEN: premise visual). 2) ESCALATE: 2-3 beats, each a screen change (SCREEN: beat cards/clips) with a laugh break after each. 3) TURN: the surprise beat (SCREEN: switcboard flip). 4) BUTTON ENDING: punchline + button visual (SCREEN: button card) - hold 3s. 5) Hard out, next bit.",3-5 graphics/clips + SFX pack; macro wiring; manual fallback for each beat.
,Mid,Bit,SciFi,G,No,"Do an AI version of the O.J. Simpson card, where he stabbed somebody","Developed bit: AI version of the O.J. Simpson card, where he stabbed somebody. Structure: screen sells the premise, escalation beat, button ending. Give it 1-2 minutes max and a hard out.","Build as a macro: 2-4 button presses in sequence (premise visual, escalation, button ending). Manual fallback for each step.",Rehearse cue timing; keep a cut-away button if the room turns.,"1) SETUP: premise line (SCREEN: premise visual). 2) ESCALATE: 2-3 beats, each a screen change (SCREEN: beat cards/clips) with a laugh break after each. 3) TURN: the surprise beat (SCREEN: switcboard flip). 4) BUTTON ENDING: punchline + button visual (SCREEN: button card) - hold 3s. 5) Hard out, next bit.",3-5 graphics/clips + SFX pack; macro wiring; manual fallback for each beat.
,Mid,Bit,Sketch,G,No,Do carrot top rejects that way I can just do my normal face,"Developed bit: Do carrot top rejects that way I can just do my normal face. Structure: screen sells the premise, escalation beat, button ending. Give it 1-2 minutes max and a hard out.","Build as a macro: 2-4 button presses in sequence (premise visual, escalation, button ending). Manual fallback for each step.",Rehearse cue timing; keep a cut-away button if the room turns.,"1) SETUP: premise line (SCREEN: premise visual). 2) ESCALATE: 2-3 beats, each a screen change (SCREEN: beat cards/clips) with a laugh break after each. 3) TURN: the surprise beat (SCREEN: switcboard flip). 4) BUTTON ENDING: punchline + button visual (SCREEN: button card) - hold 3s. 5) Hard out, next bit.",3-5 graphics/clips + SFX pack; macro wiring; manual fallback for each beat.
,Mid,Bit,SciFi,G,No,Bring your AI cards to life,"Developed bit: Bring your AI cards to life. Structure: screen sells the premise, escalation beat, button ending. Give it 1-2 minutes max and a hard out.","Build as a macro: 2-4 button presses in sequence (premise visual, escalation, button ending). Manual fallback for each step.","IP/likeness caution: parody hard, don't clone names/voices/logos verbatim; pre-cleared or self-made assets only.","1) SETUP: premise line (SCREEN: premise visual). 2) ESCALATE: 2-3 beats, each a screen change (SCREEN: beat cards/clips) with a laugh break after each. 3) TURN: the surprise beat (SCREEN: switcboard flip). 4) BUTTON ENDING: punchline + button visual (SCREEN: button card) - hold 3s. 5) Hard out, next bit.",3-5 graphics/clips + SFX pack; macro wiring; manual fallback for each beat.
,Hard,Bit,History,G,No,"Do a version of you might be a redneck if with something else like you might be a time traveler, if or something","Developed bit: Version of you might be a redneck if with something else like you might be a time traveler, if or something. Structure: screen sells the premise, escalation beat, button ending. Give it 1-2 minutes max and a hard out.","Build as a macro: 2-4 button presses in sequence (premise visual, escalation, button ending). Manual fallback for each step.",Rehearse cue timing; keep a cut-away button if the room turns.,"1) SETUP: premise line (SCREEN: premise visual). 2) ESCALATE: 2-3 beats, each a screen change (SCREEN: beat cards/clips) with a laugh break after each. 3) TURN: the surprise beat (SCREEN: switcboard flip). 4) BUTTON ENDING: punchline + button visual (SCREEN: button card) - hold 3s. 5) Hard out, next bit.",3-5 graphics/clips + SFX pack; macro wiring; manual fallback for each beat.
,Mid,Bit,Audience,G,No,"Put Q cards on the screen for the audience to read along in some bit, or mad libs","Full bit: Put Q cards on the screen for the audience to read along in some bit, or mad libs. Structure: screen sells the premise, escalation beat, button ending. Give it 1-2 minutes max and a hard out.","Build as a macro: 2-4 button presses in sequence (premise visual, escalation, button ending). Manual fallback for each step.",Rehearse cue timing; keep a cut-away button if the room turns.,"1) SETUP: premise line (SCREEN: premise visual). 2) ESCALATE: 2-3 beats, each a screen change (SCREEN: beat cards/clips) with a laugh break after each. 3) TURN: the surprise beat (SCREEN: switcboard flip). 4) BUTTON ENDING: punchline + button visual (SCREEN: button card) - hold 3s. 5) Hard out, next bit.",3-5 graphics/clips + SFX pack; macro wiring; manual fallback for each beat.
,Mid,Bit,Sketch,PG,No,"Background for devil, firey bodies, play wheres OJ, where's Hitler","Set piece: Background for devil, firey bodies, play wheres OJ, where's Hitler. Structure: screen sells the premise, escalation beat, button ending. Give it 1-2 minutes max and a hard out.","Game-show package: scoreboard overlay, lock-in buzzer SFX, board graphics on rear screens; contestant buttons mirror the app. + Power/battery presets: dim-to-black with power-down SFX; restore via color-bars beat so the blackout reads intentional.","Hitler/antisemitism material: highest walk-out risk in the file; only survives as a clearly condemned punchline - know the room, maybe know the lawyer.","1) SETUP: premise line (SCREEN: premise visual). 2) ESCALATE: 2-3 beats, each a screen change (SCREEN: beat cards/clips) with a laugh break after each. 3) TURN: the surprise beat (SCREEN: switcboard flip). 4) BUTTON ENDING: punchline + button visual (SCREEN: button card) - hold 3s. 5) Hard out, next bit.",Battery-low banner; dim-to-black preset; power-down chime; restore color-bars beat.
,Mid,Bit,Commercial,PG,No,For kill Tony do a lead in to the 62nd meow something like hey make a meow sound if you're gay. And then figure out how many seconds later or you can make a bear sound if you're a gay bear.,"Full bit: For kill Tony do a lead in to the 62nd meow something like hey make a meow sound if you're gay. And then figure out how many seconds later or you can make a bear sound if you're a gay bear.. Structure: screen sells the premise, escalation beat, button ending. Give it 1-2 minutes max and a hard out.","Build as a macro: 2-4 button presses in sequence (premise visual, escalation, button ending). Manual fallback for each step.","Identity material: punch at the absurdity or the power, never at the people; expect walk-outs if it reads mean.","1) SETUP: premise line (SCREEN: premise visual). 2) ESCALATE: 2-3 beats, each a screen change (SCREEN: beat cards/clips) with a laugh break after each. 3) TURN: the surprise beat (SCREEN: switcboard flip). 4) BUTTON ENDING: punchline + button visual (SCREEN: button card) - hold 3s. 5) Hard out, next bit.",3-5 graphics/clips + SFX pack; macro wiring; manual fallback for each beat.
,Mid,Bit,Sketch,G,No,Put something up for auction and live online biddings,"Set piece: Put something up for auction and live online biddings. Structure: screen sells the premise, escalation beat, button ending. Give it 1-2 minutes max and a hard out.","Build as a macro: 2-4 button presses in sequence (premise visual, escalation, button ending). Manual fallback for each step.",Rehearse cue timing; keep a cut-away button if the room turns.,"1) SETUP: premise line (SCREEN: premise visual). 2) ESCALATE: 2-3 beats, each a screen change (SCREEN: beat cards/clips) with a laugh break after each. 3) TURN: the surprise beat (SCREEN: switcboard flip). 4) BUTTON ENDING: punchline + button visual (SCREEN: button card) - hold 3s. 5) Hard out, next bit.",3-5 graphics/clips + SFX pack; macro wiring; manual fallback for each beat.
,Mid,Bit,Audience,G,No,"Play club music and have a audience member be wingman, then switch to his wingman","Set piece: Play club music and have a audience member be wingman, then switch to his wingman. Structure: screen sells the premise, escalation beat, button ending. Give it 1-2 minutes max and a hard out.","Audience-cam pass-through to head/rear screens; rehearse crop/freeze on a stand-in, keep latency under ~200ms. + Game-show package: scoreboard overlay, lock-in buzzer SFX, board graphics on rear screens; contestant buttons mirror the app.",Rehearse cue timing; keep a cut-away button if the room turns.,"1) SETUP: premise line (SCREEN: premise visual). 2) ESCALATE: 2-3 beats, each a screen change (SCREEN: beat cards/clips) with a laugh break after each. 3) TURN: the surprise beat (SCREEN: switcboard flip). 4) BUTTON ENDING: punchline + button visual (SCREEN: button card) - hold 3s. 5) Hard out, next bit.",3-5 graphics/clips + SFX pack; macro wiring; manual fallback for each beat.
,Mid,Bit,Commercial,G,No,underwear on the head filter like a drunk party guy(make fun of bert kreischer),"Developed bit: Underwear on the head filter like a drunk party guy(make fun of bert kreischer). Structure: screen sells the premise, escalation beat, button ending. Give it 1-2 minutes max and a hard out.","Face-filter stack: each filter on its own app button, cycle order rehearsed; camera-tracked filters need good front-light on the head.",Rehearse cue timing; keep a cut-away button if the room turns.,"1) SETUP: premise line (SCREEN: premise visual). 2) ESCALATE: 2-3 beats, each a screen change (SCREEN: beat cards/clips) with a laugh break after each. 3) TURN: the surprise beat (SCREEN: switcboard flip). 4) BUTTON ENDING: punchline + button visual (SCREEN: button card) - hold 3s. 5) Hard out, next bit.",Face-filter pack (list per bit); head-tracking calibration; front-light note.
,Mid,Bit,Tech-Call,PG,No,"Everything that corn top makes should be a way to kill somebody like I made a beer can with a trick exploding cigarette or I made a wine glass with a reservoir for antifreeze or a baby bottle with Benadryl or an electric razor that shoots out a dagger for your husband or something for your car to use during road rage or a microwave safe cat food dish or something for torturing like combining, furry handcuffs, and bug zapper, or something fun like a stun gun that then shoots Jell-O call Jell-O shots toilet paper with razor blades","Developed bit: Everything that corn top makes should be a way to kill somebody like I made a beer can with a trick exploding cigarette or I made a wine glass with a reservoir for antifreeze or a baby bottle with Benadryl or an electric razor that shoots out a dagger for your husband or something for your car to use during road rage or a microwave safe cat food dish or something for torturing like combining, furry handcuffs, and bug zapper, or something fun like a stun gun that then shoots Jell-O call Jell-O shots toilet paper with razor blades. Structure: screen sells the premise, escalation beat, button ending. Give it 1-2 minutes max and a hard out.","Fake-call UI overlay (FaceTime/Zoom style): ringtone SFX, answer/decline buttons, pre-recorded caller clips cut as clean answers on their own buttons.","Gun material: keep it cartoonish, zero realistic mimicry; venues and insurers are touchy. IP/likeness caution: parody hard, don't clone names/voices/logos verbatim; pre-cleared or self-made assets only.","1) SETUP: premise line (SCREEN: premise visual). 2) ESCALATE: 2-3 beats, each a screen change (SCREEN: beat cards/clips) with a laugh break after each. 3) TURN: the surprise beat (SCREEN: switcboard flip). 4) BUTTON ENDING: punchline + button visual (SCREEN: button card) - hold 3s. 5) Hard out, next bit.",3-5 graphics/clips + SFX pack; macro wiring; manual fallback for each beat.
,Mid,Bit,Game,G,No,"Wheel of comebacks, your mom is, fake laugh, no, you are","Developed bit: Wheel of comebacks, your mom is, fake laugh, no, you are. Structure: screen sells the premise, escalation beat, button ending. Give it 1-2 minutes max and a hard out.","Game-show package: scoreboard overlay, lock-in buzzer SFX, board graphics on rear screens; contestant buttons mirror the app. + Burn preset: thug-life sticker/grade + 'ohhh' sting SFX on one button; fire once, then back to material.",Rehearse cue timing; keep a cut-away button if the room turns.,"1) SETUP: premise line (SCREEN: premise visual). 2) ESCALATE: 2-3 beats, each a screen change (SCREEN: beat cards/clips) with a laugh break after each. 3) TURN: the surprise beat (SCREEN: switcboard flip). 4) BUTTON ENDING: punchline + button visual (SCREEN: button card) - hold 3s. 5) Hard out, next bit.",Scoreboard overlay; buzzer/lock-in SFX; board/category graphics; contestant app config. Thug-life sticker pack; 'ohhh' sting SFX; auto-reset burn preset.
,Mid,Bit,Sketch,G,No,Show something and then put on the glasses like rowdy Roddy Piper did and see the real thing,"Developed bit: Show something and then put on the glasses like rowdy Roddy Piper did and see the real thing. Structure: screen sells the premise, escalation beat, button ending. Give it 1-2 minutes max and a hard out.","Build as a macro: 2-4 button presses in sequence (premise visual, escalation, button ending). Manual fallback for each step.",Rehearse cue timing; keep a cut-away button if the room turns.,"1) SETUP: premise line (SCREEN: premise visual). 2) ESCALATE: 2-3 beats, each a screen change (SCREEN: beat cards/clips) with a laugh break after each. 3) TURN: the surprise beat (SCREEN: switcboard flip). 4) BUTTON ENDING: punchline + button visual (SCREEN: button card) - hold 3s. 5) Hard out, next bit.",3-5 graphics/clips + SFX pack; macro wiring; manual fallback for each beat.
,Mid,Bit,Game,G,No,Do a funny response to somebody the audience like the dog dog log log game,"Full bit: Funny response to somebody the audience like the dog dog log log game. Structure: screen sells the premise, escalation beat, button ending. Give it 1-2 minutes max and a hard out.","Game-show package: scoreboard overlay, lock-in buzzer SFX, board graphics on rear screens; contestant buttons mirror the app.",Rehearse cue timing; keep a cut-away button if the room turns.,"1) SETUP: premise line (SCREEN: premise visual). 2) ESCALATE: 2-3 beats, each a screen change (SCREEN: beat cards/clips) with a laugh break after each. 3) TURN: the surprise beat (SCREEN: switcboard flip). 4) BUTTON ENDING: punchline + button visual (SCREEN: button card) - hold 3s. 5) Hard out, next bit.",3-5 graphics/clips + SFX pack; macro wiring; manual fallback for each beat.
,Mid,Bit,Sketch,G,No,"Funny book titles, or funny book library, or big bang smart books...","Full bit: Funny book titles, or funny book library, or big bang smart books.... Structure: screen sells the premise, escalation beat, button ending. Give it 1-2 minutes max and a hard out.","Build as a macro: 2-4 button presses in sequence (premise visual, escalation, button ending). Manual fallback for each step.",Rehearse cue timing; keep a cut-away button if the room turns.,"1) SETUP: premise line (SCREEN: premise visual). 2) ESCALATE: 2-3 beats, each a screen change (SCREEN: beat cards/clips) with a laugh break after each. 3) TURN: the surprise beat (SCREEN: switcboard flip). 4) BUTTON ENDING: punchline + button visual (SCREEN: button card) - hold 3s. 5) Hard out, next bit.",3-5 graphics/clips + SFX pack; macro wiring; manual fallback for each beat.
,Mid,Bit,SciFi,G,No,"Talk to the home robot but have it respond in a creepy loving way, have a lovers quarrel with the toaster and refrigerator and other smart stuff","Developed bit: Talk to the home robot but have it respond in a creepy loving way, have a lovers quarrel with the toaster and refrigerator and other smart stuff. Structure: screen sells the premise, escalation beat, button ending. Give it 1-2 minutes max and a hard out.","Build as a macro: 2-4 button presses in sequence (premise visual, escalation, button ending). Manual fallback for each step.",Rehearse cue timing; keep a cut-away button if the room turns.,"1) SETUP: premise line (SCREEN: premise visual). 2) ESCALATE: 2-3 beats, each a screen change (SCREEN: beat cards/clips) with a laugh break after each. 3) TURN: the surprise beat (SCREEN: switcboard flip). 4) BUTTON ENDING: punchline + button visual (SCREEN: button card) - hold 3s. 5) Hard out, next bit.",3-5 graphics/clips + SFX pack; macro wiring; manual fallback for each beat.
,Mid,Bit,Tech-Call,G,No,Install a new app called what are they thinking? That tells me what people are thinking after a joke or when I put their picture up,"Set piece: Install a new app called what are they thinking? That tells me what people are thinking after a joke or when I put their picture up. Structure: screen sells the premise, escalation beat, button ending. Give it 1-2 minutes max and a hard out.","Build as a macro: 2-4 button presses in sequence (premise visual, escalation, button ending). Manual fallback for each step.",Rehearse cue timing; keep a cut-away button if the room turns.,"1) SETUP: premise line (SCREEN: premise visual). 2) ESCALATE: 2-3 beats, each a screen change (SCREEN: beat cards/clips) with a laugh break after each. 3) TURN: the surprise beat (SCREEN: switcboard flip). 4) BUTTON ENDING: punchline + button visual (SCREEN: button card) - hold 3s. 5) Hard out, next bit.",3-5 graphics/clips + SFX pack; macro wiring; manual fallback for each beat.
,Mid,Bit,SciFi,G,No,"Robot security guard so the other robots can't kill. Fridge poison, garage door smoosh, robot dog and toaster electrocution in tub","Full bit: Robot security guard so the other robots can't kill. Fridge poison, garage door smoosh, robot dog and toaster electrocution in tub. Structure: screen sells the premise, escalation beat, button ending. Give it 1-2 minutes max and a hard out.","Build as a macro: 2-4 button presses in sequence (premise visual, escalation, button ending). Manual fallback for each step.",Rehearse cue timing; keep a cut-away button if the room turns.,"1) SETUP: premise line (SCREEN: premise visual). 2) ESCALATE: 2-3 beats, each a screen change (SCREEN: beat cards/clips) with a laugh break after each. 3) TURN: the surprise beat (SCREEN: switcboard flip). 4) BUTTON ENDING: punchline + button visual (SCREEN: button card) - hold 3s. 5) Hard out, next bit.",3-5 graphics/clips + SFX pack; macro wiring; manual fallback for each beat.
,Mid,Bit,Music,G,No,Make up a funny country song about something being ridiculous or a conspiracy,"Set piece: Make up a funny country song about something being ridiculous or a conspiracy. Structure: screen sells the premise, escalation beat, button ending. Give it 1-2 minutes max and a hard out.","Music cue stack: backing track + on-screen lyrics (bouncing ball where noted); lighting macro per song, out on the final sting.",Rehearse cue timing; keep a cut-away button if the room turns.,"1) SETUP: premise line (SCREEN: premise visual). 2) ESCALATE: 2-3 beats, each a screen change (SCREEN: beat cards/clips) with a laugh break after each. 3) TURN: the surprise beat (SCREEN: switcboard flip). 4) BUTTON ENDING: punchline + button visual (SCREEN: button card) - hold 3s. 5) Hard out, next bit.",Backing track (custom/licensed); lyric overlay template; bouncing-ball animation; song lighting macro; final sting SFX.
,Hard,Bit,History,G,No,When a joke doesn't hit used the new Apple time travel reverse function to go back and try a new punch line,"Full bit: When a joke doesn't hit used the new Apple time travel reverse function to go back and try a new punch line. Structure: screen sells the premise, escalation beat, button ending. Give it 1-2 minutes max and a hard out.","Build as a macro: 2-4 button presses in sequence (premise visual, escalation, button ending). Manual fallback for each step.",Rehearse cue timing; keep a cut-away button if the room turns.,"1) SETUP: premise line (SCREEN: premise visual). 2) ESCALATE: 2-3 beats, each a screen change (SCREEN: beat cards/clips) with a laugh break after each. 3) TURN: the surprise beat (SCREEN: switcboard flip). 4) BUTTON ENDING: punchline + button visual (SCREEN: button card) - hold 3s. 5) Hard out, next bit.",3-5 graphics/clips + SFX pack; macro wiring; manual fallback for each beat.
,Mid,Bit,Tech-Call,G,No,When a joke doesn't hit have Siri prompt you would you like to delete that permanently. Answer yes and show the trash animation.,"Set piece: When a joke doesn't hit have Siri prompt you would you like to delete that permanently. Answer yes and show the trash animation.. Structure: screen sells the premise, escalation beat, button ending. Give it 1-2 minutes max and a hard out.","Voice-assistant gag: trigger phrase fires pre-recorded deadpan answer clip + listening-dots UI on the face; wrong-answer timing is rehearsed, not ad-libbed.",Rehearse cue timing; keep a cut-away button if the room turns.,"1) SETUP: premise line (SCREEN: premise visual). 2) ESCALATE: 2-3 beats, each a screen change (SCREEN: beat cards/clips) with a laugh break after each. 3) TURN: the surprise beat (SCREEN: switcboard flip). 4) BUTTON ENDING: punchline + button visual (SCREEN: button card) - hold 3s. 5) Hard out, next bit.",Pre-recorded deadpan assistant answer clips; listening-dots UI animation; trigger-phrase SFX.
,Mid,Bit,SciFi,G,No,To make somebody feel stupid do and explain it like I'm five with an actual five-year-old face and voice,"Set piece: To make somebody feel stupid do and explain it like I'm five with an actual five-year-old face and voice. Structure: screen sells the premise, escalation beat, button ending. Give it 1-2 minutes max and a hard out.","Build as a macro: 2-4 button presses in sequence (premise visual, escalation, button ending). Manual fallback for each step.",Rehearse cue timing; keep a cut-away button if the room turns.,"1) SETUP: premise line (SCREEN: premise visual). 2) ESCALATE: 2-3 beats, each a screen change (SCREEN: beat cards/clips) with a laugh break after each. 3) TURN: the surprise beat (SCREEN: switcboard flip). 4) BUTTON ENDING: punchline + button visual (SCREEN: button card) - hold 3s. 5) Hard out, next bit.",3-5 graphics/clips + SFX pack; macro wiring; manual fallback for each beat.
,Mid,Bit,Sketch,G,No,"Have somebody with a remote, turning off, turning the channel","Developed bit: Have somebody with a remote, turning off, turning the channel. Structure: screen sells the premise, escalation beat, button ending. Give it 1-2 minutes max and a hard out.","Build as a macro: 2-4 button presses in sequence (premise visual, escalation, button ending). Manual fallback for each step.",Rehearse cue timing; keep a cut-away button if the room turns.,"1) SETUP: premise line (SCREEN: premise visual). 2) ESCALATE: 2-3 beats, each a screen change (SCREEN: beat cards/clips) with a laugh break after each. 3) TURN: the surprise beat (SCREEN: switcboard flip). 4) BUTTON ENDING: punchline + button visual (SCREEN: button card) - hold 3s. 5) Hard out, next bit.",Battery-low banner; dim-to-black preset; power-down chime; restore color-bars beat.
,Mid,Bit,SciFi,G,No,"show the face mask of someone, then show them with wings like the AI videos","Developed bit: Show the face mask of someone, then show them with wings like the AI videos. Structure: screen sells the premise, escalation beat, button ending. Give it 1-2 minutes max and a hard out.","Build as a macro: 2-4 button presses in sequence (premise visual, escalation, button ending). Manual fallback for each step.",Rehearse cue timing; keep a cut-away button if the room turns.,"1) SETUP: premise line (SCREEN: premise visual). 2) ESCALATE: 2-3 beats, each a screen change (SCREEN: beat cards/clips) with a laugh break after each. 3) TURN: the surprise beat (SCREEN: switcboard flip). 4) BUTTON ENDING: punchline + button visual (SCREEN: button card) - hold 3s. 5) Hard out, next bit.",Face-filter pack (list per bit); head-tracking calibration; front-light note.
,Mid,Bit,Sketch,G,No,"Corntop emoji pack, mur der su I side, etc","Set piece: Corntop emoji pack, mur der su I side, etc. Structure: screen sells the premise, escalation beat, button ending. Give it 1-2 minutes max and a hard out.","Build as a macro: 2-4 button presses in sequence (premise visual, escalation, button ending). Manual fallback for each step.",Rehearse cue timing; keep a cut-away button if the room turns.,"1) SETUP: premise line (SCREEN: premise visual). 2) ESCALATE: 2-3 beats, each a screen change (SCREEN: beat cards/clips) with a laugh break after each. 3) TURN: the surprise beat (SCREEN: switcboard flip). 4) BUTTON ENDING: punchline + button visual (SCREEN: button card) - hold 3s. 5) Hard out, next bit.",3-5 graphics/clips + SFX pack; macro wiring; manual fallback for each beat.
,Mid,Bit,Sketch,G,No,"Neuralinkaction, like locatio, bu find my thoughts - wife is fat","Set piece: Neuralinkaction, like locatio, bu find my thoughts - wife is fat. Structure: screen sells the premise, escalation beat, button ending. Give it 1-2 minutes max and a hard out.","Build as a macro: 2-4 button presses in sequence (premise visual, escalation, button ending). Manual fallback for each step.",Rehearse cue timing; keep a cut-away button if the room turns.,"1) SETUP: premise line (SCREEN: premise visual). 2) ESCALATE: 2-3 beats, each a screen change (SCREEN: beat cards/clips) with a laugh break after each. 3) TURN: the surprise beat (SCREEN: switcboard flip). 4) BUTTON ENDING: punchline + button visual (SCREEN: button card) - hold 3s. 5) Hard out, next bit.",3-5 graphics/clips + SFX pack; macro wiring; manual fallback for each beat.
,Mid,Bit,Tech-Call,G,No,Zoom call with my AI team,"Full bit: Zoom call with my AI team. Structure: screen sells the premise, escalation beat, button ending. Give it 1-2 minutes max and a hard out.","Fake-call UI overlay (FaceTime/Zoom style): ringtone SFX, answer/decline buttons, pre-recorded caller clips cut as clean answers on their own buttons.",Rehearse cue timing; keep a cut-away button if the room turns.,"1) SETUP: premise line (SCREEN: premise visual). 2) ESCALATE: 2-3 beats, each a screen change (SCREEN: beat cards/clips) with a laugh break after each. 3) TURN: the surprise beat (SCREEN: switcboard flip). 4) BUTTON ENDING: punchline + button visual (SCREEN: button card) - hold 3s. 5) Hard out, next bit.","Fake-call UI overlay (PSD); ringtone SFX; 3-5 pre-recorded caller clips (15-30s each, cut as clean answers); FaceTime-style UI soundbed."
,Mid,Bit,Music,G,No,"Put audience member in floating heart, ask a few questions then sing love song","Developed bit: Put audience member in floating heart, ask a few questions then sing love song. Structure: screen sells the premise, escalation beat, button ending. Give it 1-2 minutes max and a hard out.","Audience-cam pass-through to head/rear screens; rehearse crop/freeze on a stand-in, keep latency under ~200ms. + Music cue stack: backing track + on-screen lyrics (bouncing ball where noted); lighting macro per song, out on the final sting.",Rehearse cue timing; keep a cut-away button if the room turns.,"1) SETUP: premise line (SCREEN: premise visual). 2) ESCALATE: 2-3 beats, each a screen change (SCREEN: beat cards/clips) with a laugh break after each. 3) TURN: the surprise beat (SCREEN: switcboard flip). 4) BUTTON ENDING: punchline + button visual (SCREEN: button card) - hold 3s. 5) Hard out, next bit.",Backing track (custom/licensed); lyric overlay template; bouncing-ball animation; song lighting macro; final sting SFX.
,Mid,Bit,Sketch,G,No,Have a host(carnival barker) appear thru telling a story,"Developed bit: Have a host(carnival barker) appear thru telling a story. Structure: screen sells the premise, escalation beat, button ending. Give it 1-2 minutes max and a hard out.","Build as a macro: 2-4 button presses in sequence (premise visual, escalation, button ending). Manual fallback for each step.",Rehearse cue timing; keep a cut-away button if the room turns.,"1) SETUP: premise line (SCREEN: premise visual). 2) ESCALATE: 2-3 beats, each a screen change (SCREEN: beat cards/clips) with a laugh break after each. 3) TURN: the surprise beat (SCREEN: switcboard flip). 4) BUTTON ENDING: punchline + button visual (SCREEN: button card) - hold 3s. 5) Hard out, next bit.",3-5 graphics/clips + SFX pack; macro wiring; manual fallback for each beat.
,Mid,Bit,Audience,G,No,Audience pic with shirtless black guys,"Developed bit: Audience pic with shirtless black guys. Structure: screen sells the premise, escalation beat, button ending. Give it 1-2 minutes max and a hard out.","Build as a macro: 2-4 button presses in sequence (premise visual, escalation, button ending). Manual fallback for each step.","Race material: high walk-out risk; target the flawed logic, not people; test in friendly rooms before headlining venues.","1) SETUP: premise line (SCREEN: premise visual). 2) ESCALATE: 2-3 beats, each a screen change (SCREEN: beat cards/clips) with a laugh break after each. 3) TURN: the surprise beat (SCREEN: switcboard flip). 4) BUTTON ENDING: punchline + button visual (SCREEN: button card) - hold 3s. 5) Hard out, next bit.",3-5 graphics/clips + SFX pack; macro wiring; manual fallback for each beat.
,Mid,Bit,Sketch,G,No,Background music gets progressively louder here comes the roast bring on the roast. Where is the roast? Then boom roasted,"Set piece: Background music gets progressively louder here comes the roast bring on the roast. Where is the roast? Then boom roasted. Structure: screen sells the premise, escalation beat, button ending. Give it 1-2 minutes max and a hard out.",Pyro-SFX cue: screens flash + concussive SFX while the performer sells the blast; no real pyro needed.,"IP/likeness caution: parody hard, don't clone names/voices/logos verbatim; pre-cleared or self-made assets only.","1) SETUP: premise line (SCREEN: premise visual). 2) ESCALATE: 2-3 beats, each a screen change (SCREEN: beat cards/clips) with a laugh break after each. 3) TURN: the surprise beat (SCREEN: switcboard flip). 4) BUTTON ENDING: punchline + button visual (SCREEN: button card) - hold 3s. 5) Hard out, next bit.",Flash-frame clip; concussive SFX; screens white-flash macro (no real pyro).
,Mid,Bit,SciFi,G,No,"Timmy, no brains. I'm gay.","Full bit: Timmy, no brains. I'm gay.. Structure: screen sells the premise, escalation beat, button ending. Give it 1-2 minutes max and a hard out.","Build as a macro: 2-4 button presses in sequence (premise visual, escalation, button ending). Manual fallback for each step.","Identity material: punch at the absurdity or the power, never at the people; expect walk-outs if it reads mean.","1) SETUP: premise line (SCREEN: premise visual). 2) ESCALATE: 2-3 beats, each a screen change (SCREEN: beat cards/clips) with a laugh break after each. 3) TURN: the surprise beat (SCREEN: switcboard flip). 4) BUTTON ENDING: punchline + button visual (SCREEN: button card) - hold 3s. 5) Hard out, next bit.",3-5 graphics/clips + SFX pack; macro wiring; manual fallback for each beat.
,Mid,Bit,Sketch,G,No,NeuroLink implant makes me an Elon Musk clone,"Developed bit: NeuroLink implant makes me an Elon Musk clone. Structure: screen sells the premise, escalation beat, button ending. Give it 1-2 minutes max and a hard out.","Build as a macro: 2-4 button presses in sequence (premise visual, escalation, button ending). Manual fallback for each step.",Rehearse cue timing; keep a cut-away button if the room turns.,"1) SETUP: premise line (SCREEN: premise visual). 2) ESCALATE: 2-3 beats, each a screen change (SCREEN: beat cards/clips) with a laugh break after each. 3) TURN: the surprise beat (SCREEN: switcboard flip). 4) BUTTON ENDING: punchline + button visual (SCREEN: button card) - hold 3s. 5) Hard out, next bit.",3-5 graphics/clips + SFX pack; macro wiring; manual fallback for each beat.
,Mid,Bit,Audience,G,No,Be a master hypnotist with dizzy screens behind telling the audience that they are in their childhood or they are chicken chickens,"Developed bit: Be a master hypnotist with dizzy screens behind telling the audience that they are in their childhood or they are chicken chickens. Structure: screen sells the premise, escalation beat, button ending. Give it 1-2 minutes max and a hard out.","Build as a macro: 2-4 button presses in sequence (premise visual, escalation, button ending). Manual fallback for each step.",Rehearse cue timing; keep a cut-away button if the room turns.,"1) SETUP: premise line (SCREEN: premise visual). 2) ESCALATE: 2-3 beats, each a screen change (SCREEN: beat cards/clips) with a laugh break after each. 3) TURN: the surprise beat (SCREEN: switcboard flip). 4) BUTTON ENDING: punchline + button visual (SCREEN: button card) - hold 3s. 5) Hard out, next bit.",3-5 graphics/clips + SFX pack; macro wiring; manual fallback for each beat.
,Mid,Bit,Sketch,G,No,"Neeed to take meds, take your nice pills, don't OD, don't want to be too nice","Developed bit: Neeed to take meds, take your nice pills, don't OD, don't want to be too nice. Structure: screen sells the premise, escalation beat, button ending. Give it 1-2 minutes max and a hard out.","Build as a macro: 2-4 button presses in sequence (premise visual, escalation, button ending). Manual fallback for each step.",Rehearse cue timing; keep a cut-away button if the room turns.,"1) SETUP: premise line (SCREEN: premise visual). 2) ESCALATE: 2-3 beats, each a screen change (SCREEN: beat cards/clips) with a laugh break after each. 3) TURN: the surprise beat (SCREEN: switcboard flip). 4) BUTTON ENDING: punchline + button visual (SCREEN: button card) - hold 3s. 5) Hard out, next bit.",3-5 graphics/clips + SFX pack; macro wiring; manual fallback for each beat.
,Mid,Bit,Commercial,PG,No,"Add people to the kill list, Have a big celebration when someone is removed from the kill list(if a big celebrity dies, remove them and say Congratulations Michael Jackson! or whoever)","Set piece: Add people to the kill list, Have a big celebration when someone is removed from the kill list(if a big celebrity dies, remove them and say Congratulations Michael Jackson! or whoever). Structure: screen sells the premise, escalation beat, button ending. Give it 1-2 minutes max and a hard out.",Power/battery presets: dim-to-black with power-down SFX; restore via color-bars beat so the blackout reads intentional.,Rehearse cue timing; keep a cut-away button if the room turns.,"1) SETUP: premise line (SCREEN: premise visual). 2) ESCALATE: 2-3 beats, each a screen change (SCREEN: beat cards/clips) with a laugh break after each. 3) TURN: the surprise beat (SCREEN: switcboard flip). 4) BUTTON ENDING: punchline + button visual (SCREEN: button card) - hold 3s. 5) Hard out, next bit.",Battery-low banner; dim-to-black preset; power-down chime; restore color-bars beat.
,Mid,Bit,Tech-Call,PG,No,"Say how much you like it that I can sync my kill list. If i'm on computer and I see someone, i add them, and its automatically on my phone in case i see them","Set piece: Say how much you like it that I can sync my kill list. If i'm on computer and I see someone, i add them, and its automatically on my phone in case i see them. Structure: screen sells the premise, escalation beat, button ending. Give it 1-2 minutes max and a hard out.","Build as a macro: 2-4 button presses in sequence (premise visual, escalation, button ending). Manual fallback for each step.",Rehearse cue timing; keep a cut-away button if the room turns.,"1) SETUP: premise line (SCREEN: premise visual). 2) ESCALATE: 2-3 beats, each a screen change (SCREEN: beat cards/clips) with a laugh break after each. 3) TURN: the surprise beat (SCREEN: switcboard flip). 4) BUTTON ENDING: punchline + button visual (SCREEN: button card) - hold 3s. 5) Hard out, next bit.",3-5 graphics/clips + SFX pack; macro wiring; manual fallback for each beat.
,Mid,Bit,Sketch,G,No,Thats what she screamed,"Full bit: Thats what she screamed. Structure: screen sells the premise, escalation beat, button ending. Give it 1-2 minutes max and a hard out.","Build as a macro: 2-4 button presses in sequence (premise visual, escalation, button ending). Manual fallback for each step.",Rehearse cue timing; keep a cut-away button if the room turns.,"1) SETUP: premise line (SCREEN: premise visual). 2) ESCALATE: 2-3 beats, each a screen change (SCREEN: beat cards/clips) with a laugh break after each. 3) TURN: the surprise beat (SCREEN: switcboard flip). 4) BUTTON ENDING: punchline + button visual (SCREEN: button card) - hold 3s. 5) Hard out, next bit.",3-5 graphics/clips + SFX pack; macro wiring; manual fallback for each beat.
,Mid,Bit,Music,G,No,Do bar graph of audience response and laughs and cheering to set new records or to write or other metrics may be about dislike for certain audience members,"Set piece: Do bar graph of audience response and laughs and cheering to set new records or to write or other metrics may be about dislike for certain audience members. Structure: screen sells the premise, escalation beat, button ending. Give it 1-2 minutes max and a hard out.","Audience-cam pass-through to head/rear screens; rehearse crop/freeze on a stand-in, keep latency under ~200ms. + Music cue stack: backing track + on-screen lyrics (bouncing ball where noted); lighting macro per song, out on the final sting.","IP/likeness caution: parody hard, don't clone names/voices/logos verbatim; pre-cleared or self-made assets only.","1) SETUP: premise line (SCREEN: premise visual). 2) ESCALATE: 2-3 beats, each a screen change (SCREEN: beat cards/clips) with a laugh break after each. 3) TURN: the surprise beat (SCREEN: switcboard flip). 4) BUTTON ENDING: punchline + button visual (SCREEN: button card) - hold 3s. 5) Hard out, next bit.",3-5 graphics/clips + SFX pack; macro wiring; manual fallback for each beat.
,Mid,Bit,Sketch,G,No,Lots and lots of sound effects,"Developed bit: Lots and lots of sound effects. Structure: screen sells the premise, escalation beat, button ending. Give it 1-2 minutes max and a hard out.","Build as a macro: 2-4 button presses in sequence (premise visual, escalation, button ending). Manual fallback for each step.",Rehearse cue timing; keep a cut-away button if the room turns.,"1) SETUP: premise line (SCREEN: premise visual). 2) ESCALATE: 2-3 beats, each a screen change (SCREEN: beat cards/clips) with a laugh break after each. 3) TURN: the surprise beat (SCREEN: switcboard flip). 4) BUTTON ENDING: punchline + button visual (SCREEN: button card) - hold 3s. 5) Hard out, next bit.",3-5 graphics/clips + SFX pack; macro wiring; manual fallback for each beat.
,Mid,Bit,Politics,G,y,Be a blue haired liberal politician that speaks by changing words like unhousiness or god etc,"Set piece: Be a blue haired liberal politician that speaks by changing words like unhousiness or god etc. Structure: screen sells the premise, escalation beat, button ending. Give it 1-2 minutes max and a hard out.","Character-voice preset: distorted face + edited VO clips on buttons; keep it punchline-forward, never a lecture.","Religious material: land the punchline on the situation, not the faith; expect some walk-outs either direction.","1) SETUP: premise line (SCREEN: premise visual). 2) ESCALATE: 2-3 beats, each a screen change (SCREEN: beat cards/clips) with a laugh break after each. 3) TURN: the surprise beat (SCREEN: switcboard flip). 4) BUTTON ENDING: punchline + button visual (SCREEN: button card) - hold 3s. 5) Hard out, next bit.",Character-voice preset (face distortion); edited VO clip buttons; punchline-first script. Church backdrop plate; choir/organ sting; smart-script review.
,Mid,Bit,Sketch,G,No,I'm going to push the shark tooth in five seconds,"Developed bit: I'm going to push the shark tooth in five seconds. Structure: screen sells the premise, escalation beat, button ending. Give it 1-2 minutes max and a hard out.","Build as a macro: 2-4 button presses in sequence (premise visual, escalation, button ending). Manual fallback for each step.",Rehearse cue timing; keep a cut-away button if the room turns.,"1) SETUP: premise line (SCREEN: premise visual). 2) ESCALATE: 2-3 beats, each a screen change (SCREEN: beat cards/clips) with a laugh break after each. 3) TURN: the surprise beat (SCREEN: switcboard flip). 4) BUTTON ENDING: punchline + button visual (SCREEN: button card) - hold 3s. 5) Hard out, next bit.",3-5 graphics/clips + SFX pack; macro wiring; manual fallback for each beat.
,Mid,Bit,Sketch,G,No,Clone conspiracy where celebrities are being replaced,"Set piece: Clone conspiracy where celebrities are being replaced. Structure: screen sells the premise, escalation beat, button ending. Give it 1-2 minutes max and a hard out.","Build as a macro: 2-4 button presses in sequence (premise visual, escalation, button ending). Manual fallback for each step.",Rehearse cue timing; keep a cut-away button if the room turns.,"1) SETUP: premise line (SCREEN: premise visual). 2) ESCALATE: 2-3 beats, each a screen change (SCREEN: beat cards/clips) with a laugh break after each. 3) TURN: the surprise beat (SCREEN: switcboard flip). 4) BUTTON ENDING: punchline + button visual (SCREEN: button card) - hold 3s. 5) Hard out, next bit.",3-5 graphics/clips + SFX pack; macro wiring; manual fallback for each beat.
,Mid,Bit,SciFi,G,No,"Start telling a joke, but like it's a video right before the punchline go back and start the joke again, talk about how you feel robbed when you're watching a video and it just gets interesting and then all of a sudden go back and start it completely over about how you feel robbed when you're watching a video and just as it gets it","Set piece: Start telling a joke, but like it's a video right before the punchline go back and start the joke again, talk about how you feel robbed when you're watching a video and it just gets interesting and then all of a sudden go back and start it completely over about how you feel robbed when you're watching a video and just as it gets it. Structure: screen sells the premise, escalation beat, button ending. Give it 1-2 minutes max and a hard out.","Build as a macro: 2-4 button presses in sequence (premise visual, escalation, button ending). Manual fallback for each step.",Rehearse cue timing; keep a cut-away button if the room turns.,"1) SETUP: premise line (SCREEN: premise visual). 2) ESCALATE: 2-3 beats, each a screen change (SCREEN: beat cards/clips) with a laugh break after each. 3) TURN: the surprise beat (SCREEN: switcboard flip). 4) BUTTON ENDING: punchline + button visual (SCREEN: button card) - hold 3s. 5) Hard out, next bit.",3-5 graphics/clips + SFX pack; macro wiring; manual fallback for each beat.
,Mid,Bit,Music,G,No,"Song- the robots will wait - jump in front of of a Tesla, rhyme with date, that's weird, later they wait on you, zoom out in prison","Set piece: Song- the robots will wait - jump in front of of a Tesla, rhyme with date, that's weird, later they wait on you, zoom out in prison. Structure: screen sells the premise, escalation beat, button ending. Give it 1-2 minutes max and a hard out.","Fake-call UI overlay (FaceTime/Zoom style): ringtone SFX, answer/decline buttons, pre-recorded caller clips cut as clean answers on their own buttons. + Music cue stack: backing track + on-screen lyrics (bouncing ball where noted); lighting macro per song, out on the final sting.",Rehearse cue timing; keep a cut-away button if the room turns.,"1) SETUP: premise line (SCREEN: premise visual). 2) ESCALATE: 2-3 beats, each a screen change (SCREEN: beat cards/clips) with a laugh break after each. 3) TURN: the surprise beat (SCREEN: switcboard flip). 4) BUTTON ENDING: punchline + button visual (SCREEN: button card) - hold 3s. 5) Hard out, next bit.","Fake-call UI overlay (PSD); ringtone SFX; 3-5 pre-recorded caller clips (15-30s each, cut as clean answers); FaceTime-style UI soundbed. Backing track (custom/licensed); lyric overlay template; bouncing-ball animation; song lighting macro; final sting SFX."
,Mid,Bit,Commercial,PG,No,"God - add more commandments, by categories, just for dudes, gays, Jews…","Set piece: God - add more commandments, by categories, just for dudes, gays, Jews…. Structure: screen sells the premise, escalation beat, button ending. Give it 1-2 minutes max and a hard out.","Build as a macro: 2-4 button presses in sequence (premise visual, escalation, button ending). Manual fallback for each step.","Hitler/antisemitism material: highest walk-out risk in the file; only survives as a clearly condemned punchline - know the room, maybe know the lawyer. Identity material: punch at the absurdity or the power, never at the people; expect walk-outs if it reads mean.","1) SETUP: premise line (SCREEN: premise visual). 2) ESCALATE: 2-3 beats, each a screen change (SCREEN: beat cards/clips) with a laugh break after each. 3) TURN: the surprise beat (SCREEN: switcboard flip). 4) BUTTON ENDING: punchline + button visual (SCREEN: button card) - hold 3s. 5) Hard out, next bit.",Church backdrop plate; choir/organ sting; smart-script review.
,Mid,Bit,Sketch,G,No,You might be a sinner if…,"Developed bit: You might be a sinner if…. Structure: screen sells the premise, escalation beat, button ending. Give it 1-2 minutes max and a hard out.","Build as a macro: 2-4 button presses in sequence (premise visual, escalation, button ending). Manual fallback for each step.",Rehearse cue timing; keep a cut-away button if the room turns.,"1) SETUP: premise line (SCREEN: premise visual). 2) ESCALATE: 2-3 beats, each a screen change (SCREEN: beat cards/clips) with a laugh break after each. 3) TURN: the surprise beat (SCREEN: switcboard flip). 4) BUTTON ENDING: punchline + button visual (SCREEN: button card) - hold 3s. 5) Hard out, next bit.",3-5 graphics/clips + SFX pack; macro wiring; manual fallback for each beat.
,Mid,Bit,Sketch,G,No,Fight attackers - https://www.facebook.com/share/v/1BFQEuMLVn/?mibextid=wwXIfr,"Full bit: Fight attackers - https://www.facebook.com/share/v/1BFQEuMLVn/?mibextid=wwXIfr. Structure: screen sells the premise, escalation beat, button ending. Give it 1-2 minutes max and a hard out.","Action-loop preset: rear screens run the attack/game clip, head shows game HUD; choreograph safe directions, nothing real gets fired.","IP/likeness caution: parody hard, don't clone names/voices/logos verbatim; pre-cleared or self-made assets only.","1) SETUP: premise line (SCREEN: premise visual). 2) ESCALATE: 2-3 beats, each a screen change (SCREEN: beat cards/clips) with a laugh break after each. 3) TURN: the surprise beat (SCREEN: switcboard flip). 4) BUTTON ENDING: punchline + button visual (SCREEN: button card) - hold 3s. 5) Hard out, next bit.",3-5 graphics/clips + SFX pack; macro wiring; manual fallback for each beat.
,Mid,Bit,Sketch,G,No,San hola pdf choir,"Set piece: San hola pdf choir. Structure: screen sells the premise, escalation beat, button ending. Give it 1-2 minutes max and a hard out.","Build as a macro: 2-4 button presses in sequence (premise visual, escalation, button ending). Manual fallback for each step.",Rehearse cue timing; keep a cut-away button if the room turns.,"1) SETUP: premise line (SCREEN: premise visual). 2) ESCALATE: 2-3 beats, each a screen change (SCREEN: beat cards/clips) with a laugh break after each. 3) TURN: the surprise beat (SCREEN: switcboard flip). 4) BUTTON ENDING: punchline + button visual (SCREEN: button card) - hold 3s. 5) Hard out, next bit.",3-5 graphics/clips + SFX pack; macro wiring; manual fallback for each beat.
,Mid,Bit,Commercial,G,No,Do Russian Comrade nonsense,"Set piece: Do Russian Comrade nonsense. Structure: screen sells the premise, escalation beat, button ending. Give it 1-2 minutes max and a hard out.","Build as a macro: 2-4 button presses in sequence (premise visual, escalation, button ending). Manual fallback for each step.",Rehearse cue timing; keep a cut-away button if the room turns.,"1) SETUP: premise line (SCREEN: premise visual). 2) ESCALATE: 2-3 beats, each a screen change (SCREEN: beat cards/clips) with a laugh break after each. 3) TURN: the surprise beat (SCREEN: switcboard flip). 4) BUTTON ENDING: punchline + button visual (SCREEN: button card) - hold 3s. 5) Hard out, next bit.",3-5 graphics/clips + SFX pack; macro wiring; manual fallback for each beat.
,Mid,Bit,Sketch,G,No,Haunted evil clown,"Full bit: Haunted evil clown. Structure: screen sells the premise, escalation beat, button ending. Give it 1-2 minutes max and a hard out.","Build as a macro: 2-4 button presses in sequence (premise visual, escalation, button ending). Manual fallback for each step.",Rehearse cue timing; keep a cut-away button if the room turns.,"1) SETUP: premise line (SCREEN: premise visual). 2) ESCALATE: 2-3 beats, each a screen change (SCREEN: beat cards/clips) with a laugh break after each. 3) TURN: the surprise beat (SCREEN: switcboard flip). 4) BUTTON ENDING: punchline + button visual (SCREEN: button card) - hold 3s. 5) Hard out, next bit.",3-5 graphics/clips + SFX pack; macro wiring; manual fallback for each beat.
,Mid,Bit,SciFi,G,No,"Jeff Dunham ventriloquist puppets. Do Walther or the other with their hand up Jeff's ass, complain about 30 years locked in a trunk, then have the drunk one do boof him saying in'll put something up his butt","Full bit: Jeff Dunham ventriloquist puppets. Do Walther or the other with their hand up Jeff's ass, complain about 30 years locked in a trunk, then have the drunk one do boof him saying in'll put something up his butt. Structure: screen sells the premise, escalation beat, button ending. Give it 1-2 minutes max and a hard out.","Build as a macro: 2-4 button presses in sequence (premise visual, escalation, button ending). Manual fallback for each step.",Rehearse cue timing; keep a cut-away button if the room turns.,"1) SETUP: premise line (SCREEN: premise visual). 2) ESCALATE: 2-3 beats, each a screen change (SCREEN: beat cards/clips) with a laugh break after each. 3) TURN: the surprise beat (SCREEN: switcboard flip). 4) BUTTON ENDING: punchline + button visual (SCREEN: button card) - hold 3s. 5) Hard out, next bit.",3-5 graphics/clips + SFX pack; macro wiring; manual fallback for each beat.
,Mid,Bit,Music,G,No,"Accidentally butt dial someone embarrassing, then talk about never accidentally tweeting or facebooking, then later accidentally post, then mid auto correct and do it again","Developed bit: Accidentally butt dial someone embarrassing, then talk about never accidentally tweeting or facebooking, then later accidentally post, then mid auto correct and do it again. Structure: screen sells the premise, escalation beat, button ending. Give it 1-2 minutes max and a hard out.","Fake-call UI overlay (FaceTime/Zoom style): ringtone SFX, answer/decline buttons, pre-recorded caller clips cut as clean answers on their own buttons. + Music cue stack: backing track + on-screen lyrics (bouncing ball where noted); lighting macro per song, out on the final sting. + Mugshot/booking preset: height-chart backdrop, grayscale grade, PERP lower-third with room for a custom name.","IP/likeness caution: parody hard, don't clone names/voices/logos verbatim; pre-cleared or self-made assets only.","1) SETUP: premise line (SCREEN: premise visual). 2) ESCALATE: 2-3 beats, each a screen change (SCREEN: beat cards/clips) with a laugh break after each. 3) TURN: the surprise beat (SCREEN: switcboard flip). 4) BUTTON ENDING: punchline + button visual (SCREEN: button card) - hold 3s. 5) Hard out, next bit.","Fake-call UI overlay (PSD); ringtone SFX; 3-5 pre-recorded caller clips (15-30s each, cut as clean answers); FaceTime-style UI soundbed. Backing track (custom/licensed); lyric overlay template; bouncing-ball animation; song lighting macro; final sting SFX. Height-chart backdrop; grayscale LUT; custom-name lower-third; camera-click SFX."
,Mid,Bit,Sketch,PG,No,"opiions are like a-holes, everyone.. opinions are like penises, only men..","Set piece: Opiions are like a-holes, everyone.. opinions are like penises, only men... Structure: screen sells the premise, escalation beat, button ending. Give it 1-2 minutes max and a hard out.","Build as a macro: 2-4 button presses in sequence (premise visual, escalation, button ending). Manual fallback for each step.",Rehearse cue timing; keep a cut-away button if the room turns.,"1) SETUP: premise line (SCREEN: premise visual). 2) ESCALATE: 2-3 beats, each a screen change (SCREEN: beat cards/clips) with a laugh break after each. 3) TURN: the surprise beat (SCREEN: switcboard flip). 4) BUTTON ENDING: punchline + button visual (SCREEN: button card) - hold 3s. 5) Hard out, next bit.",3-5 graphics/clips + SFX pack; macro wiring; manual fallback for each beat.
,Mid,Bit,Sketch,G,No,Tony hits cliff's butthole like that Jim Carrey video I saw,"Full bit: Tony hits cliff's butthole like that Jim Carrey video I saw. Structure: screen sells the premise, escalation beat, button ending. Give it 1-2 minutes max and a hard out.","Build as a macro: 2-4 button presses in sequence (premise visual, escalation, button ending). Manual fallback for each step.",Rehearse cue timing; keep a cut-away button if the room turns.,"1) SETUP: premise line (SCREEN: premise visual). 2) ESCALATE: 2-3 beats, each a screen change (SCREEN: beat cards/clips) with a laugh break after each. 3) TURN: the surprise beat (SCREEN: switcboard flip). 4) BUTTON ENDING: punchline + button visual (SCREEN: button card) - hold 3s. 5) Hard out, next bit.",3-5 graphics/clips + SFX pack; macro wiring; manual fallback for each beat.
,Mid,Bit,Music,G,No,Gay and Stupid - Therapy,"Developed bit: Gay and Stupid - Therapy. Structure: screen sells the premise, escalation beat, button ending. Give it 1-2 minutes max and a hard out.","Music cue stack: backing track + on-screen lyrics (bouncing ball where noted); lighting macro per song, out on the final sting.","Identity material: punch at the absurdity or the power, never at the people; expect walk-outs if it reads mean.","1) SETUP: premise line (SCREEN: premise visual). 2) ESCALATE: 2-3 beats, each a screen change (SCREEN: beat cards/clips) with a laugh break after each. 3) TURN: the surprise beat (SCREEN: switcboard flip). 4) BUTTON ENDING: punchline + button visual (SCREEN: button card) - hold 3s. 5) Hard out, next bit.",3-5 graphics/clips + SFX pack; macro wiring; manual fallback for each beat.
,Mid,Bit,Sketch,G,No,God - you might be a sinner if,"Developed bit: God - you might be a sinner if. Structure: screen sells the premise, escalation beat, button ending. Give it 1-2 minutes max and a hard out.","Build as a macro: 2-4 button presses in sequence (premise visual, escalation, button ending). Manual fallback for each step.","Religious material: land the punchline on the situation, not the faith; expect some walk-outs either direction.","1) SETUP: premise line (SCREEN: premise visual). 2) ESCALATE: 2-3 beats, each a screen change (SCREEN: beat cards/clips) with a laugh break after each. 3) TURN: the surprise beat (SCREEN: switcboard flip). 4) BUTTON ENDING: punchline + button visual (SCREEN: button card) - hold 3s. 5) Hard out, next bit.",Church backdrop plate; choir/organ sting; smart-script review.
,Mid,Bit,Sketch,G,No,Do a Michael J. Fox impression or a Martin from Hill Tony impression where the screen is just real shaky,"Set piece: Michael J. Fox impression or a Martin from Hill Tony impression where the screen is just real shaky. Structure: screen sells the premise, escalation beat, button ending. Give it 1-2 minutes max and a hard out.","Build as a macro: 2-4 button presses in sequence (premise visual, escalation, button ending). Manual fallback for each step.",Rehearse cue timing; keep a cut-away button if the room turns.,"1) SETUP: premise line (SCREEN: premise visual). 2) ESCALATE: 2-3 beats, each a screen change (SCREEN: beat cards/clips) with a laugh break after each. 3) TURN: the surprise beat (SCREEN: switcboard flip). 4) BUTTON ENDING: punchline + button visual (SCREEN: button card) - hold 3s. 5) Hard out, next bit.",3-5 graphics/clips + SFX pack; macro wiring; manual fallback for each beat.
,Mid,Bit,Sketch,G,No,"Hey Photoshop, can you make this picture a little more…","Full bit: Hey Photoshop, can you make this picture a little more…. Structure: screen sells the premise, escalation beat, button ending. Give it 1-2 minutes max and a hard out.","Build as a macro: 2-4 button presses in sequence (premise visual, escalation, button ending). Manual fallback for each step.",Rehearse cue timing; keep a cut-away button if the room turns.,"1) SETUP: premise line (SCREEN: premise visual). 2) ESCALATE: 2-3 beats, each a screen change (SCREEN: beat cards/clips) with a laugh break after each. 3) TURN: the surprise beat (SCREEN: switcboard flip). 4) BUTTON ENDING: punchline + button visual (SCREEN: button card) - hold 3s. 5) Hard out, next bit.",3-5 graphics/clips + SFX pack; macro wiring; manual fallback for each beat.
,Mid,Bit,History,R,No,History of inventions through time. From the wheel to the lightbulb to the automobile to the airplane to the robot. Each step was invented to help get pussy.,"Developed bit: History of inventions through time. From the wheel to the lightbulb to the automobile to the airplane to the robot. Each step was invented to help get pussy.. Structure: screen sells the premise, escalation beat, button ending. Give it 1-2 minutes max and a hard out.","Game-show package: scoreboard overlay, lock-in buzzer SFX, board graphics on rear screens; contestant buttons mirror the app.",Rehearse cue timing; keep a cut-away button if the room turns.,"1) SETUP: premise line (SCREEN: premise visual). 2) ESCALATE: 2-3 beats, each a screen change (SCREEN: beat cards/clips) with a laugh break after each. 3) TURN: the surprise beat (SCREEN: switcboard flip). 4) BUTTON ENDING: punchline + button visual (SCREEN: button card) - hold 3s. 5) Hard out, next bit.",3-5 graphics/clips + SFX pack; macro wiring; manual fallback for each beat.
,Mid,Bit,History,G,No,History of inventions to get your wife to shut up,"Developed bit: History of inventions to get your wife to shut up. Structure: screen sells the premise, escalation beat, button ending. Give it 1-2 minutes max and a hard out.","Build as a macro: 2-4 button presses in sequence (premise visual, escalation, button ending). Manual fallback for each step.",Rehearse cue timing; keep a cut-away button if the room turns.,"1) SETUP: premise line (SCREEN: premise visual). 2) ESCALATE: 2-3 beats, each a screen change (SCREEN: beat cards/clips) with a laugh break after each. 3) TURN: the surprise beat (SCREEN: switcboard flip). 4) BUTTON ENDING: punchline + button visual (SCREEN: button card) - hold 3s. 5) Hard out, next bit.",3-5 graphics/clips + SFX pack; macro wiring; manual fallback for each beat.
,Mid,Bit,Audience,G,No,"Translate - talking to asian or black audience, say something then translate will say it with offensive dialect.. then i make offensive jibbersih noises and it repeats...","Full bit: Translate - talking to asian or black audience, say something then translate will say it with offensive dialect.. then i make offensive jibbersih noises and it repeats.... Structure: screen sells the premise, escalation beat, button ending. Give it 1-2 minutes max and a hard out.","Build as a macro: 2-4 button presses in sequence (premise visual, escalation, button ending). Manual fallback for each step.","Identity material: punch at the absurdity or the power, never at the people; expect walk-outs if it reads mean.","1) SETUP: premise line (SCREEN: premise visual). 2) ESCALATE: 2-3 beats, each a screen change (SCREEN: beat cards/clips) with a laugh break after each. 3) TURN: the surprise beat (SCREEN: switcboard flip). 4) BUTTON ENDING: punchline + button visual (SCREEN: button card) - hold 3s. 5) Hard out, next bit.",3-5 graphics/clips + SFX pack; macro wiring; manual fallback for each beat.
,Mid,Bit,Audience,G,No,Take a poll from the audience and put a fake percentages,"Set piece: Take a poll from the audience and put a fake percentages. Structure: screen sells the premise, escalation beat, button ending. Give it 1-2 minutes max and a hard out.","Build as a macro: 2-4 button presses in sequence (premise visual, escalation, button ending). Manual fallback for each step.",Rehearse cue timing; keep a cut-away button if the room turns.,"1) SETUP: premise line (SCREEN: premise visual). 2) ESCALATE: 2-3 beats, each a screen change (SCREEN: beat cards/clips) with a laugh break after each. 3) TURN: the surprise beat (SCREEN: switcboard flip). 4) BUTTON ENDING: punchline + button visual (SCREEN: button card) - hold 3s. 5) Hard out, next bit.",3-5 graphics/clips + SFX pack; macro wiring; manual fallback for each beat.
,Mid,Bit,Commercial,G,No,Be a bad ass named Joe America,"Full bit: Be a bad ass named Joe America. Structure: screen sells the premise, escalation beat, button ending. Give it 1-2 minutes max and a hard out.","Build as a macro: 2-4 button presses in sequence (premise visual, escalation, button ending). Manual fallback for each step.",Rehearse cue timing; keep a cut-away button if the room turns.,"1) SETUP: premise line (SCREEN: premise visual). 2) ESCALATE: 2-3 beats, each a screen change (SCREEN: beat cards/clips) with a laugh break after each. 3) TURN: the surprise beat (SCREEN: switcboard flip). 4) BUTTON ENDING: punchline + button visual (SCREEN: button card) - hold 3s. 5) Hard out, next bit.",3-5 graphics/clips + SFX pack; macro wiring; manual fallback for each beat.
,Mid,Bit,SciFi,G,No,"Libby AI. Ask a question and get a crazy lefty lie, 1984 style, words redefined","Set piece: Libby AI. Ask a question and get a crazy lefty lie, 1984 style, words redefined. Structure: screen sells the premise, escalation beat, button ending. Give it 1-2 minutes max and a hard out.","Build as a macro: 2-4 button presses in sequence (premise visual, escalation, button ending). Manual fallback for each step.",Rehearse cue timing; keep a cut-away button if the room turns.,"1) SETUP: premise line (SCREEN: premise visual). 2) ESCALATE: 2-3 beats, each a screen change (SCREEN: beat cards/clips) with a laugh break after each. 3) TURN: the surprise beat (SCREEN: switcboard flip). 4) BUTTON ENDING: punchline + button visual (SCREEN: button card) - hold 3s. 5) Hard out, next bit.",3-5 graphics/clips + SFX pack; macro wiring; manual fallback for each beat.
,Mid,Bit,SciFi,G,No,"Do a drone show on the screen of something funny, maybe the show finale recap","Set piece: Drone show on the screen of something funny, maybe the show finale recap. Structure: screen sells the premise, escalation beat, button ending. Give it 1-2 minutes max and a hard out.","Drone POV feed to screens (or fake 'cloaked drone' footage); venue approval + spotter required, never flies over heads.","Safety: venue approval, insurance, spotter; never over the crowd.","1) SETUP: premise line (SCREEN: premise visual). 2) ESCALATE: 2-3 beats, each a screen change (SCREEN: beat cards/clips) with a laugh break after each. 3) TURN: the surprise beat (SCREEN: switcboard flip). 4) BUTTON ENDING: punchline + button visual (SCREEN: button card) - hold 3s. 5) Hard out, next bit.",Drone-cam feed pipeline OR pre-shot 'fake drone' footage; venue approval + spotter.
,Mid,Bit,Sketch,G,No,Manilow style bio,"Developed bit: Manilow style bio. Structure: screen sells the premise, escalation beat, button ending. Give it 1-2 minutes max and a hard out.","Build as a macro: 2-4 button presses in sequence (premise visual, escalation, button ending). Manual fallback for each step.",Rehearse cue timing; keep a cut-away button if the room turns.,"1) SETUP: premise line (SCREEN: premise visual). 2) ESCALATE: 2-3 beats, each a screen change (SCREEN: beat cards/clips) with a laugh break after each. 3) TURN: the surprise beat (SCREEN: switcboard flip). 4) BUTTON ENDING: punchline + button visual (SCREEN: button card) - hold 3s. 5) Hard out, next bit.",3-5 graphics/clips + SFX pack; macro wiring; manual fallback for each beat.
,Mid,Bit,Music,G,No,Is it offensive when you're in your car and they're fat people crossing at the cost walk to say cattle drive. How about moo or oink? How about if you just think it OK? How about if it's a black person can you say…,"Developed bit: Is it offensive when you're in your car and they're fat people crossing at the cost walk to say cattle drive. How about moo or oink? How about if you just think it OK? How about if it's a black person can you say…. Structure: screen sells the premise, escalation beat, button ending. Give it 1-2 minutes max and a hard out.","Music cue stack: backing track + on-screen lyrics (bouncing ball where noted); lighting macro per song, out on the final sting.",Rehearse cue timing; keep a cut-away button if the room turns.,"1) SETUP: premise line (SCREEN: premise visual). 2) ESCALATE: 2-3 beats, each a screen change (SCREEN: beat cards/clips) with a laugh break after each. 3) TURN: the surprise beat (SCREEN: switcboard flip). 4) BUTTON ENDING: punchline + button visual (SCREEN: button card) - hold 3s. 5) Hard out, next bit.",Backing track (custom/licensed); lyric overlay template; bouncing-ball animation; song lighting macro; final sting SFX.
,Mid,Bit,Music,G,No,"Do a signature silly song, but each time that you do it for each show do it in a different genre","Full bit: Signature silly song, but each time that you do it for each show do it in a different genre. Structure: screen sells the premise, escalation beat, button ending. Give it 1-2 minutes max and a hard out.","Music cue stack: backing track + on-screen lyrics (bouncing ball where noted); lighting macro per song, out on the final sting.",Rehearse cue timing; keep a cut-away button if the room turns.,"1) SETUP: premise line (SCREEN: premise visual). 2) ESCALATE: 2-3 beats, each a screen change (SCREEN: beat cards/clips) with a laugh break after each. 3) TURN: the surprise beat (SCREEN: switcboard flip). 4) BUTTON ENDING: punchline + button visual (SCREEN: button card) - hold 3s. 5) Hard out, next bit.",Backing track (custom/licensed); lyric overlay template; bouncing-ball animation; song lighting macro; final sting SFX.
,Mid,Bit,Music,G,No,Sing and buzz with green and red when audience speaks,"Full bit: Sing and buzz with green and red when audience speaks. Structure: screen sells the premise, escalation beat, button ending. Give it 1-2 minutes max and a hard out.","Music cue stack: backing track + on-screen lyrics (bouncing ball where noted); lighting macro per song, out on the final sting.",Rehearse cue timing; keep a cut-away button if the room turns.,"1) SETUP: premise line (SCREEN: premise visual). 2) ESCALATE: 2-3 beats, each a screen change (SCREEN: beat cards/clips) with a laugh break after each. 3) TURN: the surprise beat (SCREEN: switcboard flip). 4) BUTTON ENDING: punchline + button visual (SCREEN: button card) - hold 3s. 5) Hard out, next bit.",Backing track (custom/licensed); lyric overlay template; bouncing-ball animation; song lighting macro; final sting SFX.
,Mid,Bit,Commercial,G,No,"Do a dark ride(everyone get out their blasters...), add 4D by spraying scent, acid, fart noises","Set piece: Dark ride(everyone get out their blasters...), add 4D by spraying scent, acid, fart noises. Structure: screen sells the premise, escalation beat, button ending. Give it 1-2 minutes max and a hard out.","Build as a macro: 2-4 button presses in sequence (premise visual, escalation, button ending). Manual fallback for each step.",Rehearse cue timing; keep a cut-away button if the room turns.,"1) SETUP: premise line (SCREEN: premise visual). 2) ESCALATE: 2-3 beats, each a screen change (SCREEN: beat cards/clips) with a laugh break after each. 3) TURN: the surprise beat (SCREEN: switcboard flip). 4) BUTTON ENDING: punchline + button visual (SCREEN: button card) - hold 3s. 5) Hard out, next bit.",3-5 graphics/clips + SFX pack; macro wiring; manual fallback for each beat.
,Mid,Bit,Music,G,No,Break into a Father of Peace like song,"Full bit: Break into a Father of Peace like song. Structure: screen sells the premise, escalation beat, button ending. Give it 1-2 minutes max and a hard out.","Music cue stack: backing track + on-screen lyrics (bouncing ball where noted); lighting macro per song, out on the final sting.",Rehearse cue timing; keep a cut-away button if the room turns.,"1) SETUP: premise line (SCREEN: premise visual). 2) ESCALATE: 2-3 beats, each a screen change (SCREEN: beat cards/clips) with a laugh break after each. 3) TURN: the surprise beat (SCREEN: switcboard flip). 4) BUTTON ENDING: punchline + button visual (SCREEN: button card) - hold 3s. 5) Hard out, next bit.",Backing track (custom/licensed); lyric overlay template; bouncing-ball animation; song lighting macro; final sting SFX.
,Mid,Bit,Politics,G,No,"Do the degenerate news, like spades Hollywood minute","Developed bit: Do the degenerate news, like spades Hollywood minute. Structure: screen sells the premise, escalation beat, button ending. Give it 1-2 minutes max and a hard out.","Breaking-news package: urgent sting, lower-thirds, ticker on rear screens; head anchors with suit graphic. Abort button restores normal face.",Rehearse cue timing; keep a cut-away button if the room turns.,"1) SETUP: premise line (SCREEN: premise visual). 2) ESCALATE: 2-3 beats, each a screen change (SCREEN: beat cards/clips) with a laugh break after each. 3) TURN: the surprise beat (SCREEN: switcboard flip). 4) BUTTON ENDING: punchline + button visual (SCREEN: button card) - hold 3s. 5) Hard out, next bit.",News sting SFX; lower-third template pack; ticker graphic; anchor-suit face card; ABORT card.
,Mid,Bit,Sketch,G,No,"Break up a bit, into eras, like taylor swift","Developed bit: Break up a bit, into eras, like taylor swift. Structure: screen sells the premise, escalation beat, button ending. Give it 1-2 minutes max and a hard out.","Build as a macro: 2-4 button presses in sequence (premise visual, escalation, button ending). Manual fallback for each step.",Rehearse cue timing; keep a cut-away button if the room turns.,"1) SETUP: premise line (SCREEN: premise visual). 2) ESCALATE: 2-3 beats, each a screen change (SCREEN: beat cards/clips) with a laugh break after each. 3) TURN: the surprise beat (SCREEN: switcboard flip). 4) BUTTON ENDING: punchline + button visual (SCREEN: button card) - hold 3s. 5) Hard out, next bit.",3-5 graphics/clips + SFX pack; macro wiring; manual fallback for each beat.
,Mid,Bit,Tech-Call,G,No,"Hi Jeff Dunham. He replies hi there. Hey I'm talking to you. I know I'm answering. I'm talking to you Jeff Dunham and I watching you and I can see him as your lips aren't moving. And then have Terry Fader and Dshow up and have them name call me but nobody's moving their mouth and I accuse all of them. And then maybe go to the ventriloquist convention same thing. With Darcy, Lynn and the other Paul ventriloquist guy.","Developed bit: Hi Jeff Dunham. He replies hi there. Hey I'm talking to you. I know I'm answering. I'm talking to you Jeff Dunham and I watching you and I can see him as your lips aren't moving. And then have Terry Fader and Dshow up and have them name call me but nobody's moving their mouth and I accuse all of them. And then maybe go to the ventriloquist convention same thing. With Darcy, Lynn and the other Paul ventriloquist guy.. Structure: screen sells the premise, escalation beat, button ending. Give it 1-2 minutes max and a hard out.","Fake-call UI overlay (FaceTime/Zoom style): ringtone SFX, answer/decline buttons, pre-recorded caller clips cut as clean answers on their own buttons.","IP/likeness caution: parody hard, don't clone names/voices/logos verbatim; pre-cleared or self-made assets only.","1) SETUP: premise line (SCREEN: premise visual). 2) ESCALATE: 2-3 beats, each a screen change (SCREEN: beat cards/clips) with a laugh break after each. 3) TURN: the surprise beat (SCREEN: switcboard flip). 4) BUTTON ENDING: punchline + button visual (SCREEN: button card) - hold 3s. 5) Hard out, next bit.","Fake-call UI overlay (PSD); ringtone SFX; 3-5 pre-recorded caller clips (15-30s each, cut as clean answers); FaceTime-style UI soundbed."
,Mid,Bit,SciFi,G,No,"Shoot myself in head, top of head explodes, then mouth moves and says are you serious, then rope comes down for hanging and face turns blue then are you serious again","Full bit: Shoot myself in head, top of head explodes, then mouth moves and says are you serious, then rope comes down for hanging and face turns blue then are you serious again. Structure: screen sells the premise, escalation beat, button ending. Give it 1-2 minutes max and a hard out.","Build as a macro: 2-4 button presses in sequence (premise visual, escalation, button ending). Manual fallback for each step.",Rehearse cue timing; keep a cut-away button if the room turns.,"1) SETUP: premise line (SCREEN: premise visual). 2) ESCALATE: 2-3 beats, each a screen change (SCREEN: beat cards/clips) with a laugh break after each. 3) TURN: the surprise beat (SCREEN: switcboard flip). 4) BUTTON ENDING: punchline + button visual (SCREEN: button card) - hold 3s. 5) Hard out, next bit.",3-5 graphics/clips + SFX pack; macro wiring; manual fallback for each beat.
,Mid,Bit,Music,G,No,"do the moms spaghetti as a question response rap to an audience member where do you work, etc interaction","Full bit: Do the moms spaghetti as a question response rap to an audience member where do you work, etc interaction. Structure: screen sells the premise, escalation beat, button ending. Give it 1-2 minutes max and a hard out.","Audience-cam pass-through to head/rear screens; rehearse crop/freeze on a stand-in, keep latency under ~200ms. + Music cue stack: backing track + on-screen lyrics (bouncing ball where noted); lighting macro per song, out on the final sting.",Rehearse cue timing; keep a cut-away button if the room turns.,"1) SETUP: premise line (SCREEN: premise visual). 2) ESCALATE: 2-3 beats, each a screen change (SCREEN: beat cards/clips) with a laugh break after each. 3) TURN: the surprise beat (SCREEN: switcboard flip). 4) BUTTON ENDING: punchline + button visual (SCREEN: button card) - hold 3s. 5) Hard out, next bit.",Backing track (custom/licensed); lyric overlay template; bouncing-ball animation; song lighting macro; final sting SFX.
,Mid,Bit,Sketch,G,No,remake of bob nelson footlball,"Set piece: Remake of bob nelson footlball. Structure: screen sells the premise, escalation beat, button ending. Give it 1-2 minutes max and a hard out.","Build as a macro: 2-4 button presses in sequence (premise visual, escalation, button ending). Manual fallback for each step.",Rehearse cue timing; keep a cut-away button if the room turns.,"1) SETUP: premise line (SCREEN: premise visual). 2) ESCALATE: 2-3 beats, each a screen change (SCREEN: beat cards/clips) with a laugh break after each. 3) TURN: the surprise beat (SCREEN: switcboard flip). 4) BUTTON ENDING: punchline + button visual (SCREEN: button card) - hold 3s. 5) Hard out, next bit.",3-5 graphics/clips + SFX pack; macro wiring; manual fallback for each beat.
,Mid,Bit,Music,G,No,"Taylor swift the married era, have kelce do something, sing a mean song, so much album content","Full bit: Taylor swift the married era, have kelce do something, sing a mean song, so much album content. Structure: screen sells the premise, escalation beat, button ending. Give it 1-2 minutes max and a hard out.","Music cue stack: backing track + on-screen lyrics (bouncing ball where noted); lighting macro per song, out on the final sting.",Rehearse cue timing; keep a cut-away button if the room turns.,"1) SETUP: premise line (SCREEN: premise visual). 2) ESCALATE: 2-3 beats, each a screen change (SCREEN: beat cards/clips) with a laugh break after each. 3) TURN: the surprise beat (SCREEN: switcboard flip). 4) BUTTON ENDING: punchline + button visual (SCREEN: button card) - hold 3s. 5) Hard out, next bit.",Backing track (custom/licensed); lyric overlay template; bouncing-ball animation; song lighting macro; final sting SFX.
,Mid,Bit,Commercial,G,No,"do a color broadcast about the men drafted to play in the NBA, many are saying she was drafted because of her gigantic dick, masculine energy being tamped down with the new 2027 pink uniforms(black man in pink bikini)","Developed bit: Do a color broadcast about the men drafted to play in the NBA, many are saying she was drafted because of her gigantic dick, masculine energy being tamped down with the new 2027 pink uniforms(black man in pink bikini). Structure: screen sells the premise, escalation beat, button ending. Give it 1-2 minutes max and a hard out.","Game-show package: scoreboard overlay, lock-in buzzer SFX, board graphics on rear screens; contestant buttons mirror the app. + Breaking-news package: urgent sting, lower-thirds, ticker on rear screens; head anchors with suit graphic. Abort button restores normal face.",Rehearse cue timing; keep a cut-away button if the room turns.,"1) SETUP: premise line (SCREEN: premise visual). 2) ESCALATE: 2-3 beats, each a screen change (SCREEN: beat cards/clips) with a laugh break after each. 3) TURN: the surprise beat (SCREEN: switcboard flip). 4) BUTTON ENDING: punchline + button visual (SCREEN: button card) - hold 3s. 5) Hard out, next bit.",3-5 graphics/clips + SFX pack; macro wiring; manual fallback for each beat.
,Mid,Bit,Sketch,G,No,Have a ring notification pop up that says there's motion and then show the video of the funny thing that is happening,"Set piece: Have a ring notification pop up that says there's motion and then show the video of the funny thing that is happening. Structure: screen sells the premise, escalation beat, button ending. Give it 1-2 minutes max and a hard out.","Build as a macro: 2-4 button presses in sequence (premise visual, escalation, button ending). Manual fallback for each step.","IP/likeness caution: parody hard, don't clone names/voices/logos verbatim; pre-cleared or self-made assets only.","1) SETUP: premise line (SCREEN: premise visual). 2) ESCALATE: 2-3 beats, each a screen change (SCREEN: beat cards/clips) with a laugh break after each. 3) TURN: the surprise beat (SCREEN: switcboard flip). 4) BUTTON ENDING: punchline + button visual (SCREEN: button card) - hold 3s. 5) Hard out, next bit.",3-5 graphics/clips + SFX pack; macro wiring; manual fallback for each beat.
,Mid,Bit,SciFi,PG,No,Say something and then cut to the Pat O'Neill line where he says it was me. That was part of the joke where he said someone drew a Nazi tattoo on his Tesla. You can find it and the August 3 Adam Ray kill Tony show.,"Developed bit: Say something and then cut to the Pat O'Neill line where he says it was me. That was part of the joke where he said someone drew a Nazi tattoo on his Tesla. You can find it and the August 3 Adam Ray kill Tony show.. Structure: screen sells the premise, escalation beat, button ending. Give it 1-2 minutes max and a hard out.","Build as a macro: 2-4 button presses in sequence (premise visual, escalation, button ending). Manual fallback for each step.","Hitler/antisemitism material: highest walk-out risk in the file; only survives as a clearly condemned punchline - know the room, maybe know the lawyer.","1) SETUP: premise line (SCREEN: premise visual). 2) ESCALATE: 2-3 beats, each a screen change (SCREEN: beat cards/clips) with a laugh break after each. 3) TURN: the surprise beat (SCREEN: switcboard flip). 4) BUTTON ENDING: punchline + button visual (SCREEN: button card) - hold 3s. 5) Hard out, next bit.",3-5 graphics/clips + SFX pack; macro wiring; manual fallback for each beat.
,Mid,Bit,Politics,G,y,get a popup - somebody dead at 57...  then post a fake crying tiktok. (then do Donald Trump),"Full bit: Get a popup - somebody dead at 57... then post a fake crying tiktok. (then do Donald Trump). Structure: screen sells the premise, escalation beat, button ending. Give it 1-2 minutes max and a hard out.","Character-voice preset: distorted face + edited VO clips on buttons; keep it punchline-forward, never a lecture. + Face-filter stack: each filter on its own app button, cycle order rehearsed; camera-tracked filters need good front-light on the head.","IP/likeness caution: parody hard, don't clone names/voices/logos verbatim; pre-cleared or self-made assets only. Political likeness: punchlines must be bipartisan or self-deprecating; venues book the room they want back.","1) SETUP: premise line (SCREEN: premise visual). 2) ESCALATE: 2-3 beats, each a screen change (SCREEN: beat cards/clips) with a laugh break after each. 3) TURN: the surprise beat (SCREEN: switcboard flip). 4) BUTTON ENDING: punchline + button visual (SCREEN: button card) - hold 3s. 5) Hard out, next bit.",Face-filter pack (list per bit); head-tracking calibration; front-light note. Character-voice preset (face distortion); edited VO clip buttons; punchline-first script.
,Mid,Bit,SciFi,G,No,"show a picture of heidi, as tony ai to make her look hotter - dude, then redban ai - asian, then somebody else ai - show a 6yr old version","Set piece: Show a picture of heidi, as tony ai to make her look hotter - dude, then redban ai - asian, then somebody else ai - show a 6yr old version. Structure: screen sells the premise, escalation beat, button ending. Give it 1-2 minutes max and a hard out.","Build as a macro: 2-4 button presses in sequence (premise visual, escalation, button ending). Manual fallback for each step.",Rehearse cue timing; keep a cut-away button if the room turns.,"1) SETUP: premise line (SCREEN: premise visual). 2) ESCALATE: 2-3 beats, each a screen change (SCREEN: beat cards/clips) with a laugh break after each. 3) TURN: the surprise beat (SCREEN: switcboard flip). 4) BUTTON ENDING: punchline + button visual (SCREEN: button card) - hold 3s. 5) Hard out, next bit.",3-5 graphics/clips + SFX pack; macro wiring; manual fallback for each beat.
,Mid,Bit,Sketch,G,No,Announced that we've won a Guinness comedy world record for something funny,"Set piece: Announced that we've won a Guinness comedy world record for something funny. Structure: screen sells the premise, escalation beat, button ending. Give it 1-2 minutes max and a hard out.","Build as a macro: 2-4 button presses in sequence (premise visual, escalation, button ending). Manual fallback for each step.",Rehearse cue timing; keep a cut-away button if the room turns.,"1) SETUP: premise line (SCREEN: premise visual). 2) ESCALATE: 2-3 beats, each a screen change (SCREEN: beat cards/clips) with a laugh break after each. 3) TURN: the surprise beat (SCREEN: switcboard flip). 4) BUTTON ENDING: punchline + button visual (SCREEN: button card) - hold 3s. 5) Hard out, next bit.",3-5 graphics/clips + SFX pack; macro wiring; manual fallback for each beat.
,Mid,Bit,SciFi,G,No,Be a guru who makes crazy predictions about the future,"Developed bit: Be a guru who makes crazy predictions about the future. Structure: screen sells the premise, escalation beat, button ending. Give it 1-2 minutes max and a hard out.","Build as a macro: 2-4 button presses in sequence (premise visual, escalation, button ending). Manual fallback for each step.",Rehearse cue timing; keep a cut-away button if the room turns.,"1) SETUP: premise line (SCREEN: premise visual). 2) ESCALATE: 2-3 beats, each a screen change (SCREEN: beat cards/clips) with a laugh break after each. 3) TURN: the surprise beat (SCREEN: switcboard flip). 4) BUTTON ENDING: punchline + button visual (SCREEN: button card) - hold 3s. 5) Hard out, next bit.",3-5 graphics/clips + SFX pack; macro wiring; manual fallback for each beat.
,Mid,Bit,Audience,G,No,"After putting up a audience face, then later in anther universe, have that guy be there.. Do a Somebody Fails to Save the Universe ( go to a different universe)","Set piece: After putting up a audience face, then later in anther universe, have that guy be there.. Do a Somebody Fails to Save the Universe ( go to a different universe). Structure: screen sells the premise, escalation beat, button ending. Give it 1-2 minutes max and a hard out.","Build as a macro: 2-4 button presses in sequence (premise visual, escalation, button ending). Manual fallback for each step.",Rehearse cue timing; keep a cut-away button if the room turns.,"1) SETUP: premise line (SCREEN: premise visual). 2) ESCALATE: 2-3 beats, each a screen change (SCREEN: beat cards/clips) with a laugh break after each. 3) TURN: the surprise beat (SCREEN: switcboard flip). 4) BUTTON ENDING: punchline + button visual (SCREEN: button card) - hold 3s. 5) Hard out, next bit.",3-5 graphics/clips + SFX pack; macro wiring; manual fallback for each beat.
,Mid,Bit,SciFi,G,No,"mention Stuart fails, they show up says not fun, transport to the 80, then 40s, then caveman, then wierd place... Barry says 'Not Weally Funny', zip to next. Have the running gag to be please don't throw the something from the time Period at me.","Developed bit: Mention Stuart fails, they show up says not fun, transport to the 80, then 40s, then caveman, then wierd place... Barry says 'Not Weally Funny', zip to next. Have the running gag to be please don't throw the something from the time Period at me.. Structure: screen sells the premise, escalation beat, button ending. Give it 1-2 minutes max and a hard out.","Build as a macro: 2-4 button presses in sequence (premise visual, escalation, button ending). Manual fallback for each step.","Identity material: punch at the absurdity or the power, never at the people; expect walk-outs if it reads mean.","1) SETUP: premise line (SCREEN: premise visual). 2) ESCALATE: 2-3 beats, each a screen change (SCREEN: beat cards/clips) with a laugh break after each. 3) TURN: the surprise beat (SCREEN: switcboard flip). 4) BUTTON ENDING: punchline + button visual (SCREEN: button card) - hold 3s. 5) Hard out, next bit.",3-5 graphics/clips + SFX pack; macro wiring; manual fallback for each beat.
,Mid,Bit,Sketch,G,No,Be the first guy to land on Mars. Have a gorgeous backdrop behind you and an astronaut helmet. And then realized some important things you forgot.,"Set piece: Be the first guy to land on Mars. Have a gorgeous backdrop behind you and an astronaut helmet. And then realized some important things you forgot.. Structure: screen sells the premise, escalation beat, button ending. Give it 1-2 minutes max and a hard out.","Build as a macro: 2-4 button presses in sequence (premise visual, escalation, button ending). Manual fallback for each step.",Rehearse cue timing; keep a cut-away button if the room turns.,"1) SETUP: premise line (SCREEN: premise visual). 2) ESCALATE: 2-3 beats, each a screen change (SCREEN: beat cards/clips) with a laugh break after each. 3) TURN: the surprise beat (SCREEN: switcboard flip). 4) BUTTON ENDING: punchline + button visual (SCREEN: button card) - hold 3s. 5) Hard out, next bit.",3-5 graphics/clips + SFX pack; macro wiring; manual fallback for each beat.
,Mid,Bit,Game,G,No,"Key and peele wnba trans lineup like their east / west game, do some funny one, show ennis freedom, more, finish on Shaw","Set piece: Key and peele wnba trans lineup like their east / west game, do some funny one, show ennis freedom, more, finish on Shaw. Structure: screen sells the premise, escalation beat, button ending. Give it 1-2 minutes max and a hard out.","Game-show package: scoreboard overlay, lock-in buzzer SFX, board graphics on rear screens; contestant buttons mirror the app.","Identity material: punch at the absurdity or the power, never at the people; expect walk-outs if it reads mean.","1) SETUP: premise line (SCREEN: premise visual). 2) ESCALATE: 2-3 beats, each a screen change (SCREEN: beat cards/clips) with a laugh break after each. 3) TURN: the surprise beat (SCREEN: switcboard flip). 4) BUTTON ENDING: punchline + button visual (SCREEN: button card) - hold 3s. 5) Hard out, next bit.",3-5 graphics/clips + SFX pack; macro wiring; manual fallback for each beat.
,Mid,Bit,SciFi,G,No,"Rage bait with meter and explosion, do friend about keys, then boss, then have wife rage bait me","Set piece: Rage bait with meter and explosion, do friend about keys, then boss, then have wife rage bait me. Structure: screen sells the premise, escalation beat, button ending. Give it 1-2 minutes max and a hard out.",Pyro-SFX cue: screens flash + concussive SFX while the performer sells the blast; no real pyro needed.,Rehearse cue timing; keep a cut-away button if the room turns.,"1) SETUP: premise line (SCREEN: premise visual). 2) ESCALATE: 2-3 beats, each a screen change (SCREEN: beat cards/clips) with a laugh break after each. 3) TURN: the surprise beat (SCREEN: switcboard flip). 4) BUTTON ENDING: punchline + button visual (SCREEN: button card) - hold 3s. 5) Hard out, next bit.",Flash-frame clip; concussive SFX; screens white-flash macro (no real pyro).
,Mid,Bit,Tech-Call,G,No,Ask someone in the audience what they do and then start getting ads for that and text messages and spam calls,"Developed bit: Ask someone in the audience what they do and then start getting ads for that and text messages and spam calls. Structure: screen sells the premise, escalation beat, button ending. Give it 1-2 minutes max and a hard out.","Build as a macro: 2-4 button presses in sequence (premise visual, escalation, button ending). Manual fallback for each step.",Rehearse cue timing; keep a cut-away button if the room turns.,"1) SETUP: premise line (SCREEN: premise visual). 2) ESCALATE: 2-3 beats, each a screen change (SCREEN: beat cards/clips) with a laugh break after each. 3) TURN: the surprise beat (SCREEN: switcboard flip). 4) BUTTON ENDING: punchline + button visual (SCREEN: button card) - hold 3s. 5) Hard out, next bit.",3-5 graphics/clips + SFX pack; macro wiring; manual fallback for each beat.
,Mid,Bit,Sketch,G,No,Saw a van for mobile grooming. Now they come to your house. Why is it parked next to the food trucks at the school.,"Developed bit: Saw a van for mobile grooming. Now they come to your house. Why is it parked next to the food trucks at the school.. Structure: screen sells the premise, escalation beat, button ending. Give it 1-2 minutes max and a hard out.","Build as a macro: 2-4 button presses in sequence (premise visual, escalation, button ending). Manual fallback for each step.",Rehearse cue timing; keep a cut-away button if the room turns.,"1) SETUP: premise line (SCREEN: premise visual). 2) ESCALATE: 2-3 beats, each a screen change (SCREEN: beat cards/clips) with a laugh break after each. 3) TURN: the surprise beat (SCREEN: switcboard flip). 4) BUTTON ENDING: punchline + button visual (SCREEN: button card) - hold 3s. 5) Hard out, next bit.",3-5 graphics/clips + SFX pack; macro wiring; manual fallback for each beat.
,Mid,Bit,Sketch,G,No,"Challenge Redban to a sound effect off, like the Mexican standoff, or like Hans defended his regularship. Show buttons, highlight them, then do the falling black guy oooohhh, then nuke bonb, then grand finale","Full bit: Challenge Redban to a sound effect off, like the Mexican standoff, or like Hans defended his regularship. Show buttons, highlight them, then do the falling black guy oooohhh, then nuke bonb, then grand finale. Structure: screen sells the premise, escalation beat, button ending. Give it 1-2 minutes max and a hard out.","Build as a macro: 2-4 button presses in sequence (premise visual, escalation, button ending). Manual fallback for each step.","Race material: high walk-out risk; target the flawed logic, not people; test in friendly rooms before headlining venues.","1) SETUP: premise line (SCREEN: premise visual). 2) ESCALATE: 2-3 beats, each a screen change (SCREEN: beat cards/clips) with a laugh break after each. 3) TURN: the surprise beat (SCREEN: switcboard flip). 4) BUTTON ENDING: punchline + button visual (SCREEN: button card) - hold 3s. 5) Hard out, next bit.",3-5 graphics/clips + SFX pack; macro wiring; manual fallback for each beat.
,Mid,Bit,Commercial,G,No,Do stupid little fake ads for dumb products like Colin from SNL where he does brown paper bag,"Set piece: Do stupid little fake ads for dumb products like Colin from SNL where he does brown paper bag. Structure: screen sells the premise, escalation beat, button ending. Give it 1-2 minutes max and a hard out.","Build as a macro: 2-4 button presses in sequence (premise visual, escalation, button ending). Manual fallback for each step.",Rehearse cue timing; keep a cut-away button if the room turns.,"1) SETUP: premise line (SCREEN: premise visual). 2) ESCALATE: 2-3 beats, each a screen change (SCREEN: beat cards/clips) with a laugh break after each. 3) TURN: the surprise beat (SCREEN: switcboard flip). 4) BUTTON ENDING: punchline + button visual (SCREEN: button card) - hold 3s. 5) Hard out, next bit.",3-5 graphics/clips + SFX pack; macro wiring; manual fallback for each beat.
,Mid,Bit,Sketch,G,No,"If your wife gives birth to a black baby, you know she was cheating with a black dude. But what if your baby turns out to be a midget?, Why was she sleeping with a nine-year-old","Set piece: If your wife gives birth to a black baby, you know she was cheating with a black dude. But what if your baby turns out to be a midget?, Why was she sleeping with a nine-year-old. Structure: screen sells the premise, escalation beat, button ending. Give it 1-2 minutes max and a hard out.","Build as a macro: 2-4 button presses in sequence (premise visual, escalation, button ending). Manual fallback for each step.",Rehearse cue timing; keep a cut-away button if the room turns.,"1) SETUP: premise line (SCREEN: premise visual). 2) ESCALATE: 2-3 beats, each a screen change (SCREEN: beat cards/clips) with a laugh break after each. 3) TURN: the surprise beat (SCREEN: switcboard flip). 4) BUTTON ENDING: punchline + button visual (SCREEN: button card) - hold 3s. 5) Hard out, next bit.",3-5 graphics/clips + SFX pack; macro wiring; manual fallback for each beat.
,Mid,Bit,Sketch,G,No,Somebodys life flashes before their eyes...,"Full bit: Somebodys life flashes before their eyes.... Structure: screen sells the premise, escalation beat, button ending. Give it 1-2 minutes max and a hard out.","Build as a macro: 2-4 button presses in sequence (premise visual, escalation, button ending). Manual fallback for each step.",Rehearse cue timing; keep a cut-away button if the room turns.,"1) SETUP: premise line (SCREEN: premise visual). 2) ESCALATE: 2-3 beats, each a screen change (SCREEN: beat cards/clips) with a laugh break after each. 3) TURN: the surprise beat (SCREEN: switcboard flip). 4) BUTTON ENDING: punchline + button visual (SCREEN: button card) - hold 3s. 5) Hard out, next bit.",3-5 graphics/clips + SFX pack; macro wiring; manual fallback for each beat.
,Easy,Heckler,Audience,G,No,"Post something a Heckler says to me, or something like what does anybody think about an electrician, after finding out that is an audience member's profession or something  And then read the comments.","Heckler response: Post something a Heckler says to me, or something like what does anybody think about an electrician, after finding out that is an audience member's profession or something And then read the comments.. One button, one beat, back to material. The screen sells it; don't get dragged into a duel.","Audience-cam pass-through to head/rear screens; rehearse crop/freeze on a stand-in, keep latency under ~200ms. + Burn preset: thug-life sticker/grade + 'ohhh' sting SFX on one button; fire once, then back to material.","Target selection matters: friendly repeat offenders only, never protected-class material.","1) Heckler fires (SCREEN: neutral). 2) One-line acknowledgment. 3) BUTTON: preset fires (SCREEN: response visual + SFX) (LAUGH BREAK). 4) Auto/manual reset, immediately back to material - no duel.",Thug-life sticker pack; 'ohhh' sting SFX; auto-reset burn preset.
